#include "fs.h"
#include "lwip/def.h"


#define file_NULL (struct fsdata_file *) NULL


#ifndef FS_FILE_FLAGS_HEADER_INCLUDED
#define FS_FILE_FLAGS_HEADER_INCLUDED 1
#endif
#ifndef FS_FILE_FLAGS_HEADER_PERSISTENT
#define FS_FILE_FLAGS_HEADER_PERSISTENT 0
#endif
/* FSDATA_FILE_ALIGNMENT: 0=off, 1=by variable, 2=by include */
#ifndef FSDATA_FILE_ALIGNMENT
#define FSDATA_FILE_ALIGNMENT 0
#endif
#ifndef FSDATA_ALIGN_PRE
#define FSDATA_ALIGN_PRE
#endif
#ifndef FSDATA_ALIGN_POST
#define FSDATA_ALIGN_POST
#endif
#if FSDATA_FILE_ALIGNMENT==2
#include "fsdata_alignment.h"
#endif
#if FSDATA_FILE_ALIGNMENT==1
static const unsigned int dummy_align__404_html = 0;
#endif
static const unsigned char FSDATA_ALIGN_PRE data__404_html[] FSDATA_ALIGN_POST = {
/* /404.html (10 chars) */
0x2f,0x34,0x30,0x34,0x2e,0x68,0x74,0x6d,0x6c,0x00,0x00,0x00,

/* HTTP header */
/* "HTTP/1.0 404 File not found
" (29 bytes) */
0x48,0x54,0x54,0x50,0x2f,0x31,0x2e,0x30,0x20,0x34,0x30,0x34,0x20,0x46,0x69,0x6c,
0x65,0x20,0x6e,0x6f,0x74,0x20,0x66,0x6f,0x75,0x6e,0x64,0x0d,0x0a,
/* "Server: lwIP/2.2.1d (http://savannah.nongnu.org/projects/lwip)
" (64 bytes) */
0x53,0x65,0x72,0x76,0x65,0x72,0x3a,0x20,0x6c,0x77,0x49,0x50,0x2f,0x32,0x2e,0x32,
0x2e,0x31,0x64,0x20,0x28,0x68,0x74,0x74,0x70,0x3a,0x2f,0x2f,0x73,0x61,0x76,0x61,
0x6e,0x6e,0x61,0x68,0x2e,0x6e,0x6f,0x6e,0x67,0x6e,0x75,0x2e,0x6f,0x72,0x67,0x2f,
0x70,0x72,0x6f,0x6a,0x65,0x63,0x74,0x73,0x2f,0x6c,0x77,0x69,0x70,0x29,0x0d,0x0a,

/* "Content-Length: 544
" (18+ bytes) */
0x43,0x6f,0x6e,0x74,0x65,0x6e,0x74,0x2d,0x4c,0x65,0x6e,0x67,0x74,0x68,0x3a,0x20,
0x35,0x34,0x34,0x0d,0x0a,
/* "Content-Type: text/html

" (27 bytes) */
0x43,0x6f,0x6e,0x74,0x65,0x6e,0x74,0x2d,0x54,0x79,0x70,0x65,0x3a,0x20,0x74,0x65,
0x78,0x74,0x2f,0x68,0x74,0x6d,0x6c,0x0d,0x0a,0x0d,0x0a,
/* raw file data (544 bytes) */
0x3c,0x68,0x74,0x6d,0x6c,0x3e,0x0a,0x3c,0x68,0x65,0x61,0x64,0x3e,0x3c,0x74,0x69,
0x74,0x6c,0x65,0x3e,0x6c,0x77,0x49,0x50,0x20,0x2d,0x20,0x41,0x20,0x4c,0x69,0x67,
0x68,0x74,0x77,0x65,0x69,0x67,0x68,0x74,0x20,0x54,0x43,0x50,0x2f,0x49,0x50,0x20,
0x53,0x74,0x61,0x63,0x6b,0x3c,0x2f,0x74,0x69,0x74,0x6c,0x65,0x3e,0x3c,0x2f,0x68,
0x65,0x61,0x64,0x3e,0x0a,0x3c,0x62,0x6f,0x64,0x79,0x20,0x62,0x67,0x63,0x6f,0x6c,
0x6f,0x72,0x3d,0x22,0x77,0x68,0x69,0x74,0x65,0x22,0x20,0x74,0x65,0x78,0x74,0x3d,
0x22,0x62,0x6c,0x61,0x63,0x6b,0x22,0x3e,0x0a,0x0a,0x20,0x20,0x20,0x20,0x3c,0x74,
0x61,0x62,0x6c,0x65,0x20,0x77,0x69,0x64,0x74,0x68,0x3d,0x22,0x31,0x30,0x30,0x25,
0x22,0x3e,0x0a,0x20,0x20,0x20,0x20,0x20,0x20,0x3c,0x74,0x72,0x20,0x76,0x61,0x6c,
0x69,0x67,0x6e,0x3d,0x22,0x74,0x6f,0x70,0x22,0x3e,0x3c,0x74,0x64,0x20,0x77,0x69,
0x64,0x74,0x68,0x3d,0x22,0x38,0x30,0x22,0x3e,0x09,0x20,0x20,0x0a,0x09,0x20,0x20,
0x3c,0x61,0x20,0x68,0x72,0x65,0x66,0x3d,0x22,0x68,0x74,0x74,0x70,0x3a,0x2f,0x2f,
0x77,0x77,0x77,0x2e,0x73,0x69,0x63,0x73,0x2e,0x73,0x65,0x2f,0x22,0x3e,0x3c,0x69,
0x6d,0x67,0x20,0x73,0x72,0x63,0x3d,0x22,0x2f,0x69,0x6d,0x67,0x2f,0x73,0x69,0x63,
0x73,0x2e,0x67,0x69,0x66,0x22,0x0a,0x09,0x20,0x20,0x62,0x6f,0x72,0x64,0x65,0x72,
0x3d,0x22,0x30,0x22,0x20,0x61,0x6c,0x74,0x3d,0x22,0x53,0x49,0x43,0x53,0x20,0x6c,
0x6f,0x67,0x6f,0x22,0x20,0x74,0x69,0x74,0x6c,0x65,0x3d,0x22,0x53,0x49,0x43,0x53,
0x20,0x6c,0x6f,0x67,0x6f,0x22,0x3e,0x3c,0x2f,0x61,0x3e,0x0a,0x09,0x3c,0x2f,0x74,
0x64,0x3e,0x3c,0x74,0x64,0x20,0x77,0x69,0x64,0x74,0x68,0x3d,0x22,0x35,0x30,0x30,
0x22,0x3e,0x09,0x20,0x20,0x0a,0x09,0x20,0x20,0x3c,0x68,0x31,0x3e,0x6c,0x77,0x49,
0x50,0x20,0x2d,0x20,0x41,0x20,0x4c,0x69,0x67,0x68,0x74,0x77,0x65,0x69,0x67,0x68,
0x74,0x20,0x54,0x43,0x50,0x2f,0x49,0x50,0x20,0x53,0x74,0x61,0x63,0x6b,0x3c,0x2f,
0x68,0x31,0x3e,0x0a,0x09,0x20,0x20,0x3c,0x68,0x32,0x3e,0x34,0x30,0x34,0x20,0x2d,
0x20,0x50,0x61,0x67,0x65,0x20,0x6e,0x6f,0x74,0x20,0x66,0x6f,0x75,0x6e,0x64,0x3c,
0x2f,0x68,0x32,0x3e,0x0a,0x09,0x20,0x20,0x3c,0x70,0x3e,0x0a,0x09,0x20,0x20,0x20,
0x20,0x53,0x6f,0x72,0x72,0x79,0x2c,0x20,0x74,0x68,0x65,0x20,0x70,0x61,0x67,0x65,
0x20,0x79,0x6f,0x75,0x20,0x61,0x72,0x65,0x20,0x72,0x65,0x71,0x75,0x65,0x73,0x74,
0x69,0x6e,0x67,0x20,0x77,0x61,0x73,0x20,0x6e,0x6f,0x74,0x20,0x66,0x6f,0x75,0x6e,
0x64,0x20,0x6f,0x6e,0x20,0x74,0x68,0x69,0x73,0x0a,0x09,0x20,0x20,0x20,0x20,0x73,
0x65,0x72,0x76,0x65,0x72,0x2e,0x20,0x0a,0x09,0x20,0x20,0x3c,0x2f,0x70,0x3e,0x0a,
0x09,0x3c,0x2f,0x74,0x64,0x3e,0x3c,0x74,0x64,0x3e,0x0a,0x09,0x20,0x20,0x26,0x6e,
0x62,0x73,0x70,0x3b,0x0a,0x09,0x3c,0x2f,0x74,0x64,0x3e,0x3c,0x2f,0x74,0x72,0x3e,
0x0a,0x20,0x20,0x20,0x20,0x20,0x20,0x3c,0x2f,0x74,0x61,0x62,0x6c,0x65,0x3e,0x0a,
0x3c,0x2f,0x62,0x6f,0x64,0x79,0x3e,0x0a,0x3c,0x2f,0x68,0x74,0x6d,0x6c,0x3e,0x0a,
};

#if FSDATA_FILE_ALIGNMENT==1
static const unsigned int dummy_align__favicon_ico = 1;
#endif
static const unsigned char FSDATA_ALIGN_PRE data__favicon_ico[] FSDATA_ALIGN_POST = {
/* /favicon.ico (13 chars) */
0x2f,0x66,0x61,0x76,0x69,0x63,0x6f,0x6e,0x2e,0x69,0x63,0x6f,0x00,0x00,0x00,0x00,

/* HTTP header */
/* "HTTP/1.0 200 OK
" (17 bytes) */
0x48,0x54,0x54,0x50,0x2f,0x31,0x2e,0x30,0x20,0x32,0x30,0x30,0x20,0x4f,0x4b,0x0d,
0x0a,
/* "Server: lwIP/2.2.1d (http://savannah.nongnu.org/projects/lwip)
" (64 bytes) */
0x53,0x65,0x72,0x76,0x65,0x72,0x3a,0x20,0x6c,0x77,0x49,0x50,0x2f,0x32,0x2e,0x32,
0x2e,0x31,0x64,0x20,0x28,0x68,0x74,0x74,0x70,0x3a,0x2f,0x2f,0x73,0x61,0x76,0x61,
0x6e,0x6e,0x61,0x68,0x2e,0x6e,0x6f,0x6e,0x67,0x6e,0x75,0x2e,0x6f,0x72,0x67,0x2f,
0x70,0x72,0x6f,0x6a,0x65,0x63,0x74,0x73,0x2f,0x6c,0x77,0x69,0x70,0x29,0x0d,0x0a,

/* "Content-Length: 15406
" (18+ bytes) */
0x43,0x6f,0x6e,0x74,0x65,0x6e,0x74,0x2d,0x4c,0x65,0x6e,0x67,0x74,0x68,0x3a,0x20,
0x31,0x35,0x34,0x30,0x36,0x0d,0x0a,
/* "Content-Type: image/x-icon

" (30 bytes) */
0x43,0x6f,0x6e,0x74,0x65,0x6e,0x74,0x2d,0x54,0x79,0x70,0x65,0x3a,0x20,0x69,0x6d,
0x61,0x67,0x65,0x2f,0x78,0x2d,0x69,0x63,0x6f,0x6e,0x0d,0x0a,0x0d,0x0a,
/* raw file data (15406 bytes) */
0x00,0x00,0x01,0x00,0x03,0x00,0x10,0x10,0x00,0x00,0x01,0x00,0x20,0x00,0x68,0x04,
0x00,0x00,0x36,0x00,0x00,0x00,0x20,0x20,0x00,0x00,0x01,0x00,0x20,0x00,0x28,0x11,
0x00,0x00,0x9e,0x04,0x00,0x00,0x30,0x30,0x00,0x00,0x01,0x00,0x20,0x00,0x68,0x26,
0x00,0x00,0xc6,0x15,0x00,0x00,0x28,0x00,0x00,0x00,0x10,0x00,0x00,0x00,0x20,0x00,
0x00,0x00,0x01,0x00,0x20,0x00,0x00,0x00,0x00,0x00,0x00,0x00,0x00,0x00,0x00,0x00,
0x00,0x00,0x00,0x00,0x00,0x00,0x00,0x00,0x00,0x00,0x00,0x00,0x00,0x00,0x00,0x00,
0x00,0x00,0x00,0x00,0x00,0x00,0x00,0x00,0x00,0x00,0x00,0x00,0x00,0x00,0x00,0x00,
0x00,0x19,0x00,0x11,0x15,0x7b,0x00,0x4d,0x5c,0xc0,0x01,0x65,0x79,0xe4,0x01,0x66,
0x7b,0xe7,0x00,0x53,0x62,0xc8,0x02,0x1a,0x20,0x88,0x00,0x00,0x00,0x26,0x00,0x00,
0x00,0x00,0x00,0x00,0x00,0x00,0x00,0x00,0x00,0x00,0x00,0x00,0x00,0x00,0x00,0x00,
0x00,0x00,0x00,0x00,0x00,0x00,0x00,0x00,0x00,0x01,0x02,0x12,0x14,0x70,0x01,0x74,
0x89,0xf2,0x00,0xab,0xcb,0xfc,0x01,0x71,0x86,0xfd,0x01,0x4d,0x5c,0xfe,0x01,0x4b,
0x59,0xfe,0x00,0x69,0x7d,0xfd,0x01,0xa5,0xc4,0xfc,0x01,0x83,0x9c,0xf8,0x00,0x1d,
0x25,0x8b,0x00,0x00,0x00,0x06,0x00,0x00,0x00,0x00,0x00,0x00,0x00,0x00,0x00,0x00,
0x00,0x00,0x00,0x00,0x00,0x00,0x00,0x21,0x28,0x93,0x00,0xae,0xcf,0xfc,0x00,0xca,
0xf0,0xfd,0x01,0x0b,0x0d,0xfe,0x00,0x00,0x00,0xff,0x00,0x00,0x00,0xff,0x00,0x00,
0x00,0xff,0x00,0x00,0x00,0xff,0x01,0x01,0x01,0xff,0x00,0xb3,0xd6,0xfd,0x00,0xbe,
0xe3,0xfd,0x01,0x32,0x3a,0xb4,0x00,0x00,0x00,0x06,0x00,0x00,0x00,0x00,0x00,0x00,
0x00,0x00,0x00,0x0d,0x0d,0x65,0x00,0xaa,0xc9,0xfc,0x00,0xd6,0xff,0xff,0x00,0xd6,
0xff,0xff,0x01,0x6e,0x83,0xfd,0x00,0x00,0x00,0xff,0x00,0x00,0x00,0xff,0x00,0x00,
0x00,0xff,0x00,0x00,0x00,0xff,0x01,0x4d,0x5c,0xfd,0x00,0xd6,0xff,0xff,0x00,0xd6,
0xff,0xff,0x00,0xbe,0xe3,0xfd,0x00,0x1d,0x25,0x8b,0x00,0x00,0x00,0x00,0x00,0x00,
0x00,0x0d,0x01,0x68,0x7b,0xeb,0x00,0xd6,0xff,0xff,0x00,0xd6,0xff,0xff,0x00,0xd6,
0xff,0xff,0x00,0xcf,0xf6,0xfe,0x01,0x1b,0x20,0xfe,0x00,0x00,0x00,0xff,0x00,0x00,
0x00,0xff,0x00,0x0a,0x0c,0xfe,0x00,0xbf,0xe4,0xfe,0x00,0xd6,0xff,0xff,0x00,0xd6,
0xff,0xff,0x00,0xd6,0xff,0xff,0x01,0x83,0x9c,0xf9,0x00,0x00,0x00,0x26,0x00,0x03,
0x03,0x62,0x01,0xbd,0xe0,0xfe,0x00,0xd6,0xff,0xff,0x00,0xd6,0xff,0xff,0x00,0xd6,
0xff,0xff,0x00,0xd6,0xff,0xff,0x01,0x90,0xaa,0xfd,0x01,0x18,0x1d,0xfe,0x01,0x1f,
0x25,0xfe,0x01,0x6f,0x83,0xfd,0x00,0xd6,0xff,0xff,0x00,0xd6,0xff,0xff,0x00,0xd6,
0xff,0xff,0x00,0xd6,0xff,0xff,0x00,0xd0,0xf8,0xfe,0x02,0x1a,0x20,0x89,0x02,0x33,
0x3e,0xa1,0x00,0xd6,0xff,0xff,0x00,0xd6,0xff,0xff,0x00,0xd6,0xff,0xff,0x00,0xd6,
0xff,0xff,0x00,0xd6,0xff,0xff,0x00,0xd6,0xff,0xfe,0x01,0x8f,0xa9,0xfc,0x01,0x82,
0x9b,0xfd,0x00,0xd2,0xfa,0xfe,0x00,0xd6,0xff,0xff,0x00,0xd6,0xff,0xff,0x00,0xd6,
0xff,0xff,0x00,0xd6,0xff,0xff,0x00,0xd6,0xff,0xff,0x00,0x53,0x62,0xc8,0x00,0x4f,
0x5d,0xbf,0x00,0xcd,0xf4,0xfe,0x00,0xc5,0xeb,0xfe,0x00,0xc5,0xeb,0xfe,0x00,0xc5,
0xeb,0xfe,0x00,0xc6,0xec,0xfe,0x00,0xa3,0xc3,0xfd,0x00,0x00,0x00,0xff,0x00,0x00,
0x00,0xff,0x01,0x83,0x9b,0xfe,0x00,0xc9,0xef,0xfe,0x00,0xc5,0xeb,0xfe,0x00,0xc5,
0xeb,0xfe,0x00,0xc5,0xeb,0xfe,0x00,0xcb,0xf2,0xfe,0x01,0x66,0x7b,0xe6,0x00,0x4d,
0x5a,0xbd,0x00,0x6e,0x83,0xfd,0x00,0x00,0x00,0xff,0x00,0x00,0x00,0xff,0x00,0x00,
0x00,0xff,0x00,0x03,0x04,0xfe,0x00,0xa2,0xc0,0xfb,0x00,0x03,0x03,0xff,0x00,0x00,
0x00,0xff,0x01,0x8f,0xa9,0xfc,0x01,0x18,0x1d,0xfe,0x00,0x00,0x00,0xff,0x00,0x00,
0x00,0xff,0x00,0x00,0x00,0xff,0x01,0x4d,0x5c,0xfe,0x00,0x65,0x79,0xe4,0x02,0x2b,
0x33,0x9a,0x01,0x92,0xad,0xfd,0x00,0x00,0x00,0xff,0x00,0x00,0x00,0xff,0x00,0x00,
0x00,0xff,0x00,0x00,0x00,0xff,0x01,0x4c,0x5b,0xfd,0x00,0xae,0xcf,0xfd,0x00,0xa3,
0xc3,0xfd,0x01,0x6c,0x81,0xfc,0x00,0x00,0x00,0xff,0x00,0x00,0x00,0xff,0x00,0x00,
0x00,0xff,0x00,0x00,0x00,0xff,0x01,0x71,0x86,0xfd,0x00,0x4d,0x5c,0xc0,0x00,0x00,
0x00,0x55,0x00,0xa7,0xc7,0xfc,0x01,0x0d,0x0f,0xfe,0x00,0x00,0x00,0xff,0x00,0x00,
0x00,0xff,0x00,0x00,0x00,0xff,0x01,0x58,0x69,0xfd,0x00,0xd6,0xff,0xff,0x00,0xd6,
0xff,0xff,0x01,0x79,0x90,0xfd,0x00,0x00,0x00,0xff,0x00,0x00,0x00,0xff,0x00,0x00,
0x00,0xff,0x00,0x02,0x02,0xff,0x00,0xab,0xcb,0xfc,0x00,0x11,0x15,0x7b,0x00,0x00,
0x00,0x06,0x01,0x58,0x6a,0xde,0x01,0x75,0x8b,0xfd,0x00,0x00,0x00,0xff,0x00,0x00,
0x00,0xff,0x01,0x0e,0x11,0xfe,0x00,0xc6,0xeb,0xfd,0x00,0xd6,0xff,0xff,0x00,0xd6,
0xff,0xff,0x00,0xd3,0xfa,0xfe,0x01,0x22,0x29,0xfd,0x00,0x00,0x00,0xff,0x00,0x00,
0x00,0xff,0x01,0x55,0x65,0xfd,0x01,0x74,0x8a,0xf2,0x00,0x00,0x00,0x19,0x00,0x00,
0x00,0x00,0x00,0x03,0x03,0x4b,0x00,0x92,0xaf,0xfb,0x01,0x4d,0x5b,0xfd,0x00,0x00,
0x00,0xff,0x01,0x79,0x90,0xfd,0x00,0xd6,0xff,0xff,0x00,0xd6,0xff,0xff,0x00,0xd6,
0xff,0xff,0x00,0xd6,0xff,0xff,0x01,0x9b,0xb8,0xfd,0x00,0x00,0x00,0xff,0x01,0x32,
0x3b,0xfd,0x00,0xa5,0xc3,0xfc,0x02,0x12,0x14,0x70,0x00,0x00,0x00,0x00,0x00,0x00,
0x00,0x00,0x00,0x00,0x00,0x00,0x00,0x13,0x15,0x6e,0x00,0x92,0xae,0xfb,0x01,0x82,
0x9a,0xfc,0x00,0xd3,0xfa,0xfe,0x00,0xd6,0xff,0xff,0x00,0xd6,0xff,0xff,0x00,0xd6,
0xff,0xff,0x00,0xd6,0xff,0xff,0x00,0xd6,0xfe,0xff,0x01,0x83,0x9c,0xfc,0x01,0xa3,
0xc1,0xfb,0x00,0x21,0x28,0x92,0x00,0x00,0x00,0x01,0x00,0x00,0x00,0x00,0x00,0x00,
0x00,0x00,0x00,0x00,0x00,0x00,0x00,0x00,0x00,0x00,0x00,0x03,0x03,0x4b,0x01,0x58,
0x6a,0xde,0x00,0xb1,0xd4,0xfd,0x00,0xd6,0xff,0xfe,0x00,0xd6,0xff,0xff,0x00,0xd6,
0xff,0xff,0x00,0xd6,0xff,0xff,0x00,0xbd,0xe0,0xfe,0x01,0x68,0x7b,0xeb,0x00,0x0d,
0x0d,0x65,0x00,0x00,0x00,0x00,0x00,0x00,0x00,0x00,0x00,0x00,0x00,0x00,0x00,0x00,
0x00,0x00,0x00,0x00,0x00,0x00,0x00,0x00,0x00,0x00,0x00,0x00,0x00,0x00,0x00,0x00,
0x00,0x06,0x00,0x00,0x00,0x55,0x02,0x2b,0x33,0x9a,0x00,0x4d,0x5a,0xbd,0x00,0x4f,
0x5d,0xbf,0x02,0x34,0x3e,0xa1,0x00,0x03,0x03,0x61,0x00,0x00,0x00,0x0d,0x00,0x00,
0x00,0x00,0x00,0x00,0x00,0x00,0x00,0x00,0x00,0x00,0x00,0x00,0x00,0x00,0x00,0x00,
0x00,0x00,0x00,0x00,0x00,0x00,0x00,0x00,0x00,0x00,0x00,0x00,0x00,0x00,0x00,0x00,
0x00,0x00,0x00,0x00,0x00,0x00,0x00,0x00,0x00,0x00,0x00,0x00,0x00,0x00,0x00,0x00,
0x00,0x00,0x00,0x00,0x00,0x00,0x00,0x00,0x00,0x00,0x00,0x00,0x00,0x00,0x00,0x00,
0x00,0x00,0x00,0x00,0x00,0x00,0x00,0x00,0x00,0x00,0x00,0x00,0x00,0x00,0x28,0x00,
0x00,0x00,0x20,0x00,0x00,0x00,0x40,0x00,0x00,0x00,0x01,0x00,0x20,0x00,0x00,0x00,
0x00,0x00,0x00,0x00,0x00,0x00,0x00,0x00,0x00,0x00,0x00,0x00,0x00,0x00,0x00,0x00,
0x00,0x00,0x00,0x00,0x00,0x00,0x00,0x00,0x00,0x00,0x00,0x00,0x00,0x00,0x00,0x00,
0x00,0x00,0x00,0x00,0x00,0x00,0x00,0x00,0x00,0x00,0x00,0x00,0x00,0x00,0x00,0x00,
0x00,0x00,0x00,0x00,0x00,0x00,0x00,0x00,0x00,0x00,0x00,0x00,0x00,0x00,0x00,0x00,
0x00,0x00,0x00,0x00,0x00,0x26,0x00,0x00,0x00,0x6b,0x00,0x00,0x00,0x9e,0x03,0x01,
0x00,0xc2,0x01,0x00,0x00,0xd4,0x01,0x00,0x00,0xd6,0x03,0x00,0x01,0xc9,0x00,0x00,
0x00,0xab,0x00,0x00,0x00,0x7d,0x00,0x00,0x00,0x3c,0x00,0x00,0x00,0x04,0x00,0x00,
0x00,0x00,0x00,0x00,0x00,0x00,0x00,0x00,0x00,0x00,0x00,0x00,0x00,0x00,0x00,0x00,
0x00,0x00,0x00,0x00,0x00,0x00,0x00,0x00,0x00,0x00,0x00,0x00,0x00,0x00,0x00,0x00,
0x00,0x00,0x00,0x00,0x00,0x00,0x00,0x00,0x00,0x00,0x00,0x00,0x00,0x00,0x00,0x00,
0x00,0x00,0x00,0x00,0x00,0x00,0x00,0x00,0x00,0x00,0x00,0x00,0x00,0x00,0x00,0x00,
0x00,0x00,0x00,0x00,0x00,0x00,0x00,0x00,0x00,0x05,0x00,0x00,0x00,0x5f,0x00,0x00,
0x00,0xcb,0x02,0x20,0x27,0xfc,0x01,0x5f,0x70,0xfc,0x00,0x8d,0xa8,0xfc,0x01,0xad,
0xcf,0xfe,0x00,0xbe,0xe3,0xfe,0x00,0xc0,0xe5,0xfe,0x00,0xb4,0xd7,0xfe,0x00,0x98,
0xb5,0xfb,0x01,0x6e,0x85,0xfc,0x03,0x36,0x41,0xfc,0x00,0x03,0x04,0xe5,0x00,0x00,
0x00,0x82,0x00,0x00,0x00,0x15,0x00,0x00,0x00,0x00,0x00,0x00,0x00,0x00,0x00,0x00,
0x00,0x00,0x00,0x00,0x00,0x00,0x00,0x00,0x00,0x00,0x00,0x00,0x00,0x00,0x00,0x00,
0x00,0x00,0x00,0x00,0x00,0x00,0x00,0x00,0x00,0x00,0x00,0x00,0x00,0x00,0x00,0x00,
0x00,0x00,0x00,0x00,0x00,0x00,0x00,0x00,0x00,0x00,0x00,0x00,0x00,0x00,0x00,0x00,
0x00,0x00,0x00,0x00,0x00,0x41,0x01,0x01,0x02,0xd5,0x02,0x44,0x50,0xfc,0x01,0xa6,
0xc7,0xfd,0x00,0xd6,0xfe,0xfd,0x00,0xd6,0xff,0xfe,0x00,0xc6,0xeb,0xfb,0x01,0xa4,
0xc5,0xfd,0x02,0x93,0xaf,0xfe,0x01,0x91,0xad,0xfe,0x01,0x9d,0xbb,0xfd,0x00,0xba,
0xdf,0xfc,0x00,0xd6,0xfd,0xfc,0x00,0xd6,0xfe,0xfe,0x00,0xbe,0xe3,0xfc,0x02,0x64,
0x77,0xfb,0x02,0x0b,0x0e,0xee,0x00,0x00,0x00,0x71,0x00,0x00,0x00,0x03,0x00,0x00,
0x00,0x00,0x00,0x00,0x00,0x00,0x00,0x00,0x00,0x00,0x00,0x00,0x00,0x00,0x00,0x00,
0x00,0x00,0x00,0x00,0x00,0x00,0x00,0x00,0x00,0x00,0x00,0x00,0x00,0x00,0x00,0x00,
0x00,0x00,0x00,0x00,0x00,0x00,0x00,0x00,0x00,0x00,0x00,0x00,0x00,0x03,0x00,0x00,
0x00,0x86,0x03,0x20,0x26,0xfa,0x01,0xa3,0xc0,0xfb,0x00,0xd6,0xfe,0xfd,0x00,0xc1,
0xe6,0xfc,0x01,0x6d,0x82,0xfc,0x03,0x27,0x2e,0xfe,0x00,0x01,0x02,0xff,0x00,0x00,
0x00,0xff,0x00,0x00,0x00,0xff,0x00,0x00,0x00,0xff,0x01,0x00,0x00,0xff,0x00,0x00,
0x00,0xff,0x02,0x15,0x1a,0xfe,0x02,0x55,0x65,0xfc,0x01,0xaa,0xc9,0xfc,0x00,0xd6,
0xfe,0xfd,0x00,0xc0,0xe5,0xfb,0x01,0x43,0x50,0xfb,0x01,0x00,0x00,0xbd,0x00,0x00,
0x00,0x17,0x00,0x00,0x00,0x00,0x00,0x00,0x00,0x00,0x00,0x00,0x00,0x00,0x00,0x00,
0x00,0x00,0x00,0x00,0x00,0x00,0x00,0x00,0x00,0x00,0x00,0x00,0x00,0x00,0x00,0x00,
0x00,0x00,0x00,0x00,0x00,0x00,0x00,0x00,0x00,0x06,0x00,0x00,0x00,0xa8,0x01,0x43,
0x4f,0xfb,0x00,0xca,0xf1,0xfc,0x00,0xd6,0xff,0xff,0x00,0xa6,0xc6,0xfa,0x02,0x08,
0x09,0xfe,0x00,0x00,0x00,0xff,0x00,0x00,0x00,0xff,0x00,0x00,0x00,0xff,0x00,0x00,
0x00,0xff,0x00,0x00,0x00,0xff,0x00,0x00,0x00,0xff,0x00,0x00,0x00,0xff,0x00,0x00,
0x00,0xff,0x00,0x00,0x00,0xff,0x00,0x00,0x00,0xff,0x02,0x01,0x01,0xff,0x02,0x6c,
0x82,0xfc,0x00,0xd6,0xff,0xff,0x00,0xd5,0xfd,0xfe,0x01,0x77,0x8d,0xfb,0x01,0x04,
0x04,0xda,0x00,0x00,0x00,0x21,0x00,0x00,0x00,0x00,0x00,0x00,0x00,0x00,0x00,0x00,
0x00,0x00,0x00,0x00,0x00,0x00,0x00,0x00,0x00,0x00,0x00,0x00,0x00,0x00,0x00,0x00,
0x00,0x00,0x00,0x00,0x00,0x01,0x00,0x00,0x00,0xa2,0x02,0x4d,0x5c,0xfc,0x00,0xd3,
0xfb,0xfc,0x00,0xd6,0xff,0xff,0x00,0xd6,0xff,0xff,0x00,0xd3,0xfb,0xfe,0x03,0x26,
0x2d,0xfd,0x00,0x00,0x00,0xff,0x00,0x00,0x00,0xff,0x00,0x00,0x00,0xff,0x00,0x00,
0x00,0xff,0x00,0x00,0x00,0xff,0x00,0x00,0x00,0xff,0x00,0x00,0x00,0xff,0x00,0x00,
0x00,0xff,0x00,0x00,0x00,0xff,0x00,0x00,0x00,0xff,0x01,0x05,0x05,0xfe,0x00,0xb3,
0xd5,0xfc,0x00,0xd6,0xff,0xff,0x00,0xd6,0xff,0xff,0x00,0xd6,0xff,0xfe,0x01,0x8a,
0xa3,0xfa,0x01,0x04,0x04,0xda,0x00,0x00,0x00,0x17,0x00,0x00,0x00,0x00,0x00,0x00,
0x00,0x00,0x00,0x00,0x00,0x00,0x00,0x00,0x00,0x00,0x00,0x00,0x00,0x00,0x00,0x00,
0x00,0x00,0x00,0x00,0x00,0x73,0x02,0x39,0x44,0xfb,0x00,0xd1,0xf9,0xfc,0x00,0xd6,
0xff,0xff,0x00,0xd6,0xff,0xff,0x00,0xd6,0xff,0xff,0x00,0xd6,0xff,0xff,0x01,0x9e,
0xbd,0xfb,0x01,0x01,0x01,0xff,0x00,0x00,0x00,0xff,0x00,0x00,0x00,0xff,0x00,0x00,
0x00,0xff,0x00,0x00,0x00,0xff,0x00,0x00,0x00,0xff,0x00,0x00,0x00,0xff,0x00,0x00,
0x00,0xff,0x00,0x00,0x00,0xff,0x00,0x00,0x00,0xff,0x02,0x5c,0x6e,0xfc,0x00,0xd7,
0xff,0xfe,0x00,0xd6,0xff,0xff,0x00,0xd6,0xff,0xff,0x00,0xd6,0xff,0xff,0x00,0xd6,
0xff,0xfe,0x02,0x77,0x8e,0xfa,0x01,0x00,0x00,0xbe,0x00,0x00,0x00,0x04,0x00,0x00,
0x00,0x00,0x00,0x00,0x00,0x00,0x00,0x00,0x00,0x00,0x00,0x00,0x00,0x00,0x00,0x00,
0x00,0x2b,0x01,0x14,0x17,0xf5,0x00,0xc4,0xe8,0xfc,0x00,0xd6,0xff,0xff,0x00,0xd6,
0xff,0xff,0x00,0xd6,0xff,0xff,0x00,0xd6,0xff,0xff,0x00,0xd6,0xff,0xff,0x00,0xd6,
0xfe,0xfe,0x02,0x44,0x51,0xfc,0x00,0x00,0x00,0xff,0x00,0x00,0x00,0xff,0x00,0x00,
0x00,0xff,0x00,0x00,0x00,0xff,0x00,0x00,0x00,0xff,0x00,0x00,0x00,0xff,0x00,0x00,
0x00,0xff,0x00,0x00,0x00,0xff,0x02,0x12,0x15,0xfe,0x00,0xc7,0xed,0xfc,0x00,0xd6,
0xff,0xff,0x00,0xd6,0xff,0xff,0x00,0xd6,0xff,0xff,0x00,0xd6,0xff,0xff,0x00,0xd6,
0xff,0xff,0x00,0xd6,0xfe,0xfd,0x01,0x43,0x50,0xfb,0x00,0x00,0x00,0x71,0x00,0x00,
0x00,0x00,0x00,0x00,0x00,0x00,0x00,0x00,0x00,0x00,0x00,0x00,0x00,0x00,0x01,0x00,
0x00,0xb6,0x02,0x89,0xa2,0xfc,0x00,0xd6,0xff,0xff,0x00,0xd6,0xff,0xff,0x00,0xd6,
0xff,0xff,0x00,0xd6,0xff,0xff,0x00,0xd6,0xff,0xff,0x00,0xd6,0xff,0xff,0x00,0xd6,
0xff,0xff,0x00,0xba,0xdb,0xfb,0x02,0x07,0x09,0xfe,0x00,0x00,0x00,0xff,0x00,0x00,
0x00,0xff,0x00,0x00,0x00,0xff,0x00,0x00,0x00,0xff,0x00,0x00,0x00,0xff,0x00,0x00,
0x00,0xff,0x00,0x00,0x00,0xff,0x01,0x7e,0x97,0xfc,0x00,0xd6,0xff,0xff,0x00,0xd6,
0xff,0xff,0x00,0xd6,0xff,0xff,0x00,0xd6,0xff,0xff,0x00,0xd6,0xff,0xff,0x00,0xd6,
0xff,0xff,0x00,0xd6,0xff,0xff,0x00,0xc0,0xe5,0xfb,0x02,0x0b,0x0e,0xee,0x00,0x00,
0x00,0x15,0x00,0x00,0x00,0x00,0x00,0x00,0x00,0x00,0x00,0x00,0x00,0x35,0x02,0x25,
0x2d,0xfc,0x00,0xd5,0xfc,0xfd,0x00,0xd6,0xff,0xff,0x00,0xd6,0xff,0xff,0x00,0xd6,
0xff,0xff,0x00,0xd6,0xff,0xff,0x00,0xd6,0xff,0xff,0x00,0xd6,0xff,0xff,0x00,0xd6,
0xff,0xff,0x00,0xd7,0xff,0xfe,0x01,0x66,0x79,0xfc,0x00,0x00,0x00,0xff,0x00,0x00,
0x00,0xff,0x00,0x00,0x00,0xff,0x00,0x00,0x00,0xff,0x00,0x00,0x00,0xff,0x00,0x00,
0x00,0xff,0x02,0x28,0x2f,0xfd,0x00,0xd3,0xfb,0xfd,0x00,0xd6,0xff,0xff,0x00,0xd6,
0xff,0xff,0x00,0xd6,0xff,0xff,0x00,0xd6,0xff,0xff,0x00,0xd6,0xff,0xff,0x00,0xd6,
0xff,0xff,0x00,0xd6,0xff,0xff,0x00,0xd6,0xff,0xff,0x01,0x64,0x76,0xfb,0x00,0x00,
0x00,0x82,0x00,0x00,0x00,0x00,0x00,0x00,0x00,0x00,0x00,0x00,0x00,0x99,0x02,0x80,
0x97,0xfd,0x00,0xd6,0xff,0xff,0x00,0xd6,0xff,0xff,0x00,0xd6,0xff,0xff,0x00,0xd6,
0xff,0xff,0x00,0xd6,0xff,0xff,0x00,0xd6,0xff,0xff,0x00,0xd6,0xff,0xff,0x00,0xd6,
0xff,0xff,0x00,0xd6,0xff,0xff,0x00,0xcb,0xf2,0xfc,0x03,0x17,0x1b,0xfd,0x00,0x00,
0x00,0xff,0x00,0x00,0x00,0xff,0x00,0x00,0x00,0xff,0x00,0x00,0x00,0xff,0x01,0x01,
0x01,0xfe,0x01,0xa0,0xbd,0xfb,0x00,0xd6,0xff,0xff,0x00,0xd6,0xff,0xff,0x00,0xd6,
0xff,0xff,0x00,0xd6,0xff,0xff,0x00,0xd6,0xff,0xff,0x00,0xd6,0xff,0xff,0x00,0xd6,
0xff,0xff,0x00,0xd6,0xff,0xff,0x00,0xd6,0xff,0xff,0x00,0xbf,0xe3,0xfc,0x00,0x03,
0x04,0xe5,0x00,0x00,0x00,0x04,0x00,0x00,0x00,0x04,0x00,0x03,0x05,0xea,0x01,0xc6,
0xec,0xfc,0x00,0xd6,0xff,0xff,0x00,0xd6,0xff,0xff,0x00,0xd6,0xff,0xff,0x00,0xd6,
0xff,0xff,0x00,0xd6,0xff,0xff,0x00,0xd6,0xff,0xff,0x00,0xd6,0xff,0xff,0x00,0xd6,
0xff,0xff,0x00,0xd6,0xff,0xff,0x00,0xd6,0xfe,0xff,0x01,0x87,0xa1,0xfb,0x02,0x15,
0x1a,0xfe,0x02,0x4d,0x5d,0xfd,0x02,0x55,0x66,0xfe,0x01,0x28,0x30,0xfd,0x03,0x46,
0x53,0xfc,0x00,0xd6,0xfe,0xfe,0x00,0xd6,0xff,0xff,0x00,0xd6,0xff,0xff,0x00,0xd6,
0xff,0xff,0x00,0xd6,0xff,0xff,0x00,0xd6,0xff,0xff,0x00,0xd6,0xff,0xff,0x00,0xd6,
0xff,0xff,0x00,0xd6,0xff,0xff,0x00,0xd6,0xff,0xff,0x00,0xd6,0xfe,0xfe,0x03,0x36,
0x42,0xfd,0x00,0x00,0x00,0x3d,0x00,0x00,0x00,0x2e,0x02,0x2c,0x36,0xfd,0x00,0xd6,
0xff,0xfe,0x00,0xd6,0xff,0xff,0x00,0xd6,0xff,0xff,0x00,0xd6,0xff,0xff,0x00,0xd6,
0xff,0xff,0x00,0xd6,0xff,0xff,0x00,0xd6,0xff,0xff,0x00,0xd6,0xff,0xff,0x00,0xd6,
0xff,0xff,0x00,0xd6,0xff,0xff,0x00,0xd6,0xff,0xff,0x00,0xd5,0xfd,0xfe,0x00,0xd0,
0xf8,0xfb,0x00,0xd6,0xfe,0xfe,0x00,0xd5,0xfe,0xfe,0x00,0xd6,0xfd,0xfd,0x00,0xcf,
0xf6,0xfd,0x00,0xd6,0xff,0xff,0x00,0xd6,0xff,0xff,0x00,0xd6,0xff,0xff,0x00,0xd6,
0xff,0xff,0x00,0xd6,0xff,0xff,0x00,0xd6,0xff,0xff,0x00,0xd6,0xff,0xff,0x00,0xd6,
0xff,0xff,0x00,0xd6,0xff,0xff,0x00,0xd6,0xff,0xff,0x00,0xd6,0xff,0xff,0x01,0x6e,
0x84,0xfc,0x00,0x00,0x00,0x7d,0x00,0x00,0x00,0x5d,0x01,0x57,0x68,0xfd,0x00,0xd6,
0xff,0xff,0x00,0xd6,0xff,0xff,0x00,0xd6,0xff,0xff,0x00,0xd6,0xff,0xff,0x00,0xd6,
0xff,0xff,0x00,0xd6,0xff,0xff,0x00,0xd6,0xff,0xff,0x00,0xd6,0xff,0xff,0x00,0xd6,
0xff,0xff,0x00,0xd6,0xff,0xff,0x00,0xd6,0xff,0xff,0x00,0xd5,0xfe,0xfe,0x01,0x7c,
0x92,0xfb,0x02,0x18,0x1d,0xfd,0x01,0x0d,0x10,0xfd,0x02,0x51,0x61,0xfb,0x00,0xcd,
0xf3,0xfd,0x00,0xd6,0xff,0xff,0x00,0xd6,0xff,0xff,0x00,0xd6,0xff,0xff,0x00,0xd6,
0xff,0xff,0x00,0xd6,0xff,0xff,0x00,0xd6,0xff,0xff,0x00,0xd6,0xff,0xff,0x00,0xd6,
0xff,0xff,0x00,0xd6,0xff,0xff,0x00,0xd6,0xff,0xff,0x00,0xd6,0xff,0xff,0x00,0x98,
0xb5,0xfb,0x00,0x00,0x00,0xab,0x00,0x00,0x00,0x7b,0x01,0x71,0x86,0xfd,0x00,0xd6,
0xff,0xff,0x00,0xd6,0xff,0xff,0x00,0xd6,0xff,0xff,0x00,0xd6,0xff,0xff,0x00,0xd6,
0xff,0xff,0x00,0xd6,0xff,0xff,0x00,0xd6,0xff,0xff,0x00,0xd6,0xff,0xff,0x00,0xd6,
0xff,0xff,0x00,0xd6,0xff,0xff,0x00,0xd6,0xff,0xff,0x01,0x94,0xb0,0xfc,0x01,0x00,
0x00,0xff,0x00,0x00,0x00,0xff,0x00,0x00,0x00,0xff,0x00,0x00,0x00,0xff,0x02,0x51,
0x60,0xfc,0x00,0xd6,0xfe,0xff,0x00,0xd6,0xff,0xff,0x00,0xd6,0xff,0xff,0x00,0xd6,
0xff,0xff,0x00,0xd6,0xff,0xff,0x00,0xd6,0xff,0xff,0x00,0xd6,0xff,0xff,0x00,0xd6,
0xff,0xff,0x00,0xd6,0xff,0xff,0x00,0xd6,0xff,0xff,0x00,0xd6,0xff,0xff,0x00,0xb4,
0xd7,0xfe,0x03,0x00,0x01,0xc8,0x00,0x00,0x00,0x88,0x00,0x7c,0x94,0xfd,0x00,0xd5,
0xfc,0xfd,0x00,0xb4,0xd8,0xfd,0x00,0xb4,0xd8,0xfd,0x00,0xb4,0xd8,0xfd,0x00,0xb4,
0xd8,0xfd,0x00,0xb4,0xd8,0xfd,0x00,0xb4,0xd8,0xfd,0x00,0xb4,0xd8,0xfd,0x00,0xb4,
0xd8,0xfd,0x00,0xb8,0xdc,0xfc,0x00,0xd7,0xfe,0xfd,0x00,0x4d,0x5c,0xfc,0x00,0x00,
0x00,0xff,0x00,0x00,0x00,0xff,0x00,0x00,0x00,0xff,0x00,0x00,0x00,0xff,0x01,0x0d,
0x10,0xfe,0x00,0xd5,0xfe,0xfe,0x00,0xc3,0xe8,0xfd,0x00,0xb4,0xd8,0xfd,0x00,0xb4,
0xd8,0xfd,0x00,0xb4,0xd8,0xfd,0x00,0xb4,0xd8,0xfd,0x00,0xb4,0xd8,0xfd,0x00,0xb4,
0xd8,0xfd,0x00,0xb4,0xd8,0xfd,0x00,0xb4,0xd8,0xfd,0x00,0xcb,0xf1,0xfd,0x00,0xc0,
0xe5,0xfe,0x01,0x00,0x00,0xd6,0x00,0x00,0x00,0x86,0x01,0x7b,0x92,0xfd,0x00,0xd1,
0xf9,0xfc,0x00,0x01,0x02,0xff,0x00,0x00,0x00,0xff,0x00,0x00,0x00,0xff,0x00,0x00,
0x00,0xff,0x00,0x00,0x00,0xff,0x00,0x00,0x00,0xff,0x00,0x00,0x00,0xff,0x00,0x00,
0x00,0xff,0x01,0x0d,0x10,0xfe,0x00,0xd4,0xfd,0xfb,0x00,0x59,0x6b,0xfb,0x00,0x00,
0x00,0xff,0x00,0x00,0x00,0xff,0x00,0x00,0x00,0xff,0x00,0x00,0x00,0xff,0x02,0x19,
0x1d,0xfd,0x00,0xd6,0xfe,0xfe,0x02,0x4d,0x5d,0xfd,0x00,0x00,0x00,0xff,0x00,0x00,
0x00,0xff,0x00,0x00,0x00,0xff,0x00,0x00,0x00,0xff,0x00,0x00,0x00,0xff,0x00,0x00,
0x00,0xff,0x00,0x00,0x00,0xff,0x00,0x00,0x00,0xff,0x02,0x93,0xaf,0xfe,0x00,0xbd,
0xe3,0xfe,0x01,0x01,0x00,0xd3,0x00,0x00,0x00,0x74,0x01,0x6a,0x7e,0xfc,0x00,0xd6,
0xfe,0xfd,0x02,0x11,0x15,0xfe,0x00,0x00,0x00,0xff,0x00,0x00,0x00,0xff,0x00,0x00,
0x00,0xff,0x00,0x00,0x00,0xff,0x00,0x00,0x00,0xff,0x00,0x00,0x00,0xff,0x00,0x00,
0x00,0xff,0x01,0x00,0x00,0xfe,0x01,0xa3,0xc2,0xfb,0x01,0xb3,0xd5,0xfd,0x01,0x0b,
0x0e,0xfe,0x00,0x00,0x00,0xff,0x00,0x00,0x00,0xff,0x01,0x00,0x01,0xfe,0x02,0x7c,
0x92,0xfb,0x00,0xd0,0xf7,0xfb,0x01,0x15,0x1a,0xfe,0x00,0x00,0x00,0xff,0x00,0x00,
0x00,0xff,0x00,0x00,0x00,0xff,0x00,0x00,0x00,0xff,0x00,0x00,0x00,0xff,0x00,0x00,
0x00,0xff,0x00,0x00,0x00,0xff,0x00,0x00,0x00,0xff,0x01,0xa4,0xc5,0xfd,0x00,0xad,
0xcf,0xfe,0x01,0x01,0x00,0xc1,0x00,0x00,0x00,0x50,0x01,0x4c,0x5b,0xfd,0x00,0xd6,
0xff,0xff,0x02,0x33,0x3d,0xfd,0x00,0x00,0x00,0xff,0x00,0x00,0x00,0xff,0x00,0x00,
0x00,0xff,0x00,0x00,0x00,0xff,0x00,0x00,0x00,0xff,0x00,0x00,0x00,0xff,0x00,0x00,
0x00,0xff,0x00,0x00,0x00,0xff,0x02,0x2b,0x34,0xfd,0x00,0xcd,0xf4,0xfd,0x01,0xb4,
0xd6,0xfc,0x01,0x59,0x6a,0xfc,0x00,0x4d,0x5b,0xfc,0x01,0x94,0xb0,0xfc,0x00,0xd6,
0xfd,0xfc,0x02,0x66,0x78,0xfb,0x01,0x00,0x00,0xff,0x00,0x00,0x00,0xff,0x00,0x00,
0x00,0xff,0x00,0x00,0x00,0xff,0x00,0x00,0x00,0xff,0x00,0x00,0x00,0xff,0x00,0x00,
0x00,0xff,0x00,0x00,0x00,0xff,0x00,0x01,0x02,0xff,0x00,0xc6,0xeb,0xfc,0x00,0x8d,
0xa8,0xfc,0x00,0x00,0x00,0x9e,0x00,0x00,0x00,0x1e,0x02,0x1d,0x24,0xfd,0x00,0xd6,
0xfd,0xfd,0x01,0x67,0x7b,0xfc,0x00,0x00,0x00,0xff,0x00,0x00,0x00,0xff,0x00,0x00,
0x00,0xff,0x00,0x00,0x00,0xff,0x00,0x00,0x00,0xff,0x00,0x00,0x00,0xff,0x00,0x00,
0x00,0xff,0x00,0x00,0x00,0xff,0x00,0x00,0x00,0xff,0x03,0x36,0x42,0xfd,0x00,0xd6,
0xfe,0xfd,0x00,0xd6,0xff,0xfe,0x00,0xd6,0xff,0xfe,0x00,0xd6,0xfe,0xfe,0x02,0x78,
0x8e,0xfa,0x01,0x00,0x01,0xff,0x00,0x00,0x00,0xff,0x00,0x00,0x00,0xff,0x00,0x00,
0x00,0xff,0x00,0x00,0x00,0xff,0x00,0x00,0x00,0xff,0x00,0x00,0x00,0xff,0x00,0x00,
0x00,0xff,0x00,0x00,0x00,0xff,0x03,0x26,0x2e,0xfd,0x00,0xd6,0xff,0xfe,0x01,0x5f,
0x71,0xfc,0x00,0x00,0x00,0x6b,0x00,0x00,0x00,0x01,0x01,0x00,0x01,0xd5,0x01,0xb4,
0xd8,0xfc,0x00,0xaf,0xd0,0xfc,0x02,0x01,0x01,0xfe,0x00,0x00,0x00,0xff,0x00,0x00,
0x00,0xff,0x00,0x00,0x00,0xff,0x00,0x00,0x00,0xff,0x00,0x00,0x00,0xff,0x00,0x00,
0x00,0xff,0x00,0x00,0x00,0xff,0x00,0x00,0x00,0xff,0x01,0x72,0x89,0xfc,0x00,0xd6,
0xff,0xfe,0x00,0xd6,0xff,0xff,0x00,0xd6,0xff,0xff,0x00,0xd6,0xff,0xff,0x01,0xb2,
0xd1,0xfb,0x00,0x04,0x05,0xff,0x00,0x00,0x00,0xff,0x00,0x00,0x00,0xff,0x00,0x00,
0x00,0xff,0x00,0x00,0x00,0xff,0x00,0x00,0x00,0xff,0x00,0x00,0x00,0xff,0x00,0x00,
0x00,0xff,0x00,0x00,0x00,0xff,0x01,0x6c,0x82,0xfc,0x00,0xd6,0xfe,0xfd,0x02,0x20,
0x27,0xfc,0x00,0x00,0x00,0x26,0x00,0x00,0x00,0x00,0x00,0x00,0x00,0x7d,0x01,0x64,
0x76,0xfb,0x00,0xd6,0xfe,0xfd,0x01,0x34,0x3e,0xfc,0x00,0x00,0x00,0xff,0x00,0x00,
0x00,0xff,0x00,0x00,0x00,0xff,0x00,0x00,0x00,0xff,0x00,0x00,0x00,0xff,0x00,0x00,
0x00,0xff,0x00,0x00,0x00,0xff,0x02,0x1e,0x24,0xfd,0x00,0xd0,0xf7,0xfd,0x00,0xd6,
0xff,0xff,0x00,0xd6,0xff,0xff,0x00,0xd6,0xff,0xff,0x00,0xd6,0xff,0xff,0x00,0xd6,
0xff,0xff,0x02,0x59,0x6b,0xfb,0x00,0x00,0x00,0xff,0x00,0x00,0x00,0xff,0x00,0x00,
0x00,0xff,0x00,0x00,0x00,0xff,0x00,0x00,0x00,0xff,0x00,0x00,0x00,0xff,0x00,0x00,
0x00,0xff,0x01,0x08,0x09,0xff,0x00,0xc0,0xe6,0xfc,0x01,0xa7,0xc7,0xfd,0x00,0x00,
0x00,0xcb,0x00,0x00,0x00,0x00,0x00,0x00,0x00,0x00,0x00,0x00,0x00,0x1a,0x01,0x10,
0x13,0xf4,0x00,0xc9,0xef,0xfd,0x01,0xa4,0xc3,0xfc,0x00,0x01,0x02,0xff,0x00,0x00,
0x00,0xff,0x00,0x00,0x00,0xff,0x00,0x00,0x00,0xff,0x00,0x00,0x00,0xff,0x00,0x00,
0x00,0xff,0x01,0x00,0x01,0xfe,0x01,0x94,0xaf,0xfb,0x00,0xd6,0xff,0xff,0x00,0xd6,
0xff,0xff,0x00,0xd6,0xff,0xff,0x00,0xd6,0xff,0xff,0x00,0xd6,0xff,0xff,0x00,0xd6,
0xff,0xff,0x00,0xc7,0xeb,0xfd,0x02,0x10,0x13,0xfd,0x00,0x00,0x00,0xff,0x00,0x00,
0x00,0xff,0x00,0x00,0x00,0xff,0x00,0x00,0x00,0xff,0x00,0x00,0x00,0xff,0x00,0x00,
0x00,0xff,0x02,0x64,0x77,0xfc,0x00,0xd7,0xfe,0xfd,0x02,0x44,0x51,0xfc,0x00,0x00,
0x00,0x5f,0x00,0x00,0x00,0x00,0x00,0x00,0x00,0x00,0x00,0x00,0x00,0x00,0x00,0x00,
0x00,0x8d,0x03,0x61,0x73,0xfc,0x00,0xd6,0xfe,0xfd,0x03,0x59,0x6b,0xfb,0x00,0x00,
0x00,0xff,0x00,0x00,0x00,0xff,0x00,0x00,0x00,0xff,0x00,0x00,0x00,0xff,0x00,0x00,
0x00,0xff,0x02,0x3a,0x45,0xfb,0x00,0xd6,0xfe,0xfd,0x00,0xd6,0xff,0xff,0x00,0xd6,
0xff,0xff,0x00,0xd6,0xff,0xff,0x00,0xd6,0xff,0xff,0x00,0xd6,0xff,0xff,0x00,0xd6,
0xff,0xff,0x00,0xd7,0xff,0xfe,0x01,0x7b,0x92,0xfb,0x00,0x00,0x00,0xff,0x00,0x00,
0x00,0xff,0x00,0x00,0x00,0xff,0x00,0x00,0x00,0xff,0x00,0x00,0x00,0xff,0x02,0x21,
0x27,0xfd,0x00,0xcd,0xf4,0xfd,0x01,0xa2,0xbf,0xfc,0x01,0x01,0x02,0xd5,0x00,0x00,
0x00,0x05,0x00,0x00,0x00,0x00,0x00,0x00,0x00,0x00,0x00,0x00,0x00,0x00,0x00,0x00,
0x00,0x0f,0x01,0x03,0x05,0xdf,0x00,0xa4,0xc3,0xfc,0x00,0xd0,0xf8,0xfd,0x03,0x34,
0x3e,0xfc,0x00,0x00,0x00,0xff,0x00,0x00,0x00,0xff,0x00,0x00,0x00,0xff,0x01,0x04,
0x05,0xfe,0x01,0xb2,0xd3,0xfc,0x00,0xd6,0xff,0xff,0x00,0xd6,0xff,0xff,0x00,0xd6,
0xff,0xff,0x00,0xd6,0xff,0xff,0x00,0xd6,0xff,0xff,0x00,0xd6,0xff,0xff,0x00,0xd6,
0xff,0xff,0x00,0xd6,0xff,0xff,0x00,0xd2,0xf9,0xfe,0x02,0x25,0x2c,0xfd,0x00,0x00,
0x00,0xff,0x00,0x00,0x00,0xff,0x00,0x00,0x00,0xff,0x02,0x0f,0x12,0xfd,0x01,0xb2,
0xd5,0xfc,0x00,0xca,0xf0,0xfc,0x03,0x20,0x26,0xfa,0x00,0x00,0x00,0x41,0x00,0x00,
0x00,0x00,0x00,0x00,0x00,0x00,0x00,0x00,0x00,0x00,0x00,0x00,0x00,0x00,0x00,0x00,
0x00,0x00,0x00,0x00,0x00,0x3d,0x02,0x17,0x1c,0xf7,0x00,0xbd,0xe1,0xfb,0x00,0xca,
0xf0,0xfd,0x03,0x34,0x3d,0xfd,0x00,0x00,0x00,0xff,0x00,0x00,0x00,0xff,0x02,0x5a,
0x6c,0xfb,0x00,0xd6,0xff,0xfe,0x00,0xd6,0xff,0xff,0x00,0xd6,0xff,0xff,0x00,0xd6,
0xff,0xff,0x00,0xd6,0xff,0xff,0x00,0xd6,0xff,0xff,0x00,0xd6,0xff,0xff,0x00,0xd6,
0xff,0xff,0x00,0xd6,0xff,0xff,0x00,0xd6,0xff,0xff,0x01,0x9d,0xbb,0xfb,0x01,0x01,
0x01,0xff,0x00,0x00,0x00,0xff,0x02,0x11,0x15,0xfd,0x00,0xaa,0xc9,0xfb,0x00,0xd3,
0xfa,0xfc,0x01,0x43,0x4f,0xfb,0x00,0x00,0x00,0x85,0x00,0x00,0x00,0x00,0x00,0x00,
0x00,0x00,0x00,0x00,0x00,0x00,0x00,0x00,0x00,0x00,0x00,0x00,0x00,0x00,0x00,0x00,
0x00,0x00,0x00,0x00,0x00,0x00,0x00,0x00,0x00,0x5f,0x01,0x21,0x27,0xf9,0x00,0xbd,
0xe2,0xfb,0x00,0xd0,0xf7,0xfd,0x03,0x5a,0x6b,0xfb,0x02,0x11,0x16,0xfc,0x00,0xc7,
0xec,0xfc,0x00,0xd6,0xff,0xff,0x00,0xd6,0xff,0xff,0x00,0xd6,0xff,0xff,0x00,0xd6,
0xff,0xff,0x00,0xd6,0xff,0xff,0x00,0xd6,0xff,0xff,0x00,0xd6,0xff,0xff,0x00,0xd6,
0xff,0xff,0x00,0xd6,0xff,0xff,0x00,0xd6,0xff,0xff,0x00,0xd6,0xfe,0xfe,0x02,0x43,
0x50,0xfc,0x02,0x2f,0x38,0xfc,0x01,0xbb,0xde,0xfc,0x00,0xd2,0xf9,0xfb,0x02,0x4d,
0x5c,0xfc,0x00,0x00,0x00,0xa7,0x00,0x00,0x00,0x03,0x00,0x00,0x00,0x00,0x00,0x00,
0x00,0x00,0x00,0x00,0x00,0x00,0x00,0x00,0x00,0x00,0x00,0x00,0x00,0x00,0x00,0x00,
0x00,0x00,0x00,0x00,0x00,0x00,0x00,0x00,0x00,0x00,0x00,0x00,0x00,0x5f,0x02,0x18,
0x1b,0xf7,0x00,0xa4,0xc3,0xfc,0x00,0xd6,0xfe,0xfe,0x00,0xc5,0xea,0xfb,0x00,0xd6,
0xff,0xff,0x00,0xd6,0xff,0xff,0x00,0xd6,0xff,0xff,0x00,0xd6,0xff,0xff,0x00,0xd6,
0xff,0xff,0x00,0xd6,0xff,0xff,0x00,0xd6,0xff,0xff,0x00,0xd6,0xff,0xff,0x00,0xd6,
0xff,0xff,0x00,0xd6,0xff,0xff,0x00,0xd6,0xff,0xff,0x00,0xd6,0xff,0xff,0x00,0xc7,
0xed,0xfb,0x00,0xd4,0xfb,0xfd,0x00,0xc4,0xe9,0xfc,0x02,0x39,0x44,0xfb,0x00,0x00,
0x00,0xa2,0x00,0x00,0x00,0x05,0x00,0x00,0x00,0x00,0x00,0x00,0x00,0x00,0x00,0x00,
0x00,0x00,0x00,0x00,0x00,0x00,0x00,0x00,0x00,0x00,0x00,0x00,0x00,0x00,0x00,0x00,
0x00,0x00,0x00,0x00,0x00,0x00,0x00,0x00,0x00,0x00,0x00,0x00,0x00,0x00,0x00,0x00,
0x00,0x3e,0x01,0x05,0x05,0xdf,0x03,0x61,0x73,0xfc,0x00,0xc9,0xef,0xfd,0x00,0xd6,
0xff,0xfe,0x00,0xd6,0xff,0xff,0x00,0xd6,0xff,0xff,0x00,0xd6,0xff,0xff,0x00,0xd6,
0xff,0xff,0x00,0xd6,0xff,0xff,0x00,0xd6,0xff,0xff,0x00,0xd6,0xff,0xff,0x00,0xd6,
0xff,0xff,0x00,0xd6,0xff,0xff,0x00,0xd6,0xff,0xff,0x00,0xd6,0xff,0xff,0x00,0xd4,
0xfc,0xfd,0x02,0x8a,0xa3,0xfc,0x01,0x14,0x17,0xf5,0x00,0x00,0x00,0x73,0x00,0x00,
0x00,0x01,0x00,0x00,0x00,0x00,0x00,0x00,0x00,0x00,0x00,0x00,0x00,0x00,0x00,0x00,
0x00,0x00,0x00,0x00,0x00,0x00,0x00,0x00,0x00,0x00,0x00,0x00,0x00,0x00,0x00,0x00,
0x00,0x00,0x00,0x00,0x00,0x00,0x00,0x00,0x00,0x00,0x00,0x00,0x00,0x00,0x00,0x00,
0x00,0x00,0x00,0x00,0x00,0x0f,0x00,0x00,0x00,0x8d,0x01,0x10,0x14,0xf4,0x01,0x64,
0x77,0xfb,0x01,0xb4,0xd8,0xfc,0x00,0xd6,0xfd,0xfd,0x00,0xd6,0xff,0xff,0x00,0xd6,
0xff,0xff,0x00,0xd6,0xff,0xff,0x00,0xd6,0xff,0xff,0x00,0xd6,0xff,0xff,0x00,0xd6,
0xff,0xff,0x00,0xd6,0xff,0xfe,0x01,0xc6,0xeb,0xfd,0x01,0x81,0x98,0xfc,0x02,0x25,
0x2c,0xfc,0x01,0x00,0x00,0xb6,0x00,0x00,0x00,0x2b,0x00,0x00,0x00,0x00,0x00,0x00,
0x00,0x00,0x00,0x00,0x00,0x00,0x00,0x00,0x00,0x00,0x00,0x00,0x00,0x00,0x00,0x00,
0x00,0x00,0x00,0x00,0x00,0x00,0x00,0x00,0x00,0x00,0x00,0x00,0x00,0x00,0x00,0x00,
0x00,0x00,0x00,0x00,0x00,0x00,0x00,0x00,0x00,0x00,0x00,0x00,0x00,0x00,0x00,0x00,
0x00,0x00,0x00,0x00,0x00,0x00,0x00,0x00,0x00,0x00,0x00,0x00,0x00,0x1a,0x00,0x00,
0x00,0x7d,0x01,0x00,0x01,0xd5,0x02,0x1e,0x24,0xfd,0x02,0x4c,0x5b,0xfd,0x01,0x6a,
0x7e,0xfc,0x01,0x7b,0x92,0xfd,0x00,0x7c,0x95,0xfc,0x01,0x72,0x87,0xfd,0x01,0x57,
0x67,0xfd,0x02,0x2e,0x37,0xfc,0x01,0x03,0x05,0xe9,0x00,0x00,0x00,0x9a,0x00,0x00,
0x00,0x35,0x00,0x00,0x00,0x00,0x00,0x00,0x00,0x00,0x00,0x00,0x00,0x00,0x00,0x00,
0x00,0x00,0x00,0x00,0x00,0x00,0x00,0x00,0x00,0x00,0x00,0x00,0x00,0x00,0x00,0x00,
0x00,0x00,0x00,0x00,0x00,0x00,0x00,0x00,0x00,0x00,0x00,0x00,0x00,0x00,0x00,0x00,
0x00,0x00,0x00,0x00,0x00,0x00,0x00,0x00,0x00,0x00,0x00,0x00,0x00,0x00,0x00,0x00,
0x00,0x00,0x00,0x00,0x00,0x00,0x00,0x00,0x00,0x00,0x00,0x00,0x00,0x00,0x00,0x00,
0x00,0x00,0x00,0x00,0x00,0x01,0x00,0x00,0x00,0x1e,0x00,0x00,0x00,0x50,0x00,0x00,
0x00,0x74,0x00,0x00,0x00,0x86,0x00,0x00,0x00,0x88,0x00,0x00,0x00,0x7b,0x00,0x00,
0x00,0x5d,0x00,0x00,0x00,0x2e,0x00,0x00,0x00,0x03,0x00,0x00,0x00,0x00,0x00,0x00,
0x00,0x00,0x00,0x00,0x00,0x00,0x00,0x00,0x00,0x00,0x00,0x00,0x00,0x00,0x00,0x00,
0x00,0x00,0x00,0x00,0x00,0x00,0x00,0x00,0x00,0x00,0x00,0x00,0x00,0x00,0x00,0x00,
0x00,0x00,0x00,0x00,0x00,0x00,0x00,0x00,0x00,0x00,0x00,0x00,0x00,0x00,0x00,0x00,
0x00,0x00,0x00,0x00,0x00,0x00,0x00,0x00,0x00,0x00,0x00,0x00,0x00,0x00,0x00,0x00,
0x00,0x00,0x00,0x00,0x00,0x00,0x00,0x00,0x00,0x00,0x00,0x00,0x00,0x00,0x00,0x00,
0x00,0x00,0x00,0x00,0x00,0x00,0x00,0x00,0x00,0x00,0x00,0x00,0x00,0x00,0x00,0x00,
0x00,0x00,0x00,0x00,0x00,0x00,0x00,0x00,0x00,0x00,0x00,0x00,0x00,0x00,0x00,0x00,
0x00,0x00,0x00,0x00,0x00,0x00,0x00,0x00,0x00,0x00,0x00,0x00,0x00,0x00,0x00,0x00,
0x00,0x00,0x00,0x00,0x00,0x00,0x00,0x00,0x00,0x00,0x00,0x00,0x00,0x00,0x00,0x00,
0x00,0x00,0x00,0x00,0x00,0x00,0x00,0x00,0x00,0x00,0x00,0x00,0x00,0x00,0x00,0x00,
0x00,0x00,0x00,0x00,0x00,0x00,0x00,0x00,0x00,0x00,0x00,0x00,0x00,0x00,0x00,0x00,
0x00,0x00,0x00,0x00,0x00,0x00,0x00,0x00,0x00,0x00,0x00,0x00,0x00,0x00,0x00,0x00,
0x00,0x00,0x00,0x00,0x00,0x00,0x00,0x00,0x00,0x00,0x00,0x00,0x00,0x00,0x00,0x00,
0x00,0x00,0x00,0x00,0x00,0x00,0x00,0x00,0x00,0x00,0x00,0x00,0x00,0x00,0x00,0x00,
0x00,0x00,0x00,0x00,0x00,0x00,0x00,0x00,0x00,0x00,0x00,0x00,0x00,0x00,0x00,0x00,
0x00,0x00,0x00,0x00,0x00,0x00,0x00,0x00,0x00,0x00,0x00,0x00,0x00,0x00,0x00,0x00,
0x00,0x00,0x00,0x00,0x00,0x00,0x00,0x00,0x00,0x00,0x00,0x00,0x00,0x00,0x00,0x00,
0x00,0x00,0x00,0x00,0x00,0x00,0x00,0x00,0x00,0x00,0x00,0x00,0x00,0x00,0x00,0x00,
0x00,0x00,0x00,0x00,0x00,0x00,0x28,0x00,0x00,0x00,0x30,0x00,0x00,0x00,0x60,0x00,
0x00,0x00,0x01,0x00,0x20,0x00,0x00,0x00,0x00,0x00,0x00,0x00,0x00,0x00,0x00,0x00,
0x00,0x00,0x00,0x00,0x00,0x00,0x00,0x00,0x00,0x00,0x00,0x00,0x00,0x00,0x00,0x00,
0x00,0x00,0x00,0x00,0x00,0x00,0x00,0x00,0x00,0x00,0x00,0x00,0x00,0x00,0x00,0x00,
0x00,0x00,0x00,0x00,0x00,0x00,0x00,0x00,0x00,0x00,0x00,0x00,0x00,0x00,0x00,0x00,
0x00,0x00,0x00,0x00,0x00,0x00,0x00,0x00,0x00,0x00,0x00,0x00,0x00,0x00,0x00,0x00,
0x00,0x00,0x00,0x00,0x00,0x00,0x00,0x00,0x00,0x00,0x00,0x00,0x00,0x00,0x00,0x00,
0x00,0x03,0x00,0x00,0x00,0x11,0x00,0x00,0x00,0x22,0x00,0x00,0x00,0x3d,0x00,0x00,
0x00,0x6b,0x02,0x00,0x00,0x92,0x01,0x00,0x00,0xab,0x01,0x00,0x00,0xba,0x00,0x00,
0x00,0xbd,0x00,0x00,0x00,0xb3,0x02,0x00,0x00,0xa0,0x00,0x00,0x00,0x7f,0x00,0x00,
0x00,0x51,0x00,0x00,0x00,0x2c,0x00,0x00,0x00,0x18,0x00,0x00,0x00,0x08,0x00,0x00,
0x00,0x01,0x00,0x00,0x00,0x00,0x00,0x00,0x00,0x00,0x00,0x00,0x00,0x00,0x00,0x00,
0x00,0x00,0x00,0x00,0x00,0x00,0x00,0x00,0x00,0x00,0x00,0x00,0x00,0x00,0x00,0x00,
0x00,0x00,0x00,0x00,0x00,0x00,0x00,0x00,0x00,0x00,0x00,0x00,0x00,0x00,0x00,0x00,
0x00,0x00,0x00,0x00,0x00,0x00,0x00,0x00,0x00,0x00,0x00,0x00,0x00,0x00,0x00,0x00,
0x00,0x00,0x00,0x00,0x00,0x00,0x00,0x00,0x00,0x00,0x00,0x00,0x00,0x00,0x00,0x00,
0x00,0x00,0x00,0x00,0x00,0x00,0x00,0x00,0x00,0x00,0x00,0x00,0x00,0x00,0x00,0x00,
0x00,0x00,0x00,0x00,0x00,0x00,0x00,0x00,0x00,0x00,0x00,0x00,0x00,0x00,0x00,0x00,
0x00,0x00,0x00,0x00,0x00,0x00,0x00,0x00,0x00,0x06,0x00,0x00,0x00,0x3c,0x00,0x00,
0x00,0x7b,0x01,0x00,0x01,0xb1,0x01,0x01,0x01,0xdf,0x01,0x0e,0x12,0xf9,0x00,0x29,
0x31,0xfe,0x02,0x3f,0x4b,0xfe,0x02,0x4c,0x5b,0xfe,0x02,0x54,0x65,0xfe,0x02,0x55,
0x66,0xfe,0x01,0x51,0x61,0xfd,0x03,0x46,0x54,0xfe,0x01,0x33,0x3d,0xfd,0x00,0x1a,
0x20,0xfd,0x01,0x04,0x06,0xf0,0x01,0x00,0x01,0xc7,0x02,0x00,0x00,0x95,0x00,0x00,
0x00,0x5b,0x00,0x00,0x00,0x1b,0x00,0x00,0x00,0x01,0x00,0x00,0x00,0x00,0x00,0x00,
0x00,0x00,0x00,0x00,0x00,0x00,0x00,0x00,0x00,0x00,0x00,0x00,0x00,0x00,0x00,0x00,
0x00,0x00,0x00,0x00,0x00,0x00,0x00,0x00,0x00,0x00,0x00,0x00,0x00,0x00,0x00,0x00,
0x00,0x00,0x00,0x00,0x00,0x00,0x00,0x00,0x00,0x00,0x00,0x00,0x00,0x00,0x00,0x00,
0x00,0x00,0x00,0x00,0x00,0x00,0x00,0x00,0x00,0x00,0x00,0x00,0x00,0x00,0x00,0x00,
0x00,0x00,0x00,0x00,0x00,0x00,0x00,0x00,0x00,0x00,0x00,0x00,0x00,0x00,0x00,0x00,
0x00,0x00,0x00,0x00,0x00,0x00,0x00,0x00,0x00,0x00,0x00,0x00,0x00,0x00,0x00,0x00,
0x00,0x03,0x00,0x00,0x00,0x3e,0x00,0x00,0x00,0xb7,0x01,0x00,0x00,0xe7,0x01,0x0d,
0x10,0xf9,0x03,0x4a,0x58,0xfb,0x01,0x8e,0xaa,0xfb,0x00,0xb4,0xd5,0xfb,0x00,0xbf,
0xe3,0xfc,0x00,0xc8,0xed,0xfd,0x00,0xcb,0xf3,0xff,0x00,0xce,0xf6,0xff,0x00,0xcf,
0xf6,0xff,0x00,0xcd,0xf4,0xff,0x00,0xc9,0xef,0xff,0x00,0xc2,0xe7,0xfc,0x00,0xba,
0xdc,0xfb,0x00,0xa5,0xc4,0xfc,0x02,0x6c,0x82,0xfb,0x02,0x24,0x2c,0xfd,0x01,0x02,
0x02,0xf1,0x01,0x00,0x01,0xd3,0x00,0x00,0x00,0x76,0x00,0x00,0x00,0x0d,0x00,0x00,
0x00,0x00,0x00,0x00,0x00,0x00,0x00,0x00,0x00,0x00,0x00,0x00,0x00,0x00,0x00,0x00,
0x00,0x00,0x00,0x00,0x00,0x00,0x00,0x00,0x00,0x00,0x00,0x00,0x00,0x00,0x00,0x00,
0x00,0x00,0x00,0x00,0x00,0x00,0x00,0x00,0x00,0x00,0x00,0x00,0x00,0x00,0x00,0x00,
0x00,0x00,0x00,0x00,0x00,0x00,0x00,0x00,0x00,0x00,0x00,0x00,0x00,0x00,0x00,0x00,
0x00,0x00,0x00,0x00,0x00,0x00,0x00,0x00,0x00,0x00,0x00,0x00,0x00,0x00,0x00,0x00,
0x00,0x00,0x00,0x00,0x00,0x00,0x00,0x00,0x00,0x04,0x00,0x00,0x00,0x22,0x00,0x00,
0x00,0x99,0x01,0x07,0x09,0xf4,0x02,0x20,0x26,0xfd,0x03,0x6f,0x85,0xfc,0x01,0xc1,
0xe5,0xfb,0x00,0xd6,0xff,0xfc,0x00,0xd6,0xff,0xff,0x00,0xd5,0xfd,0xfe,0x00,0xce,
0xf5,0xfe,0x00,0xc7,0xed,0xfe,0x00,0xc2,0xe7,0xfe,0x01,0xbe,0xe3,0xff,0x01,0xbe,
0xe2,0xff,0x01,0xc1,0xe5,0xfe,0x00,0xc4,0xea,0xfe,0x00,0xcb,0xf1,0xfe,0x00,0xd3,
0xfb,0xfd,0x00,0xd6,0xff,0xfe,0x00,0xd5,0xfe,0xff,0x00,0xd0,0xf7,0xfc,0x01,0x9b,
0xb9,0xfa,0x03,0x3e,0x4a,0xfc,0x02,0x10,0x13,0xfc,0x01,0x01,0x02,0xd6,0x00,0x00,
0x00,0x4e,0x00,0x00,0x00,0x0e,0x00,0x00,0x00,0x00,0x00,0x00,0x00,0x00,0x00,0x00,
0x00,0x00,0x00,0x00,0x00,0x00,0x00,0x00,0x00,0x00,0x00,0x00,0x00,0x00,0x00,0x00,
0x00,0x00,0x00,0x00,0x00,0x00,0x00,0x00,0x00,0x00,0x00,0x00,0x00,0x00,0x00,0x00,
0x00,0x00,0x00,0x00,0x00,0x00,0x00,0x00,0x00,0x00,0x00,0x00,0x00,0x00,0x00,0x00,
0x00,0x00,0x00,0x00,0x00,0x00,0x00,0x00,0x00,0x00,0x00,0x00,0x00,0x00,0x00,0x00,
0x00,0x00,0x00,0x00,0x00,0x0b,0x00,0x00,0x00,0x67,0x01,0x01,0x00,0xd7,0x03,0x23,
0x2a,0xfd,0x02,0x77,0x8c,0xfb,0x01,0xbe,0xe3,0xfc,0x00,0xd6,0xfe,0xfe,0x00,0xd5,
0xfe,0xfe,0x00,0xc7,0xed,0xfc,0x02,0x9c,0xb9,0xfe,0x01,0x73,0x8a,0xfc,0x00,0x53,
0x63,0xfc,0x01,0x3c,0x49,0xfd,0x01,0x2d,0x36,0xfd,0x02,0x26,0x2e,0xfe,0x01,0x24,
0x2c,0xfe,0x02,0x29,0x32,0xfe,0x02,0x35,0x41,0xfd,0x00,0x49,0x57,0xfc,0x01,0x64,
0x77,0xfb,0x02,0x89,0xa3,0xfc,0x01,0xb3,0xd6,0xfd,0x00,0xd2,0xfa,0xfb,0x00,0xd6,
0xfe,0xff,0x00,0xcf,0xf7,0xfc,0x01,0x9a,0xb8,0xfa,0x03,0x4b,0x58,0xfb,0x02,0x07,
0x0a,0xf1,0x00,0x00,0x00,0x9d,0x00,0x00,0x00,0x28,0x00,0x00,0x00,0x01,0x00,0x00,
0x00,0x00,0x00,0x00,0x00,0x00,0x00,0x00,0x00,0x00,0x00,0x00,0x00,0x00,0x00,0x00,
0x00,0x00,0x00,0x00,0x00,0x00,0x00,0x00,0x00,0x00,0x00,0x00,0x00,0x00,0x00,0x00,
0x00,0x00,0x00,0x00,0x00,0x00,0x00,0x00,0x00,0x00,0x00,0x00,0x00,0x00,0x00,0x00,
0x00,0x00,0x00,0x00,0x00,0x00,0x00,0x00,0x00,0x00,0x00,0x00,0x00,0x00,0x00,0x00,
0x00,0x08,0x00,0x00,0x00,0x99,0x03,0x04,0x05,0xf0,0x03,0x52,0x63,0xfb,0x01,0xbb,
0xdf,0xfd,0x00,0xd3,0xf9,0xfd,0x00,0xd7,0xfe,0xfd,0x00,0xc6,0xec,0xfa,0x00,0x6f,
0x86,0xfc,0x02,0x27,0x2e,0xfe,0x02,0x11,0x14,0xff,0x01,0x05,0x05,0xff,0x00,0x00,
0x00,0xff,0x00,0x00,0x00,0xff,0x00,0x00,0x00,0xff,0x00,0x00,0x00,0xff,0x00,0x00,
0x00,0xff,0x00,0x00,0x00,0xff,0x00,0x00,0x00,0xff,0x00,0x00,0x00,0xff,0x01,0x02,
0x02,0xff,0x02,0x0a,0x0d,0xfe,0x02,0x1a,0x1f,0xfe,0x02,0x47,0x54,0xfc,0x01,0xa7,
0xc5,0xfc,0x00,0xd5,0xfe,0xfb,0x00,0xd7,0xfe,0xfd,0x00,0xca,0xf1,0xfc,0x01,0x90,
0xaa,0xfa,0x01,0x1a,0x1f,0xf8,0x01,0x01,0x01,0xd8,0x00,0x00,0x00,0x3f,0x00,0x00,
0x00,0x01,0x00,0x00,0x00,0x00,0x00,0x00,0x00,0x00,0x00,0x00,0x00,0x00,0x00,0x00,
0x00,0x00,0x00,0x00,0x00,0x00,0x00,0x00,0x00,0x00,0x00,0x00,0x00,0x00,0x00,0x00,
0x00,0x00,0x00,0x00,0x00,0x00,0x00,0x00,0x00,0x00,0x00,0x00,0x00,0x00,0x00,0x00,
0x00,0x00,0x00,0x00,0x00,0x00,0x00,0x00,0x00,0x01,0x00,0x00,0x00,0x1b,0x00,0x00,
0x00,0xb2,0x02,0x10,0x13,0xfc,0x00,0x74,0x8a,0xfb,0x00,0xcf,0xf6,0xfb,0x00,0xd6,
0xff,0xff,0x00,0xd6,0xfe,0xfe,0x00,0x92,0xae,0xfa,0x02,0x15,0x1a,0xfe,0x02,0x00,
0x00,0xff,0x00,0x00,0x00,0xff,0x00,0x00,0x00,0xff,0x00,0x00,0x00,0xff,0x00,0x00,
0x00,0xff,0x00,0x00,0x00,0xff,0x00,0x00,0x00,0xff,0x00,0x00,0x00,0xff,0x00,0x00,
0x00,0xff,0x00,0x00,0x00,0xff,0x00,0x00,0x00,0xff,0x00,0x00,0x00,0xff,0x00,0x00,
0x00,0xff,0x00,0x00,0x00,0xff,0x00,0x00,0x00,0xff,0x02,0x00,0x00,0xff,0x03,0x02,
0x02,0xfe,0x03,0x4d,0x5c,0xfc,0x00,0xc7,0xed,0xfd,0x00,0xd6,0xff,0xff,0x00,0xd7,
0xfd,0xfd,0x00,0xab,0xcb,0xfb,0x04,0x2e,0x36,0xfc,0x01,0x02,0x02,0xe8,0x00,0x00,
0x00,0x52,0x00,0x00,0x00,0x04,0x00,0x00,0x00,0x00,0x00,0x00,0x00,0x00,0x00,0x00,
0x00,0x00,0x00,0x00,0x00,0x00,0x00,0x00,0x00,0x00,0x00,0x00,0x00,0x00,0x00,0x00,
0x00,0x00,0x00,0x00,0x00,0x00,0x00,0x00,0x00,0x00,0x00,0x00,0x00,0x00,0x00,0x00,
0x00,0x00,0x00,0x00,0x00,0x00,0x00,0x00,0x00,0x19,0x00,0x00,0x00,0xaa,0x02,0x18,
0x1c,0xf9,0x01,0x8a,0xa2,0xfa,0x00,0xd1,0xf8,0xfc,0x00,0xd6,0xff,0xff,0x00,0xd6,
0xff,0xff,0x00,0xd6,0xfe,0xfe,0x01,0xa1,0xc0,0xfb,0x03,0x09,0x0b,0xfe,0x00,0x00,
0x00,0xff,0x00,0x00,0x00,0xff,0x00,0x00,0x00,0xff,0x00,0x00,0x00,0xff,0x00,0x00,
0x00,0xff,0x00,0x00,0x00,0xff,0x00,0x00,0x00,0xff,0x00,0x00,0x00,0xff,0x00,0x00,
0x00,0xff,0x00,0x00,0x00,0xff,0x00,0x00,0x00,0xff,0x00,0x00,0x00,0xff,0x00,0x00,
0x00,0xff,0x00,0x00,0x00,0xff,0x00,0x00,0x00,0xff,0x00,0x00,0x00,0xff,0x00,0x00,
0x00,0xff,0x03,0x49,0x56,0xfc,0x00,0xcd,0xf4,0xfd,0x00,0xd6,0xff,0xff,0x00,0xd6,
0xff,0xff,0x00,0xd6,0xff,0xfe,0x00,0xba,0xdd,0xfc,0x03,0x48,0x56,0xfb,0x01,0x03,
0x05,0xdd,0x00,0x00,0x00,0x52,0x00,0x00,0x00,0x01,0x00,0x00,0x00,0x00,0x00,0x00,
0x00,0x00,0x00,0x00,0x00,0x00,0x00,0x00,0x00,0x00,0x00,0x00,0x00,0x00,0x00,0x00,
0x00,0x00,0x00,0x00,0x00,0x00,0x00,0x00,0x00,0x00,0x00,0x00,0x00,0x00,0x00,0x00,
0x00,0x00,0x00,0x00,0x00,0x04,0x00,0x00,0x00,0xa7,0x02,0x16,0x1a,0xf8,0x01,0x9b,
0xb8,0xfc,0x00,0xd5,0xfc,0xfd,0x00,0xd6,0xff,0xff,0x00,0xd6,0xff,0xff,0x00,0xd6,
0xff,0xff,0x00,0xd6,0xff,0xff,0x00,0xd5,0xfc,0xfd,0x03,0x5f,0x70,0xfa,0x02,0x00,
0x01,0xff,0x00,0x00,0x00,0xff,0x00,0x00,0x00,0xff,0x00,0x00,0x00,0xff,0x00,0x00,
0x00,0xff,0x00,0x00,0x00,0xff,0x00,0x00,0x00,0xff,0x00,0x00,0x00,0xff,0x00,0x00,
0x00,0xff,0x00,0x00,0x00,0xff,0x00,0x00,0x00,0xff,0x00,0x00,0x00,0xff,0x00,0x00,
0x00,0xff,0x00,0x00,0x00,0xff,0x00,0x00,0x00,0xff,0x00,0x00,0x00,0xff,0x02,0x0d,
0x0f,0xfe,0x00,0xb9,0xdc,0xfb,0x00,0xd7,0xff,0xfe,0x00,0xd6,0xff,0xff,0x00,0xd6,
0xff,0xff,0x00,0xd6,0xff,0xff,0x00,0xd6,0xff,0xff,0x00,0xc2,0xe7,0xfc,0x02,0x49,
0x56,0xfb,0x01,0x02,0x02,0xe7,0x00,0x00,0x00,0x3e,0x00,0x00,0x00,0x01,0x00,0x00,
0x00,0x00,0x00,0x00,0x00,0x00,0x00,0x00,0x00,0x00,0x00,0x00,0x00,0x00,0x00,0x00,
0x00,0x00,0x00,0x00,0x00,0x00,0x00,0x00,0x00,0x00,0x00,0x00,0x00,0x00,0x00,0x00,
0x00,0x08,0x00,0x00,0x00,0x83,0x02,0x0d,0x0e,0xfc,0x01,0x82,0x99,0xfa,0x00,0xd4,
0xfb,0xfd,0x00,0xd6,0xfe,0xff,0x00,0xd6,0xff,0xff,0x00,0xd6,0xff,0xff,0x00,0xd6,
0xff,0xff,0x00,0xd6,0xff,0xff,0x00,0xd6,0xff,0xfe,0x01,0xba,0xdf,0xfc,0x02,0x20,
0x27,0xfd,0x00,0x00,0x00,0xff,0x00,0x00,0x00,0xff,0x00,0x00,0x00,0xff,0x00,0x00,
0x00,0xff,0x00,0x00,0x00,0xff,0x00,0x00,0x00,0xff,0x00,0x00,0x00,0xff,0x00,0x00,
0x00,0xff,0x00,0x00,0x00,0xff,0x00,0x00,0x00,0xff,0x00,0x00,0x00,0xff,0x00,0x00,
0x00,0xff,0x00,0x00,0x00,0xff,0x00,0x00,0x00,0xff,0x01,0x04,0x04,0xff,0x02,0x74,
0x8a,0xfb,0x00,0xd6,0xfd,0xfe,0x00,0xd6,0xff,0xff,0x00,0xd6,0xff,0xff,0x00,0xd6,
0xff,0xff,0x00,0xd6,0xff,0xff,0x00,0xd6,0xff,0xff,0x00,0xd6,0xff,0xff,0x00,0xba,
0xdd,0xfc,0x04,0x2d,0x36,0xfb,0x01,0x01,0x00,0xd9,0x00,0x00,0x00,0x28,0x00,0x00,
0x00,0x01,0x00,0x00,0x00,0x00,0x00,0x00,0x00,0x00,0x00,0x00,0x00,0x00,0x00,0x00,
0x00,0x00,0x00,0x00,0x00,0x00,0x00,0x00,0x00,0x00,0x00,0x00,0x00,0x02,0x00,0x00,
0x00,0x50,0x03,0x01,0x01,0xea,0x02,0x62,0x74,0xfc,0x00,0xcd,0xf4,0xfc,0x00,0xd6,
0xfe,0xff,0x00,0xd6,0xff,0xff,0x00,0xd6,0xff,0xff,0x00,0xd6,0xff,0xff,0x00,0xd6,
0xff,0xff,0x00,0xd6,0xff,0xff,0x00,0xd6,0xff,0xff,0x00,0xd2,0xf9,0xfe,0x02,0x71,
0x86,0xfb,0x01,0x07,0x08,0xfe,0x00,0x00,0x00,0xff,0x00,0x00,0x00,0xff,0x00,0x00,
0x00,0xff,0x00,0x00,0x00,0xff,0x00,0x00,0x00,0xff,0x00,0x00,0x00,0xff,0x00,0x00,
0x00,0xff,0x00,0x00,0x00,0xff,0x00,0x00,0x00,0xff,0x00,0x00,0x00,0xff,0x00,0x00,
0x00,0xff,0x00,0x00,0x00,0xff,0x00,0x00,0x00,0xff,0x02,0x31,0x3b,0xfc,0x00,0xc0,
0xe5,0xfc,0x00,0xd6,0xff,0xff,0x00,0xd6,0xff,0xff,0x00,0xd6,0xff,0xff,0x00,0xd6,
0xff,0xff,0x00,0xd6,0xff,0xff,0x00,0xd6,0xff,0xff,0x00,0xd6,0xff,0xff,0x00,0xd6,
0xff,0xfe,0x00,0xab,0xcb,0xfa,0x01,0x1a,0x1f,0xf8,0x00,0x00,0x00,0x9d,0x00,0x00,
0x00,0x0e,0x00,0x00,0x00,0x00,0x00,0x00,0x00,0x00,0x00,0x00,0x00,0x00,0x00,0x00,
0x00,0x00,0x00,0x00,0x00,0x00,0x00,0x00,0x00,0x00,0x00,0x00,0x00,0x16,0x00,0x00,
0x00,0xbd,0x01,0x33,0x3d,0xf9,0x00,0xcb,0xf1,0xfb,0x00,0xd6,0xff,0xff,0x00,0xd6,
0xff,0xff,0x00,0xd6,0xff,0xff,0x00,0xd6,0xff,0xff,0x00,0xd6,0xff,0xff,0x00,0xd6,
0xff,0xff,0x00,0xd6,0xff,0xff,0x00,0xd6,0xff,0xff,0x00,0xd6,0xff,0xff,0x00,0xbf,
0xe4,0xfc,0x02,0x24,0x2b,0xfd,0x00,0x00,0x00,0xff,0x00,0x00,0x00,0xff,0x00,0x00,
0x00,0xff,0x00,0x00,0x00,0xff,0x00,0x00,0x00,0xff,0x00,0x00,0x00,0xff,0x00,0x00,
0x00,0xff,0x00,0x00,0x00,0xff,0x00,0x00,0x00,0xff,0x00,0x00,0x00,0xff,0x00,0x00,
0x00,0xff,0x00,0x00,0x00,0xff,0x02,0x0b,0x0c,0xfe,0x02,0x83,0x9b,0xfc,0x00,0xd5,
0xfc,0xfe,0x00,0xd6,0xff,0xff,0x00,0xd6,0xff,0xff,0x00,0xd6,0xff,0xff,0x00,0xd6,
0xff,0xff,0x00,0xd6,0xff,0xff,0x00,0xd6,0xff,0xff,0x00,0xd6,0xff,0xff,0x00,0xd6,
0xff,0xff,0x00,0xd7,0xfd,0xfd,0x01,0x90,0xa9,0xfa,0x02,0x07,0x09,0xf2,0x00,0x00,
0x00,0x4e,0x00,0x00,0x00,0x00,0x00,0x00,0x00,0x00,0x00,0x00,0x00,0x00,0x00,0x00,
0x00,0x00,0x00,0x00,0x00,0x00,0x00,0x00,0x00,0x01,0x00,0x00,0x00,0x64,0x03,0x11,
0x14,0xfa,0x01,0xab,0xcb,0xfc,0x00,0xd6,0xff,0xff,0x00,0xd6,0xff,0xff,0x00,0xd6,
0xff,0xff,0x00,0xd6,0xff,0xff,0x00,0xd6,0xff,0xff,0x00,0xd6,0xff,0xff,0x00,0xd6,
0xff,0xff,0x00,0xd6,0xff,0xff,0x00,0xd6,0xff,0xff,0x00,0xd6,0xff,0xff,0x00,0xd7,
0xfd,0xfd,0x01,0x8c,0xa8,0xf9,0x03,0x05,0x06,0xfe,0x00,0x00,0x00,0xff,0x00,0x00,
0x00,0xff,0x00,0x00,0x00,0xff,0x00,0x00,0x00,0xff,0x00,0x00,0x00,0xff,0x00,0x00,
0x00,0xff,0x00,0x00,0x00,0xff,0x00,0x00,0x00,0xff,0x00,0x00,0x00,0xff,0x00,0x00,
0x00,0xff,0x00,0x00,0x00,0xff,0x01,0x32,0x3d,0xfd,0x00,0xc9,0xf0,0xfc,0x00,0xd6,
0xff,0xff,0x00,0xd6,0xff,0xff,0x00,0xd6,0xff,0xff,0x00,0xd6,0xff,0xff,0x00,0xd6,
0xff,0xff,0x00,0xd6,0xff,0xff,0x00,0xd6,0xff,0xff,0x00,0xd6,0xff,0xff,0x00,0xd6,
0xff,0xff,0x00,0xd6,0xff,0xff,0x00,0xca,0xf0,0xfc,0x03,0x4b,0x58,0xfb,0x01,0x01,
0x02,0xd5,0x00,0x00,0x00,0x0d,0x00,0x00,0x00,0x00,0x00,0x00,0x00,0x00,0x00,0x00,
0x00,0x00,0x00,0x00,0x00,0x00,0x00,0x00,0x00,0x16,0x01,0x03,0x03,0xdd,0x02,0x58,
0x68,0xfc,0x00,0xce,0xf4,0xfd,0x00,0xd6,0xff,0xff,0x00,0xd6,0xff,0xff,0x00,0xd6,
0xff,0xff,0x00,0xd6,0xff,0xff,0x00,0xd6,0xff,0xff,0x00,0xd6,0xff,0xff,0x00,0xd6,
0xff,0xff,0x00,0xd6,0xff,0xff,0x00,0xd6,0xff,0xff,0x00,0xd6,0xff,0xff,0x00,0xd6,
0xfe,0xff,0x00,0xd2,0xf8,0xfc,0x02,0x47,0x54,0xfc,0x01,0x00,0x00,0xff,0x00,0x00,
0x00,0xff,0x00,0x00,0x00,0xff,0x00,0x00,0x00,0xff,0x00,0x00,0x00,0xff,0x00,0x00,
0x00,0xff,0x00,0x00,0x00,0xff,0x00,0x00,0x00,0xff,0x00,0x00,0x00,0xff,0x00,0x00,
0x00,0xff,0x02,0x0b,0x0d,0xfe,0x01,0xa2,0xc2,0xfb,0x00,0xd7,0xff,0xfe,0x00,0xd6,
0xff,0xff,0x00,0xd6,0xff,0xff,0x00,0xd6,0xff,0xff,0x00,0xd6,0xff,0xff,0x00,0xd6,
0xff,0xff,0x00,0xd6,0xff,0xff,0x00,0xd6,0xff,0xff,0x00,0xd6,0xff,0xff,0x00,0xd6,
0xff,0xff,0x00,0xd6,0xff,0xff,0x00,0xd6,0xff,0xfe,0x01,0x99,0xb7,0xfb,0x02,0x10,
0x13,0xfc,0x00,0x00,0x00,0x76,0x00,0x00,0x00,0x01,0x00,0x00,0x00,0x00,0x00,0x00,
0x00,0x00,0x00,0x00,0x00,0x00,0x00,0x00,0x00,0x75,0x01,0x11,0x15,0xfc,0x02,0x9f,
0xbe,0xfc,0x00,0xd5,0xfe,0xff,0x00,0xd6,0xff,0xff,0x00,0xd6,0xff,0xff,0x00,0xd6,
0xff,0xff,0x00,0xd6,0xff,0xff,0x00,0xd6,0xff,0xff,0x00,0xd6,0xff,0xff,0x00,0xd6,
0xff,0xff,0x00,0xd6,0xff,0xff,0x00,0xd6,0xff,0xff,0x00,0xd6,0xff,0xff,0x00,0xd6,
0xff,0xff,0x00,0xd6,0xfe,0xff,0x01,0xaf,0xcf,0xfc,0x02,0x16,0x1b,0xfc,0x00,0x00,
0x00,0xff,0x00,0x00,0x00,0xff,0x00,0x00,0x00,0xff,0x00,0x00,0x00,0xff,0x00,0x00,
0x00,0xff,0x00,0x00,0x00,0xff,0x00,0x00,0x00,0xff,0x00,0x00,0x00,0xff,0x01,0x00,
0x00,0xfe,0x02,0x61,0x73,0xfc,0x00,0xd5,0xfc,0xfc,0x00,0xd6,0xff,0xff,0x00,0xd6,
0xff,0xff,0x00,0xd6,0xff,0xff,0x00,0xd6,0xff,0xff,0x00,0xd6,0xff,0xff,0x00,0xd6,
0xff,0xff,0x00,0xd6,0xff,0xff,0x00,0xd6,0xff,0xff,0x00,0xd6,0xff,0xff,0x00,0xd6,
0xff,0xff,0x00,0xd6,0xff,0xff,0x00,0xd6,0xff,0xff,0x00,0xcf,0xf7,0xfc,0x02,0x3e,
0x49,0xfc,0x01,0x00,0x01,0xd4,0x00,0x00,0x00,0x1b,0x00,0x00,0x00,0x00,0x00,0x00,
0x00,0x00,0x00,0x00,0x00,0x10,0x00,0x00,0x00,0xd0,0x03,0x36,0x41,0xfd,0x00,0xd1,
0xf7,0xfd,0x00,0xd6,0xff,0xff,0x00,0xd6,0xff,0xff,0x00,0xd6,0xff,0xff,0x00,0xd6,
0xff,0xff,0x00,0xd6,0xff,0xff,0x00,0xd6,0xff,0xff,0x00,0xd6,0xff,0xff,0x00,0xd6,
0xff,0xff,0x00,0xd6,0xff,0xff,0x00,0xd6,0xff,0xff,0x00,0xd6,0xff,0xff,0x00,0xd6,
0xff,0xff,0x00,0xd6,0xff,0xff,0x00,0xd1,0xf8,0xfc,0x02,0x63,0x74,0xfa,0x02,0x03,
0x04,0xff,0x00,0x00,0x00,0xff,0x00,0x00,0x00,0xff,0x00,0x00,0x00,0xff,0x00,0x00,
0x00,0xff,0x00,0x00,0x00,0xff,0x00,0x00,0x00,0xff,0x00,0x00,0x00,0xff,0x02,0x21,
0x28,0xfc,0x00,0xbc,0xdf,0xfc,0x00,0xd6,0xff,0xff,0x00,0xd6,0xff,0xff,0x00,0xd6,
0xff,0xff,0x00,0xd6,0xff,0xff,0x00,0xd6,0xff,0xff,0x00,0xd6,0xff,0xff,0x00,0xd6,
0xff,0xff,0x00,0xd6,0xff,0xff,0x00,0xd6,0xff,0xff,0x00,0xd6,0xff,0xff,0x00,0xd6,
0xff,0xff,0x00,0xd6,0xff,0xff,0x00,0xd6,0xff,0xff,0x00,0xd6,0xff,0xff,0x01,0x9c,
0xba,0xfa,0x01,0x02,0x02,0xf1,0x00,0x00,0x00,0x5c,0x00,0x00,0x00,0x01,0x00,0x00,
0x00,0x00,0x00,0x00,0x00,0x47,0x01,0x00,0x00,0xeb,0x03,0x88,0xa2,0xfc,0x00,0xd6,
0xff,0xff,0x00,0xd6,0xff,0xff,0x00,0xd6,0xff,0xff,0x00,0xd6,0xff,0xff,0x00,0xd6,
0xff,0xff,0x00,0xd6,0xff,0xff,0x00,0xd6,0xff,0xff,0x00,0xd6,0xff,0xff,0x00,0xd6,
0xff,0xff,0x00,0xd6,0xff,0xff,0x00,0xd6,0xff,0xff,0x00,0xd6,0xff,0xff,0x00,0xd6,
0xff,0xff,0x00,0xd6,0xff,0xff,0x00,0xd6,0xff,0xff,0x01,0xb1,0xd2,0xfc,0x02,0x1d,
0x24,0xfd,0x00,0x00,0x00,0xff,0x01,0x00,0x00,0xff,0x01,0x00,0x00,0xfe,0x01,0x00,
0x00,0xff,0x02,0x00,0x01,0xff,0x00,0x00,0x00,0xff,0x01,0x07,0x08,0xfe,0x02,0x74,
0x89,0xfb,0x00,0xd3,0xfa,0xfd,0x00,0xd6,0xff,0xff,0x00,0xd6,0xff,0xff,0x00,0xd6,
0xff,0xff,0x00,0xd6,0xff,0xff,0x00,0xd6,0xff,0xff,0x00,0xd6,0xff,0xff,0x00,0xd6,
0xff,0xff,0x00,0xd6,0xff,0xff,0x00,0xd6,0xff,0xff,0x00,0xd6,0xff,0xff,0x00,0xd6,
0xff,0xff,0x00,0xd6,0xff,0xff,0x00,0xd6,0xff,0xff,0x00,0xd6,0xff,0xff,0x00,0xd1,
0xf8,0xfc,0x02,0x24,0x2b,0xfd,0x02,0x00,0x00,0x95,0x00,0x00,0x00,0x08,0x00,0x00,
0x00,0x02,0x00,0x00,0x00,0x7a,0x01,0x0a,0x0d,0xfa,0x00,0xc9,0xef,0xfb,0x00,0xd6,
0xff,0xff,0x00,0xd6,0xff,0xff,0x00,0xd6,0xff,0xff,0x00,0xd6,0xff,0xff,0x00,0xd6,
0xff,0xff,0x00,0xd6,0xff,0xff,0x00,0xd6,0xff,0xff,0x00,0xd6,0xff,0xff,0x00,0xd6,
0xff,0xff,0x00,0xd6,0xff,0xff,0x00,0xd6,0xff,0xff,0x00,0xd6,0xff,0xff,0x00,0xd6,
0xff,0xff,0x00,0xd6,0xff,0xff,0x00,0xd6,0xff,0xff,0x00,0xd5,0xfc,0xfe,0x01,0x78,
0x8e,0xf9,0x04,0x11,0x15,0xfe,0x01,0x58,0x6a,0xfc,0x01,0x8a,0xa6,0xfd,0x01,0x93,
0xb0,0xfd,0x01,0x74,0x8b,0xfd,0x01,0x2f,0x3a,0xfc,0x04,0x25,0x2c,0xfd,0x01,0xc1,
0xe5,0xfc,0x00,0xd6,0xfe,0xff,0x00,0xd6,0xff,0xff,0x00,0xd6,0xff,0xff,0x00,0xd6,
0xff,0xff,0x00,0xd6,0xff,0xff,0x00,0xd6,0xff,0xff,0x00,0xd6,0xff,0xff,0x00,0xd6,
0xff,0xff,0x00,0xd6,0xff,0xff,0x00,0xd6,0xff,0xff,0x00,0xd6,0xff,0xff,0x00,0xd6,
0xff,0xff,0x00,0xd6,0xff,0xff,0x00,0xd6,0xff,0xff,0x00,0xd6,0xff,0xff,0x00,0xd6,
0xff,0xfe,0x02,0x6b,0x82,0xfc,0x01,0x01,0x01,0xc7,0x00,0x00,0x00,0x19,0x00,0x00,
0x00,0x0d,0x02,0x00,0x00,0xa4,0x02,0x3e,0x4a,0xfc,0x00,0xd6,0xfe,0xfd,0x00,0xd6,
0xff,0xff,0x00,0xd6,0xff,0xff,0x00,0xd6,0xff,0xff,0x00,0xd6,0xff,0xff,0x00,0xd6,
0xff,0xff,0x00,0xd6,0xff,0xff,0x00,0xd6,0xff,0xff,0x00,0xd6,0xff,0xff,0x00,0xd6,
0xff,0xff,0x00,0xd6,0xff,0xff,0x00,0xd6,0xff,0xff,0x00,0xd6,0xff,0xff,0x00,0xd6,
0xff,0xff,0x00,0xd6,0xff,0xff,0x00,0xd6,0xff,0xff,0x00,0xd6,0xff,0xff,0x00,0xd2,
0xfa,0xfc,0x00,0xc6,0xed,0xf9,0x00,0xd6,0xfe,0xfb,0x00,0xd6,0xfe,0xff,0x00,0xd5,
0xfe,0xff,0x00,0xd6,0xfe,0xfe,0x00,0xd5,0xfd,0xfb,0x01,0xc3,0xe9,0xfb,0x00,0xd6,
0xfe,0xfd,0x00,0xd6,0xff,0xff,0x00,0xd6,0xff,0xff,0x00,0xd6,0xff,0xff,0x00,0xd6,
0xff,0xff,0x00,0xd6,0xff,0xff,0x00,0xd6,0xff,0xff,0x00,0xd6,0xff,0xff,0x00,0xd6,
0xff,0xff,0x00,0xd6,0xff,0xff,0x00,0xd6,0xff,0xff,0x00,0xd6,0xff,0xff,0x00,0xd6,
0xff,0xff,0x00,0xd6,0xff,0xff,0x00,0xd6,0xff,0xff,0x00,0xd6,0xff,0xff,0x00,0xd6,
0xff,0xff,0x00,0xa7,0xc5,0xfb,0x01,0x04,0x05,0xf0,0x00,0x00,0x00,0x2c,0x00,0x00,
0x00,0x18,0x01,0x00,0x00,0xc6,0x01,0x71,0x88,0xfb,0x00,0xd6,0xff,0xff,0x00,0xd6,
0xff,0xff,0x00,0xd6,0xff,0xff,0x00,0xd6,0xff,0xff,0x00,0xd6,0xff,0xff,0x00,0xd6,
0xff,0xff,0x00,0xd6,0xff,0xff,0x00,0xd6,0xff,0xff,0x00,0xd6,0xff,0xff,0x00,0xd6,
0xff,0xff,0x00,0xd6,0xff,0xff,0x00,0xd6,0xff,0xff,0x00,0xd6,0xff,0xff,0x00,0xd6,
0xff,0xff,0x00,0xd6,0xff,0xff,0x00,0xd6,0xff,0xff,0x00,0xd6,0xff,0xff,0x00,0xd6,
0xff,0xff,0x00,0xd2,0xf9,0xfc,0x01,0xa8,0xc6,0xfb,0x03,0x7b,0x93,0xfd,0x01,0x73,
0x8a,0xfd,0x02,0x8f,0xaa,0xfc,0x00,0xc6,0xeb,0xfc,0x00,0xd6,0xff,0xff,0x00,0xd6,
0xff,0xff,0x00,0xd6,0xff,0xff,0x00,0xd6,0xff,0xff,0x00,0xd6,0xff,0xff,0x00,0xd6,
0xff,0xff,0x00,0xd6,0xff,0xff,0x00,0xd6,0xff,0xff,0x00,0xd6,0xff,0xff,0x00,0xd6,
0xff,0xff,0x00,0xd6,0xff,0xff,0x00,0xd6,0xff,0xff,0x00,0xd6,0xff,0xff,0x00,0xd6,
0xff,0xff,0x00,0xd6,0xff,0xff,0x00,0xd6,0xff,0xff,0x00,0xd6,0xff,0xff,0x00,0xd6,
0xff,0xff,0x00,0xbb,0xdd,0xfa,0x00,0x1a,0x20,0xfd,0x00,0x00,0x00,0x51,0x00,0x00,
0x00,0x22,0x01,0x01,0x01,0xe3,0x00,0x9a,0xb6,0xfd,0x00,0xd6,0xff,0xff,0x00,0xd6,
0xff,0xff,0x00,0xd6,0xff,0xff,0x00,0xd6,0xff,0xff,0x00,0xd6,0xff,0xff,0x00,0xd6,
0xff,0xff,0x00,0xd6,0xff,0xff,0x00,0xd6,0xff,0xff,0x00,0xd6,0xff,0xff,0x00,0xd6,
0xff,0xff,0x00,0xd6,0xff,0xff,0x00,0xd6,0xff,0xff,0x00,0xd6,0xff,0xff,0x00,0xd6,
0xff,0xff,0x00,0xd6,0xff,0xff,0x00,0xd6,0xff,0xff,0x00,0xd6,0xff,0xff,0x00,0xd5,
0xfc,0xfc,0x02,0x72,0x86,0xfb,0x02,0x15,0x1a,0xfd,0x02,0x06,0x07,0xff,0x00,0x03,
0x04,0xff,0x01,0x0c,0x0e,0xfe,0x02,0x2f,0x38,0xfc,0x00,0xbb,0xdd,0xfb,0x00,0xd6,
0xff,0xff,0x00,0xd6,0xff,0xff,0x00,0xd6,0xff,0xff,0x00,0xd6,0xff,0xff,0x00,0xd6,
0xff,0xff,0x00,0xd6,0xff,0xff,0x00,0xd6,0xff,0xff,0x00,0xd6,0xff,0xff,0x00,0xd6,
0xff,0xff,0x00,0xd6,0xff,0xff,0x00,0xd6,0xff,0xff,0x00,0xd6,0xff,0xff,0x00,0xd6,
0xff,0xff,0x00,0xd6,0xff,0xff,0x00,0xd6,0xff,0xff,0x00,0xd6,0xff,0xff,0x00,0xd6,
0xff,0xff,0x00,0xc3,0xe8,0xfb,0x01,0x33,0x3d,0xfd,0x00,0x00,0x00,0x7e,0x00,0x00,
0x00,0x2b,0x01,0x06,0x08,0xf5,0x00,0xb0,0xd0,0xfc,0x00,0xd6,0xff,0xff,0x00,0xd6,
0xff,0xff,0x00,0xd6,0xff,0xff,0x00,0xd6,0xff,0xff,0x00,0xd6,0xff,0xff,0x00,0xd6,
0xff,0xff,0x00,0xd6,0xff,0xff,0x00,0xd6,0xff,0xff,0x00,0xd6,0xff,0xff,0x00,0xd6,
0xff,0xff,0x00,0xd6,0xff,0xff,0x00,0xd6,0xff,0xff,0x00,0xd6,0xff,0xff,0x00,0xd6,
0xff,0xff,0x00,0xd6,0xff,0xff,0x00,0xd6,0xff,0xff,0x00,0xd5,0xfe,0xff,0x02,0x88,
0xa2,0xfb,0x03,0x01,0x01,0xfe,0x00,0x00,0x00,0xff,0x00,0x00,0x00,0xff,0x00,0x00,
0x00,0xff,0x00,0x00,0x00,0xff,0x01,0x00,0x00,0xfe,0x02,0x30,0x38,0xfc,0x00,0xc6,
0xeb,0xfd,0x00,0xd6,0xff,0xff,0x00,0xd6,0xff,0xff,0x00,0xd6,0xff,0xff,0x00,0xd6,
0xff,0xff,0x00,0xd6,0xff,0xff,0x00,0xd6,0xff,0xff,0x00,0xd6,0xff,0xff,0x00,0xd6,
0xff,0xff,0x00,0xd6,0xff,0xff,0x00,0xd6,0xff,0xff,0x00,0xd6,0xff,0xff,0x00,0xd6,
0xff,0xff,0x00,0xd6,0xff,0xff,0x00,0xd6,0xff,0xff,0x00,0xd6,0xff,0xff,0x00,0xd6,
0xff,0xff,0x00,0xca,0xf0,0xfe,0x03,0x47,0x55,0xfd,0x02,0x00,0x02,0x9f,0x00,0x00,
0x00,0x36,0x00,0x0e,0x11,0xfb,0x00,0xb6,0xd9,0xfc,0x00,0xd6,0xff,0xff,0x00,0xd7,
0xff,0xfe,0x00,0xd7,0xff,0xfe,0x00,0xd6,0xff,0xfe,0x00,0xd6,0xff,0xfe,0x00,0xd6,
0xff,0xfe,0x00,0xd6,0xff,0xfe,0x00,0xd6,0xff,0xfe,0x00,0xd6,0xff,0xfe,0x00,0xd6,
0xff,0xfe,0x00,0xd6,0xff,0xfe,0x00,0xd6,0xff,0xfe,0x00,0xd6,0xff,0xfe,0x00,0xd6,
0xff,0xfe,0x00,0xd6,0xff,0xfe,0x00,0xd6,0xfe,0xff,0x00,0xca,0xf0,0xfc,0x01,0x2b,
0x33,0xfd,0x00,0x00,0x00,0xff,0x00,0x00,0x00,0xff,0x00,0x00,0x00,0xff,0x00,0x00,
0x00,0xff,0x00,0x00,0x00,0xff,0x00,0x00,0x00,0xff,0x01,0x0c,0x0e,0xfe,0x02,0x8e,
0xaa,0xfd,0x00,0xd6,0xff,0xff,0x00,0xd7,0xff,0xfe,0x00,0xd7,0xff,0xfe,0x00,0xd6,
0xff,0xfe,0x00,0xd6,0xff,0xfe,0x00,0xd6,0xff,0xfe,0x00,0xd6,0xff,0xfe,0x00,0xd6,
0xff,0xfe,0x00,0xd6,0xff,0xfe,0x00,0xd6,0xff,0xfe,0x00,0xd6,0xff,0xfe,0x00,0xd6,
0xff,0xfe,0x00,0xd6,0xff,0xfe,0x00,0xd7,0xff,0xfe,0x00,0xd7,0xff,0xfe,0x00,0xd6,
0xff,0xff,0x00,0xcd,0xf4,0xff,0x01,0x51,0x61,0xfd,0x00,0x00,0x00,0xb3,0x00,0x00,
0x00,0x3c,0x00,0x12,0x16,0xfd,0x00,0xb7,0xda,0xfd,0x00,0xd5,0xfd,0xfe,0x00,0xb7,
0xda,0xfb,0x00,0x9e,0xbe,0xfc,0x00,0x9e,0xbd,0xfc,0x00,0x9e,0xbd,0xfc,0x00,0x9e,
0xbd,0xfc,0x00,0x9e,0xbd,0xfc,0x00,0x9e,0xbd,0xfc,0x00,0x9e,0xbd,0xfc,0x00,0x9e,
0xbd,0xfc,0x00,0x9e,0xbd,0xfc,0x00,0x9e,0xbd,0xfc,0x00,0x9e,0xbd,0xfc,0x00,0x9e,
0xbd,0xfc,0x01,0xa8,0xc9,0xfb,0x00,0xd6,0xfd,0xfd,0x00,0xb5,0xd7,0xfc,0x00,0x18,
0x1d,0xfe,0x00,0x00,0x00,0xff,0x00,0x00,0x00,0xff,0x00,0x00,0x00,0xff,0x00,0x00,
0x00,0xff,0x00,0x00,0x00,0xff,0x00,0x00,0x00,0xff,0x00,0x03,0x04,0xff,0x01,0x73,
0x8b,0xfc,0x00,0xd5,0xfe,0xff,0x00,0xc5,0xec,0xfc,0x00,0x9e,0xbc,0xfc,0x00,0x9e,
0xbd,0xfc,0x00,0x9e,0xbd,0xfc,0x00,0x9e,0xbd,0xfc,0x00,0x9e,0xbd,0xfc,0x00,0x9e,
0xbd,0xfc,0x00,0x9e,0xbd,0xfc,0x00,0x9e,0xbd,0xfc,0x00,0x9e,0xbd,0xfc,0x00,0x9e,
0xbd,0xfc,0x00,0x9e,0xbd,0xfc,0x00,0x9e,0xbd,0xfc,0x00,0xa7,0xc6,0xfb,0x00,0xd0,
0xf8,0xfd,0x00,0xce,0xf6,0xff,0x01,0x55,0x65,0xfe,0x00,0x00,0x00,0xbd,0x00,0x00,
0x00,0x3a,0x01,0x12,0x16,0xfd,0x00,0xb8,0xda,0xfc,0x00,0xd4,0xfc,0xfe,0x00,0x65,
0x78,0xfc,0x00,0x00,0x00,0xff,0x00,0x00,0x00,0xff,0x00,0x00,0x00,0xff,0x00,0x00,
0x00,0xff,0x00,0x00,0x00,0xff,0x00,0x00,0x00,0xff,0x00,0x00,0x00,0xff,0x00,0x00,
0x00,0xff,0x00,0x00,0x00,0xff,0x00,0x00,0x00,0xff,0x00,0x00,0x00,0xff,0x00,0x00,
0x00,0xff,0x01,0x1d,0x23,0xfe,0x00,0xd5,0xfe,0xfa,0x00,0xbc,0xe0,0xfc,0x00,0x1c,
0x21,0xfe,0x00,0x00,0x00,0xff,0x00,0x00,0x00,0xff,0x00,0x00,0x00,0xff,0x00,0x00,
0x00,0xff,0x00,0x00,0x00,0xff,0x00,0x00,0x00,0xff,0x01,0x06,0x07,0xff,0x02,0x7c,
0x93,0xfd,0x00,0xd6,0xfe,0xff,0x01,0x8a,0xa6,0xfc,0x01,0x00,0x00,0xff,0x00,0x00,
0x00,0xff,0x00,0x00,0x00,0xff,0x00,0x00,0x00,0xff,0x00,0x00,0x00,0xff,0x00,0x00,
0x00,0xff,0x00,0x00,0x00,0xff,0x00,0x00,0x00,0xff,0x00,0x00,0x00,0xff,0x00,0x00,
0x00,0xff,0x00,0x00,0x00,0xff,0x00,0x00,0x00,0xff,0x02,0x25,0x2e,0xfe,0x01,0xbf,
0xe3,0xff,0x00,0xce,0xf6,0xff,0x01,0x54,0x65,0xfe,0x01,0x00,0x00,0xba,0x00,0x00,
0x00,0x31,0x01,0x0b,0x0d,0xf9,0x00,0xb4,0xd5,0xfb,0x00,0xd6,0xfe,0xfe,0x00,0x6e,
0x84,0xfc,0x00,0x02,0x03,0xff,0x00,0x00,0x00,0xff,0x00,0x00,0x00,0xff,0x00,0x00,
0x00,0xff,0x00,0x00,0x00,0xff,0x00,0x00,0x00,0xff,0x00,0x00,0x00,0xff,0x00,0x00,
0x00,0xff,0x00,0x00,0x00,0xff,0x00,0x00,0x00,0xff,0x00,0x00,0x00,0xff,0x00,0x00,
0x00,0xff,0x02,0x05,0x07,0xfe,0x00,0xbc,0xdf,0xfa,0x00,0xd2,0xfa,0xfb,0x02,0x4a,
0x59,0xfc,0x01,0x00,0x00,0xff,0x00,0x00,0x00,0xff,0x00,0x00,0x00,0xff,0x00,0x00,
0x00,0xff,0x00,0x00,0x00,0xff,0x00,0x00,0x00,0xff,0x02,0x15,0x19,0xfe,0x01,0xa7,
0xc6,0xfc,0x00,0xd6,0xfd,0xfb,0x01,0x58,0x6a,0xfc,0x01,0x00,0x00,0xfe,0x00,0x00,
0x00,0xff,0x00,0x00,0x00,0xff,0x00,0x00,0x00,0xff,0x00,0x00,0x00,0xff,0x00,0x00,
0x00,0xff,0x00,0x00,0x00,0xff,0x00,0x00,0x00,0xff,0x00,0x00,0x00,0xff,0x00,0x00,
0x00,0xff,0x00,0x00,0x00,0xff,0x00,0x00,0x00,0xff,0x01,0x2e,0x37,0xfd,0x00,0xc2,
0xe7,0xfe,0x00,0xcb,0xf3,0xff,0x02,0x4c,0x5b,0xfe,0x01,0x00,0x00,0xab,0x00,0x00,
0x00,0x27,0x01,0x03,0x04,0xee,0x01,0xa9,0xc7,0xfb,0x00,0xd6,0xff,0xfe,0x03,0x81,
0x99,0xfc,0x02,0x08,0x0a,0xff,0x00,0x00,0x00,0xff,0x00,0x00,0x00,0xff,0x00,0x00,
0x00,0xff,0x00,0x00,0x00,0xff,0x00,0x00,0x00,0xff,0x00,0x00,0x00,0xff,0x00,0x00,
0x00,0xff,0x00,0x00,0x00,0xff,0x00,0x00,0x00,0xff,0x00,0x00,0x00,0xff,0x00,0x00,
0x00,0xff,0x02,0x00,0x01,0xfe,0x04,0x68,0x7d,0xfb,0x00,0xd5,0xfd,0xfd,0x01,0xbb,
0xe0,0xfc,0x02,0x1e,0x25,0xfe,0x01,0x00,0x00,0xff,0x00,0x00,0x00,0xff,0x00,0x00,
0x00,0xff,0x00,0x00,0x00,0xff,0x03,0x01,0x02,0xfe,0x03,0x71,0x86,0xfb,0x00,0xd2,
0xf8,0xfc,0x00,0xc6,0xeb,0xfa,0x03,0x11,0x15,0xfe,0x00,0x00,0x00,0xff,0x00,0x00,
0x00,0xff,0x00,0x00,0x00,0xff,0x00,0x00,0x00,0xff,0x00,0x00,0x00,0xff,0x00,0x00,
0x00,0xff,0x00,0x00,0x00,0xff,0x00,0x00,0x00,0xff,0x00,0x00,0x00,0xff,0x00,0x00,
0x00,0xff,0x00,0x00,0x00,0xff,0x00,0x00,0x00,0xff,0x01,0x3c,0x4a,0xfd,0x00,0xc7,
0xed,0xfe,0x00,0xc8,0xee,0xfd,0x02,0x3f,0x4b,0xfe,0x02,0x00,0x00,0x92,0x00,0x00,
0x00,0x1e,0x01,0x00,0x00,0xd6,0x01,0x8b,0xa5,0xfc,0x00,0xd6,0xff,0xff,0x01,0x98,
0xb4,0xfd,0x02,0x0f,0x12,0xfe,0x00,0x00,0x00,0xff,0x00,0x00,0x00,0xff,0x00,0x00,
0x00,0xff,0x00,0x00,0x00,0xff,0x00,0x00,0x00,0xff,0x00,0x00,0x00,0xff,0x00,0x00,
0x00,0xff,0x00,0x00,0x00,0xff,0x00,0x00,0x00,0xff,0x00,0x00,0x00,0xff,0x00,0x00,
0x00,0xff,0x00,0x00,0x00,0xff,0x02,0x17,0x1d,0xfd,0x01,0xaa,0xca,0xfc,0x00,0xd5,
0xfd,0xff,0x01,0xbd,0xe1,0xfb,0x02,0x4b,0x59,0xfb,0x00,0x1c,0x21,0xfe,0x00,0x18,
0x1d,0xfe,0x01,0x2a,0x33,0xfd,0x02,0x88,0xa2,0xfb,0x00,0xd5,0xfc,0xfb,0x00,0xce,
0xf3,0xfd,0x03,0x55,0x66,0xfb,0x03,0x01,0x01,0xfe,0x00,0x00,0x00,0xff,0x00,0x00,
0x00,0xff,0x00,0x00,0x00,0xff,0x00,0x00,0x00,0xff,0x00,0x00,0x00,0xff,0x00,0x00,
0x00,0xff,0x00,0x00,0x00,0xff,0x00,0x00,0x00,0xff,0x00,0x00,0x00,0xff,0x00,0x00,
0x00,0xff,0x00,0x00,0x00,0xff,0x00,0x00,0x00,0xff,0x00,0x54,0x64,0xfc,0x00,0xcf,
0xf5,0xfe,0x00,0xbf,0xe3,0xfc,0x00,0x29,0x31,0xfd,0x00,0x00,0x00,0x6b,0x00,0x00,
0x00,0x13,0x01,0x00,0x00,0xb7,0x03,0x5b,0x6d,0xfc,0x00,0xd7,0xfe,0xfd,0x01,0xb7,
0xda,0xfd,0x02,0x1a,0x1f,0xfe,0x00,0x00,0x00,0xff,0x00,0x00,0x00,0xff,0x00,0x00,
0x00,0xff,0x00,0x00,0x00,0xff,0x00,0x00,0x00,0xff,0x00,0x00,0x00,0xff,0x00,0x00,
0x00,0xff,0x00,0x00,0x00,0xff,0x00,0x00,0x00,0xff,0x00,0x00,0x00,0xff,0x00,0x00,
0x00,0xff,0x00,0x00,0x00,0xff,0x01,0x02,0x03,0xfe,0x03,0x36,0x3f,0xfd,0x02,0xa9,
0xc9,0xfc,0x00,0xd6,0xfe,0xfe,0x00,0xd1,0xf9,0xfc,0x01,0xbc,0xe0,0xfc,0x00,0xb5,
0xd7,0xfc,0x00,0xc9,0xf0,0xfc,0x00,0xd7,0xff,0xfd,0x00,0xc9,0xee,0xfc,0x01,0x6a,
0x7d,0xfa,0x02,0x0a,0x0c,0xfe,0x00,0x00,0x00,0xff,0x00,0x00,0x00,0xff,0x00,0x00,
0x00,0xff,0x00,0x00,0x00,0xff,0x00,0x00,0x00,0xff,0x00,0x00,0x00,0xff,0x00,0x00,
0x00,0xff,0x00,0x00,0x00,0xff,0x00,0x00,0x00,0xff,0x00,0x00,0x00,0xff,0x00,0x00,
0x00,0xff,0x00,0x00,0x00,0xff,0x01,0x04,0x05,0xfe,0x01,0x73,0x8b,0xfc,0x00,0xd5,
0xfd,0xfe,0x00,0xb4,0xd5,0xfb,0x01,0x0f,0x12,0xf9,0x00,0x00,0x00,0x3e,0x00,0x00,
0x00,0x07,0x02,0x00,0x00,0x93,0x02,0x22,0x2a,0xfd,0x00,0xd4,0xfc,0xfb,0x00,0xd2,
0xf9,0xfd,0x02,0x35,0x3f,0xfc,0x00,0x00,0x00,0xff,0x00,0x00,0x00,0xff,0x00,0x00,
0x00,0xff,0x00,0x00,0x00,0xff,0x00,0x00,0x00,0xff,0x00,0x00,0x00,0xff,0x00,0x00,
0x00,0xff,0x00,0x00,0x00,0xff,0x00,0x00,0x00,0xff,0x00,0x00,0x00,0xff,0x00,0x00,
0x00,0xff,0x00,0x00,0x00,0xff,0x00,0x00,0x00,0xff,0x01,0x02,0x03,0xff,0x04,0x37,
0x43,0xfc,0x00,0xd5,0xfd,0xfd,0x00,0xd6,0xff,0xff,0x00,0xd6,0xff,0xff,0x00,0xd6,
0xff,0xff,0x00,0xd6,0xff,0xff,0x00,0xd7,0xff,0xfd,0x02,0x99,0xb6,0xf8,0x03,0x0b,
0x0c,0xfe,0x00,0x00,0x00,0xff,0x00,0x00,0x00,0xff,0x00,0x00,0x00,0xff,0x00,0x00,
0x00,0xff,0x00,0x00,0x00,0xff,0x00,0x00,0x00,0xff,0x00,0x00,0x00,0xff,0x00,0x00,
0x00,0xff,0x00,0x00,0x00,0xff,0x00,0x00,0x00,0xff,0x00,0x00,0x00,0xff,0x00,0x00,
0x00,0xff,0x00,0x00,0x00,0xff,0x02,0x11,0x14,0xfe,0x02,0x9c,0xb9,0xfd,0x00,0xd6,
0xff,0xff,0x00,0x8f,0xaa,0xfc,0x01,0x01,0x02,0xdf,0x00,0x00,0x00,0x22,0x00,0x00,
0x00,0x00,0x00,0x00,0x00,0x64,0x02,0x01,0x02,0xf4,0x00,0xb0,0xd2,0xfa,0x00,0xd6,
0xfe,0xfe,0x01,0x80,0x99,0xfa,0x02,0x01,0x01,0xfe,0x00,0x00,0x00,0xff,0x00,0x00,
0x00,0xff,0x00,0x00,0x00,0xff,0x00,0x00,0x00,0xff,0x00,0x00,0x00,0xff,0x00,0x00,
0x00,0xff,0x00,0x00,0x00,0xff,0x00,0x00,0x00,0xff,0x00,0x00,0x00,0xff,0x00,0x00,
0x00,0xff,0x00,0x00,0x00,0xff,0x00,0x00,0x00,0xff,0x02,0x07,0x0a,0xfe,0x01,0x93,
0xae,0xfc,0x00,0xd6,0xff,0xfd,0x00,0xd6,0xff,0xff,0x00,0xd6,0xff,0xff,0x00,0xd6,
0xff,0xff,0x00,0xd6,0xff,0xff,0x00,0xd7,0xff,0xfe,0x01,0xc4,0xe8,0xfc,0x02,0x35,
0x3e,0xfd,0x00,0x00,0x01,0xff,0x00,0x00,0x00,0xff,0x00,0x00,0x00,0xff,0x00,0x00,
0x00,0xff,0x00,0x00,0x00,0xff,0x00,0x00,0x00,0xff,0x00,0x00,0x00,0xff,0x00,0x00,
0x00,0xff,0x00,0x00,0x00,0xff,0x00,0x00,0x00,0xff,0x00,0x00,0x00,0xff,0x00,0x00,
0x00,0xff,0x00,0x00,0x00,0xff,0x02,0x26,0x2e,0xfd,0x00,0xc7,0xed,0xfd,0x00,0xd6,
0xfe,0xfc,0x03,0x49,0x58,0xfc,0x01,0x00,0x01,0xb1,0x00,0x00,0x00,0x11,0x00,0x00,
0x00,0x00,0x00,0x00,0x00,0x2d,0x02,0x00,0x00,0xe1,0x03,0x62,0x75,0xfb,0x00,0xd6,
0xfe,0xfc,0x00,0xc6,0xec,0xfb,0x02,0x17,0x1b,0xfd,0x00,0x00,0x00,0xff,0x00,0x00,
0x00,0xff,0x00,0x00,0x00,0xff,0x00,0x00,0x00,0xff,0x00,0x00,0x00,0xff,0x00,0x00,
0x00,0xff,0x00,0x00,0x00,0xff,0x00,0x00,0x00,0xff,0x00,0x00,0x00,0xff,0x00,0x00,
0x00,0xff,0x00,0x00,0x00,0xff,0x00,0x01,0x01,0xff,0x01,0x45,0x51,0xfb,0x00,0xc9,
0xee,0xfd,0x00,0xd6,0xff,0xff,0x00,0xd6,0xff,0xff,0x00,0xd6,0xff,0xff,0x00,0xd6,
0xff,0xff,0x00,0xd6,0xff,0xff,0x00,0xd6,0xff,0xff,0x00,0xd5,0xfd,0xfe,0x00,0x87,
0xa1,0xfc,0x01,0x0b,0x0e,0xfe,0x00,0x00,0x00,0xff,0x00,0x00,0x00,0xff,0x00,0x00,
0x00,0xff,0x00,0x00,0x00,0xff,0x00,0x00,0x00,0xff,0x00,0x00,0x00,0xff,0x00,0x00,
0x00,0xff,0x00,0x00,0x00,0xff,0x00,0x00,0x00,0xff,0x00,0x00,0x00,0xff,0x00,0x00,
0x00,0xff,0x02,0x00,0x00,0xff,0x00,0x6f,0x86,0xfc,0x00,0xd5,0xfe,0xfe,0x01,0xc0,
0xe4,0xfc,0x01,0x0c,0x10,0xf8,0x00,0x00,0x00,0x7b,0x00,0x00,0x00,0x03,0x00,0x00,
0x00,0x00,0x00,0x00,0x00,0x05,0x00,0x00,0x00,0xaf,0x01,0x20,0x27,0xfd,0x00,0xbf,
0xe2,0xfb,0x00,0xd6,0xfe,0xfd,0x01,0x72,0x89,0xfa,0x02,0x01,0x01,0xff,0x00,0x00,
0x00,0xff,0x00,0x00,0x00,0xff,0x00,0x00,0x00,0xff,0x00,0x00,0x00,0xff,0x00,0x00,
0x00,0xff,0x00,0x00,0x00,0xff,0x00,0x00,0x00,0xff,0x00,0x00,0x00,0xff,0x00,0x00,
0x00,0xff,0x00,0x00,0x00,0xff,0x02,0x0f,0x13,0xfe,0x01,0x98,0xb5,0xfc,0x00,0xd5,
0xfe,0xff,0x00,0xd6,0xff,0xff,0x00,0xd6,0xff,0xff,0x00,0xd6,0xff,0xff,0x00,0xd6,
0xff,0xff,0x00,0xd6,0xff,0xff,0x00,0xd6,0xff,0xff,0x00,0xd6,0xff,0xff,0x00,0xcb,
0xf2,0xfc,0x03,0x37,0x42,0xfb,0x01,0x01,0x01,0xfe,0x00,0x00,0x00,0xff,0x00,0x00,
0x00,0xff,0x00,0x00,0x00,0xff,0x00,0x00,0x00,0xff,0x00,0x00,0x00,0xff,0x00,0x00,
0x00,0xff,0x00,0x00,0x00,0xff,0x00,0x00,0x00,0xff,0x00,0x00,0x00,0xff,0x00,0x00,
0x00,0xff,0x02,0x15,0x19,0xfe,0x00,0xc6,0xec,0xfa,0x00,0xd6,0xfe,0xfe,0x03,0x70,
0x84,0xfd,0x01,0x00,0x00,0xe7,0x00,0x00,0x00,0x3c,0x00,0x00,0x00,0x00,0x00,0x00,
0x00,0x00,0x00,0x00,0x00,0x00,0x00,0x00,0x00,0x42,0x01,0x08,0x0a,0xf7,0x01,0x80,
0x98,0xfc,0x00,0xd4,0xfd,0xfe,0x01,0xbe,0xe2,0xfc,0x03,0x26,0x2e,0xfd,0x00,0x00,
0x00,0xff,0x00,0x00,0x00,0xff,0x00,0x00,0x00,0xff,0x00,0x00,0x00,0xff,0x00,0x00,
0x00,0xff,0x00,0x00,0x00,0xff,0x00,0x00,0x00,0xff,0x00,0x00,0x00,0xff,0x00,0x00,
0x00,0xff,0x01,0x00,0x01,0xfe,0x03,0x4b,0x58,0xfb,0x00,0xd3,0xfa,0xfd,0x00,0xd6,
0xff,0xff,0x00,0xd6,0xff,0xff,0x00,0xd6,0xff,0xff,0x00,0xd6,0xff,0xff,0x00,0xd6,
0xff,0xff,0x00,0xd6,0xff,0xff,0x00,0xd6,0xff,0xff,0x00,0xd6,0xff,0xff,0x00,0xd6,
0xff,0xfe,0x01,0xab,0xca,0xfc,0x03,0x0a,0x0b,0xfe,0x00,0x00,0x00,0xff,0x00,0x00,
0x00,0xff,0x00,0x00,0x00,0xff,0x00,0x00,0x00,0xff,0x00,0x00,0x00,0xff,0x00,0x00,
0x00,0xff,0x00,0x00,0x00,0xff,0x00,0x00,0x00,0xff,0x00,0x00,0x00,0xff,0x02,0x05,
0x06,0xfe,0x01,0x7d,0x96,0xfc,0x00,0xd7,0xfd,0xfd,0x01,0xbf,0xe3,0xfc,0x02,0x20,
0x26,0xfd,0x00,0x00,0x00,0xb7,0x00,0x00,0x00,0x06,0x00,0x00,0x00,0x00,0x00,0x00,
0x00,0x00,0x00,0x00,0x00,0x00,0x00,0x00,0x00,0x03,0x00,0x00,0x00,0xaf,0x02,0x34,
0x3f,0xfd,0x00,0xc3,0xe7,0xfd,0x00,0xd3,0xfb,0xfd,0x01,0x7c,0x94,0xfc,0x01,0x09,
0x0b,0xfe,0x00,0x00,0x00,0xff,0x00,0x00,0x00,0xff,0x00,0x00,0x00,0xff,0x00,0x00,
0x00,0xff,0x00,0x00,0x00,0xff,0x00,0x00,0x00,0xff,0x00,0x00,0x00,0xff,0x00,0x00,
0x00,0xff,0x03,0x16,0x1b,0xfc,0x00,0xb9,0xda,0xfa,0x00,0xd7,0xff,0xfe,0x00,0xd6,
0xff,0xff,0x00,0xd6,0xff,0xff,0x00,0xd6,0xff,0xff,0x00,0xd6,0xff,0xff,0x00,0xd6,
0xff,0xff,0x00,0xd6,0xff,0xff,0x00,0xd6,0xff,0xff,0x00,0xd6,0xff,0xff,0x00,0xd6,
0xff,0xff,0x00,0xd6,0xfd,0xfd,0x01,0x65,0x77,0xfa,0x01,0x01,0x02,0xfe,0x00,0x00,
0x00,0xff,0x00,0x00,0x00,0xff,0x00,0x00,0x00,0xff,0x00,0x00,0x00,0xff,0x00,0x00,
0x00,0xff,0x00,0x00,0x00,0xff,0x00,0x00,0x00,0xff,0x01,0x01,0x01,0xff,0x03,0x3b,
0x47,0xfc,0x00,0xc5,0xea,0xfc,0x00,0xd3,0xf9,0xfd,0x02,0x77,0x8c,0xfb,0x01,0x07,
0x09,0xf5,0x00,0x00,0x00,0x3f,0x00,0x00,0x00,0x00,0x00,0x00,0x00,0x00,0x00,0x00,
0x00,0x00,0x00,0x00,0x00,0x00,0x00,0x00,0x00,0x01,0x00,0x00,0x00,0x36,0x03,0x05,
0x07,0xe9,0x02,0x77,0x8d,0xfa,0x00,0xd5,0xfd,0xfd,0x00,0xca,0xf0,0xfb,0x05,0x42,
0x4f,0xfc,0x01,0x01,0x01,0xff,0x00,0x00,0x00,0xff,0x00,0x00,0x00,0xff,0x00,0x00,
0x00,0xff,0x00,0x00,0x00,0xff,0x00,0x00,0x00,0xff,0x00,0x00,0x00,0xff,0x02,0x02,
0x03,0xfe,0x02,0x81,0x97,0xfa,0x00,0xd6,0xfd,0xfc,0x00,0xd6,0xff,0xff,0x00,0xd6,
0xff,0xff,0x00,0xd6,0xff,0xff,0x00,0xd6,0xff,0xff,0x00,0xd6,0xff,0xff,0x00,0xd6,
0xff,0xff,0x00,0xd6,0xff,0xff,0x00,0xd6,0xff,0xff,0x00,0xd6,0xff,0xff,0x00,0xd6,
0xff,0xff,0x00,0xd6,0xfe,0xff,0x00,0xbc,0xdd,0xfa,0x01,0x27,0x30,0xfd,0x00,0x00,
0x00,0xff,0x00,0x00,0x00,0xff,0x00,0x00,0x00,0xff,0x00,0x00,0x00,0xff,0x00,0x00,
0x00,0xff,0x00,0x00,0x00,0xff,0x00,0x00,0x00,0xff,0x00,0x11,0x15,0xfe,0x01,0x9d,
0xba,0xfc,0x00,0xd5,0xfd,0xff,0x01,0xbc,0xdf,0xfc,0x02,0x23,0x2a,0xfd,0x00,0x00,
0x00,0x98,0x00,0x00,0x00,0x04,0x00,0x00,0x00,0x00,0x00,0x00,0x00,0x00,0x00,0x00,
0x00,0x00,0x00,0x00,0x00,0x00,0x00,0x00,0x00,0x00,0x00,0x00,0x00,0x08,0x00,0x00,
0x00,0x8c,0x02,0x0a,0x0c,0xf9,0x01,0xac,0xcb,0xfc,0x00,0xd6,0xff,0xfe,0x00,0xc4,
0xea,0xfb,0x05,0x29,0x30,0xfd,0x01,0x01,0x02,0xfe,0x00,0x00,0x00,0xff,0x00,0x00,
0x00,0xff,0x00,0x00,0x00,0xff,0x00,0x00,0x00,0xff,0x00,0x00,0x01,0xff,0x02,0x36,
0x40,0xfc,0x00,0xc3,0xe8,0xfc,0x00,0xd6,0xff,0xff,0x00,0xd6,0xff,0xff,0x00,0xd6,
0xff,0xff,0x00,0xd6,0xff,0xff,0x00,0xd6,0xff,0xff,0x00,0xd6,0xff,0xff,0x00,0xd6,
0xff,0xff,0x00,0xd6,0xff,0xff,0x00,0xd6,0xff,0xff,0x00,0xd6,0xff,0xff,0x00,0xd6,
0xff,0xff,0x00,0xd6,0xff,0xff,0x00,0xd4,0xfb,0xfe,0x03,0x78,0x90,0xfc,0x01,0x07,
0x08,0xfe,0x00,0x00,0x00,0xff,0x00,0x00,0x00,0xff,0x00,0x00,0x00,0xff,0x00,0x00,
0x00,0xff,0x00,0x00,0x00,0xff,0x02,0x09,0x0a,0xfd,0x03,0x78,0x91,0xfa,0x00,0xd5,
0xfd,0xfe,0x00,0xcf,0xf6,0xfb,0x03,0x52,0x62,0xfb,0x01,0x01,0x00,0xd6,0x00,0x00,
0x00,0x23,0x00,0x00,0x00,0x00,0x00,0x00,0x00,0x00,0x00,0x00,0x00,0x00,0x00,0x00,
0x00,0x00,0x00,0x00,0x00,0x00,0x00,0x00,0x00,0x00,0x00,0x00,0x00,0x00,0x00,0x00,
0x00,0x25,0x00,0x00,0x00,0xc9,0x01,0x2e,0x37,0xfc,0x01,0xb5,0xd7,0xfb,0x00,0xd6,
0xfe,0xfe,0x00,0xb0,0xd0,0xfb,0x03,0x31,0x39,0xfd,0x01,0x02,0x02,0xff,0x00,0x00,
0x00,0xff,0x00,0x00,0x00,0xff,0x00,0x00,0x00,0xff,0x02,0x0c,0x0e,0xfe,0x01,0x89,
0xa3,0xfb,0x00,0xd5,0xfd,0xfe,0x00,0xd6,0xff,0xff,0x00,0xd6,0xff,0xff,0x00,0xd6,
0xff,0xff,0x00,0xd6,0xff,0xff,0x00,0xd6,0xff,0xff,0x00,0xd6,0xff,0xff,0x00,0xd6,
0xff,0xff,0x00,0xd6,0xff,0xff,0x00,0xd6,0xff,0xff,0x00,0xd6,0xff,0xff,0x00,0xd6,
0xff,0xff,0x00,0xd6,0xff,0xff,0x00,0xd6,0xfe,0xff,0x00,0xc0,0xe5,0xfc,0x02,0x2e,
0x37,0xfc,0x00,0x00,0x00,0xff,0x00,0x00,0x00,0xff,0x00,0x00,0x00,0xff,0x00,0x00,
0x00,0xff,0x02,0x0e,0x11,0xfd,0x02,0x72,0x88,0xfa,0x00,0xd4,0xfb,0xfb,0x00,0xd1,
0xf8,0xfc,0x00,0x74,0x8b,0xfa,0x03,0x03,0x05,0xf0,0x00,0x00,0x00,0x66,0x00,0x00,
0x00,0x04,0x00,0x00,0x00,0x00,0x00,0x00,0x00,0x00,0x00,0x00,0x00,0x00,0x00,0x00,
0x00,0x00,0x00,0x00,0x00,0x00,0x00,0x00,0x00,0x00,0x00,0x00,0x00,0x00,0x00,0x00,
0x00,0x01,0x00,0x00,0x00,0x34,0x01,0x03,0x04,0xec,0x02,0x4a,0x57,0xfb,0x00,0xc8,
0xee,0xfb,0x00,0xd4,0xfd,0xfe,0x01,0xaf,0xd0,0xfb,0x05,0x29,0x30,0xfd,0x01,0x00,
0x01,0xff,0x00,0x00,0x00,0xff,0x01,0x00,0x01,0xfe,0x04,0x39,0x45,0xfb,0x00,0xcc,
0xf2,0xfc,0x00,0xd6,0xff,0xff,0x00,0xd6,0xff,0xff,0x00,0xd6,0xff,0xff,0x00,0xd6,
0xff,0xff,0x00,0xd6,0xff,0xff,0x00,0xd6,0xff,0xff,0x00,0xd6,0xff,0xff,0x00,0xd6,
0xff,0xff,0x00,0xd6,0xff,0xff,0x00,0xd6,0xff,0xff,0x00,0xd6,0xff,0xff,0x00,0xd6,
0xff,0xff,0x00,0xd6,0xff,0xff,0x00,0xd6,0xff,0xff,0x00,0xd5,0xfe,0xff,0x01,0x99,
0xb6,0xfa,0x02,0x02,0x02,0xfe,0x00,0x00,0x00,0xff,0x00,0x00,0x00,0xff,0x02,0x0a,
0x0c,0xfe,0x02,0x77,0x8e,0xfb,0x00,0xcf,0xf5,0xfd,0x00,0xd5,0xfc,0xfd,0x01,0x89,
0xa2,0xfb,0x01,0x10,0x13,0xfc,0x00,0x00,0x00,0x99,0x00,0x00,0x00,0x0c,0x00,0x00,
0x00,0x00,0x00,0x00,0x00,0x00,0x00,0x00,0x00,0x00,0x00,0x00,0x00,0x00,0x00,0x00,
0x00,0x00,0x00,0x00,0x00,0x00,0x00,0x00,0x00,0x00,0x00,0x00,0x00,0x00,0x00,0x00,
0x00,0x00,0x00,0x00,0x00,0x01,0x00,0x00,0x00,0x4e,0x01,0x02,0x02,0xe9,0x01,0x56,
0x66,0xf9,0x00,0xc8,0xee,0xfb,0x00,0xd6,0xfe,0xfe,0x00,0xc4,0xea,0xfb,0x05,0x43,
0x4f,0xfd,0x01,0x09,0x0b,0xfe,0x01,0x09,0x0c,0xfd,0x01,0xad,0xcd,0xfa,0x00,0xd6,
0xff,0xff,0x00,0xd6,0xff,0xff,0x00,0xd6,0xff,0xff,0x00,0xd6,0xff,0xff,0x00,0xd6,
0xff,0xff,0x00,0xd6,0xff,0xff,0x00,0xd6,0xff,0xff,0x00,0xd6,0xff,0xff,0x00,0xd6,
0xff,0xff,0x00,0xd6,0xff,0xff,0x00,0xd6,0xff,0xff,0x00,0xd6,0xff,0xff,0x00,0xd6,
0xff,0xff,0x00,0xd6,0xff,0xff,0x00,0xd6,0xff,0xff,0x00,0xd6,0xff,0xff,0x00,0xd6,
0xfc,0xfc,0x02,0x4c,0x5b,0xfb,0x02,0x04,0x04,0xfe,0x01,0x18,0x1d,0xfe,0x03,0x8c,
0xa6,0xfa,0x00,0xd5,0xfb,0xfb,0x00,0xd4,0xfb,0xfd,0x01,0x9b,0xb9,0xfc,0x02,0x18,
0x1c,0xf9,0x00,0x00,0x00,0xb2,0x00,0x00,0x00,0x08,0x00,0x00,0x00,0x00,0x00,0x00,
0x00,0x00,0x00,0x00,0x00,0x00,0x00,0x00,0x00,0x00,0x00,0x00,0x00,0x00,0x00,0x00,
0x00,0x00,0x00,0x00,0x00,0x00,0x00,0x00,0x00,0x00,0x00,0x00,0x00,0x00,0x00,0x00,
0x00,0x00,0x00,0x00,0x00,0x00,0x00,0x00,0x00,0x07,0x00,0x00,0x00,0x64,0x01,0x01,
0x02,0xe8,0x02,0x4a,0x57,0xfb,0x01,0xb4,0xd7,0xfc,0x00,0xd5,0xfe,0xff,0x00,0xcb,
0xf1,0xfb,0x02,0x7d,0x95,0xfb,0x02,0x77,0x8d,0xf9,0x00,0xd6,0xfd,0xfc,0x00,0xd6,
0xff,0xff,0x00,0xd6,0xff,0xff,0x00,0xd6,0xff,0xff,0x00,0xd6,0xff,0xff,0x00,0xd6,
0xff,0xff,0x00,0xd6,0xff,0xff,0x00,0xd6,0xff,0xff,0x00,0xd6,0xff,0xff,0x00,0xd6,
0xff,0xff,0x00,0xd6,0xff,0xff,0x00,0xd6,0xff,0xff,0x00,0xd6,0xff,0xff,0x00,0xd6,
0xff,0xff,0x00,0xd6,0xff,0xff,0x00,0xd6,0xff,0xff,0x00,0xd6,0xff,0xff,0x00,0xd6,
0xff,0xff,0x00,0xb5,0xd5,0xfb,0x02,0x62,0x75,0xfa,0x01,0xaf,0xcf,0xfb,0x00,0xd6,
0xfe,0xff,0x00,0xcd,0xf4,0xfc,0x01,0x82,0x99,0xfa,0x02,0x16,0x1a,0xf8,0x00,0x00,
0x00,0xaa,0x00,0x00,0x00,0x1b,0x00,0x00,0x00,0x00,0x00,0x00,0x00,0x00,0x00,0x00,
0x00,0x00,0x00,0x00,0x00,0x00,0x00,0x00,0x00,0x00,0x00,0x00,0x00,0x00,0x00,0x00,
0x00,0x00,0x00,0x00,0x00,0x00,0x00,0x00,0x00,0x00,0x00,0x00,0x00,0x00,0x00,0x00,
0x00,0x00,0x00,0x00,0x00,0x00,0x00,0x00,0x00,0x00,0x00,0x00,0x00,0x07,0x00,0x00,
0x00,0x4e,0x01,0x03,0x04,0xed,0x01,0x2d,0x36,0xfd,0x01,0xac,0xcb,0xfc,0x00,0xd6,
0xfd,0xfd,0x00,0xd3,0xfa,0xfe,0x00,0xd1,0xf8,0xfc,0x00,0xd6,0xff,0xff,0x00,0xd6,
0xff,0xff,0x00,0xd6,0xff,0xff,0x00,0xd6,0xff,0xff,0x00,0xd6,0xff,0xff,0x00,0xd6,
0xff,0xff,0x00,0xd6,0xff,0xff,0x00,0xd6,0xff,0xff,0x00,0xd6,0xff,0xff,0x00,0xd6,
0xff,0xff,0x00,0xd6,0xff,0xff,0x00,0xd6,0xff,0xff,0x00,0xd6,0xff,0xff,0x00,0xd6,
0xff,0xff,0x00,0xd6,0xff,0xff,0x00,0xd6,0xff,0xff,0x00,0xd6,0xff,0xff,0x00,0xd6,
0xff,0xff,0x00,0xd5,0xfc,0xfd,0x00,0xd0,0xf7,0xfc,0x00,0xd5,0xfe,0xff,0x00,0xcc,
0xf1,0xfb,0x02,0x62,0x75,0xfc,0x02,0x0c,0x0e,0xfc,0x00,0x00,0x00,0xa8,0x00,0x00,
0x00,0x19,0x00,0x00,0x00,0x01,0x00,0x00,0x00,0x00,0x00,0x00,0x00,0x00,0x00,0x00,
0x00,0x00,0x00,0x00,0x00,0x00,0x00,0x00,0x00,0x00,0x00,0x00,0x00,0x00,0x00,0x00,
0x00,0x00,0x00,0x00,0x00,0x00,0x00,0x00,0x00,0x00,0x00,0x00,0x00,0x00,0x00,0x00,
0x00,0x00,0x00,0x00,0x00,0x00,0x00,0x00,0x00,0x00,0x00,0x00,0x00,0x00,0x00,0x00,
0x00,0x01,0x00,0x00,0x00,0x35,0x00,0x00,0x00,0xc9,0x02,0x0a,0x0c,0xf9,0x02,0x77,
0x8e,0xfa,0x00,0xc3,0xe7,0xfd,0x00,0xd5,0xfd,0xfe,0x00,0xd6,0xff,0xff,0x00,0xd6,
0xff,0xff,0x00,0xd6,0xff,0xff,0x00,0xd6,0xff,0xff,0x00,0xd6,0xff,0xff,0x00,0xd6,
0xff,0xff,0x00,0xd6,0xff,0xff,0x00,0xd6,0xff,0xff,0x00,0xd6,0xff,0xff,0x00,0xd6,
0xff,0xff,0x00,0xd6,0xff,0xff,0x00,0xd6,0xff,0xff,0x00,0xd6,0xff,0xff,0x00,0xd6,
0xff,0xff,0x00,0xd6,0xff,0xff,0x00,0xd6,0xff,0xff,0x00,0xd6,0xff,0xff,0x00,0xd6,
0xff,0xff,0x00,0xd5,0xfe,0xff,0x00,0xce,0xf4,0xfd,0x01,0xab,0xcc,0xfc,0x01,0x34,
0x3e,0xfa,0x03,0x01,0x01,0xea,0x00,0x00,0x00,0x83,0x00,0x00,0x00,0x03,0x00,0x00,
0x00,0x00,0x00,0x00,0x00,0x00,0x00,0x00,0x00,0x00,0x00,0x00,0x00,0x00,0x00,0x00,
0x00,0x00,0x00,0x00,0x00,0x00,0x00,0x00,0x00,0x00,0x00,0x00,0x00,0x00,0x00,0x00,
0x00,0x00,0x00,0x00,0x00,0x00,0x00,0x00,0x00,0x00,0x00,0x00,0x00,0x00,0x00,0x00,
0x00,0x00,0x00,0x00,0x00,0x00,0x00,0x00,0x00,0x00,0x00,0x00,0x00,0x00,0x00,0x00,
0x00,0x00,0x00,0x00,0x00,0x01,0x00,0x00,0x00,0x25,0x00,0x00,0x00,0x8c,0x03,0x05,
0x07,0xe9,0x02,0x35,0x40,0xfc,0x01,0x7e,0x98,0xfc,0x00,0xbe,0xe2,0xfb,0x00,0xd6,
0xfe,0xfc,0x00,0xd6,0xff,0xff,0x00,0xd6,0xff,0xff,0x00,0xd6,0xff,0xff,0x00,0xd6,
0xff,0xff,0x00,0xd6,0xff,0xff,0x00,0xd6,0xff,0xff,0x00,0xd6,0xff,0xff,0x00,0xd6,
0xff,0xff,0x00,0xd6,0xff,0xff,0x00,0xd6,0xff,0xff,0x00,0xd6,0xff,0xff,0x00,0xd6,
0xff,0xff,0x00,0xd6,0xff,0xff,0x00,0xd6,0xff,0xff,0x00,0xd6,0xff,0xff,0x00,0xd1,
0xf8,0xfc,0x02,0x9f,0xbd,0xfc,0x02,0x58,0x68,0xfc,0x02,0x12,0x15,0xfb,0x00,0x00,
0x00,0xbd,0x00,0x00,0x00,0x50,0x00,0x00,0x00,0x08,0x00,0x00,0x00,0x00,0x00,0x00,
0x00,0x00,0x00,0x00,0x00,0x00,0x00,0x00,0x00,0x00,0x00,0x00,0x00,0x00,0x00,0x00,
0x00,0x00,0x00,0x00,0x00,0x00,0x00,0x00,0x00,0x00,0x00,0x00,0x00,0x00,0x00,0x00,
0x00,0x00,0x00,0x00,0x00,0x00,0x00,0x00,0x00,0x00,0x00,0x00,0x00,0x00,0x00,0x00,
0x00,0x00,0x00,0x00,0x00,0x00,0x00,0x00,0x00,0x00,0x00,0x00,0x00,0x00,0x00,0x00,
0x00,0x00,0x00,0x00,0x00,0x00,0x00,0x00,0x00,0x00,0x00,0x00,0x00,0x08,0x00,0x00,
0x00,0x36,0x00,0x00,0x00,0xaf,0x01,0x08,0x0a,0xf8,0x01,0x21,0x27,0xfe,0x03,0x61,
0x74,0xfc,0x01,0xb0,0xd3,0xfa,0x00,0xd5,0xfc,0xfb,0x00,0xd7,0xfe,0xfd,0x00,0xd6,
0xff,0xff,0x00,0xd6,0xff,0xff,0x00,0xd6,0xff,0xff,0x00,0xd6,0xff,0xff,0x00,0xd6,
0xff,0xff,0x00,0xd6,0xff,0xff,0x00,0xd6,0xff,0xff,0x00,0xd6,0xff,0xff,0x00,0xd6,
0xff,0xff,0x00,0xd6,0xff,0xfc,0x00,0xc9,0xee,0xfc,0x03,0x89,0xa3,0xfc,0x02,0x37,
0x40,0xfc,0x01,0x12,0x15,0xfc,0x01,0x02,0x03,0xdd,0x00,0x00,0x00,0x65,0x00,0x00,
0x00,0x16,0x00,0x00,0x00,0x02,0x00,0x00,0x00,0x00,0x00,0x00,0x00,0x00,0x00,0x00,
0x00,0x00,0x00,0x00,0x00,0x00,0x00,0x00,0x00,0x00,0x00,0x00,0x00,0x00,0x00,0x00,
0x00,0x00,0x00,0x00,0x00,0x00,0x00,0x00,0x00,0x00,0x00,0x00,0x00,0x00,0x00,0x00,
0x00,0x00,0x00,0x00,0x00,0x00,0x00,0x00,0x00,0x00,0x00,0x00,0x00,0x00,0x00,0x00,
0x00,0x00,0x00,0x00,0x00,0x00,0x00,0x00,0x00,0x00,0x00,0x00,0x00,0x00,0x00,0x00,
0x00,0x00,0x00,0x00,0x00,0x00,0x00,0x00,0x00,0x00,0x00,0x00,0x00,0x00,0x00,0x00,
0x00,0x00,0x00,0x00,0x00,0x04,0x00,0x00,0x00,0x42,0x00,0x00,0x00,0xb0,0x02,0x00,
0x00,0xe1,0x01,0x01,0x02,0xf4,0x02,0x22,0x2a,0xfc,0x03,0x5b,0x6c,0xfc,0x01,0x8b,
0xa5,0xfc,0x01,0xa8,0xc7,0xfb,0x00,0xb4,0xd5,0xfb,0x00,0xb8,0xda,0xfc,0x00,0xb8,
0xdc,0xfc,0x00,0xb5,0xd9,0xfd,0x01,0xb0,0xd0,0xfd,0x00,0x9a,0xb6,0xfd,0x01,0x71,
0x88,0xfb,0x02,0x3e,0x4a,0xfb,0x01,0x0a,0x0d,0xfa,0x01,0x00,0x00,0xea,0x00,0x00,
0x00,0xd1,0x00,0x00,0x00,0x76,0x00,0x00,0x00,0x16,0x00,0x00,0x00,0x01,0x00,0x00,
0x00,0x00,0x00,0x00,0x00,0x00,0x00,0x00,0x00,0x00,0x00,0x00,0x00,0x00,0x00,0x00,
0x00,0x00,0x00,0x00,0x00,0x00,0x00,0x00,0x00,0x00,0x00,0x00,0x00,0x00,0x00,0x00,
0x00,0x00,0x00,0x00,0x00,0x00,0x00,0x00,0x00,0x00,0x00,0x00,0x00,0x00,0x00,0x00,
0x00,0x00,0x00,0x00,0x00,0x00,0x00,0x00,0x00,0x00,0x00,0x00,0x00,0x00,0x00,0x00,
0x00,0x00,0x00,0x00,0x00,0x00,0x00,0x00,0x00,0x00,0x00,0x00,0x00,0x00,0x00,0x00,
0x00,0x00,0x00,0x00,0x00,0x00,0x00,0x00,0x00,0x00,0x00,0x00,0x00,0x00,0x00,0x00,
0x00,0x00,0x00,0x00,0x00,0x00,0x00,0x00,0x00,0x00,0x00,0x00,0x00,0x05,0x00,0x00,
0x00,0x2d,0x00,0x00,0x00,0x64,0x02,0x00,0x00,0x92,0x01,0x00,0x00,0xb7,0x01,0x00,
0x00,0xd6,0x01,0x02,0x04,0xed,0x01,0x0a,0x0d,0xf9,0x01,0x12,0x16,0xfe,0x00,0x12,
0x16,0xfd,0x00,0x0e,0x11,0xfb,0x02,0x07,0x08,0xf5,0x01,0x01,0x01,0xe3,0x01,0x00,
0x00,0xc6,0x02,0x00,0x00,0xa4,0x00,0x00,0x00,0x7a,0x00,0x00,0x00,0x48,0x00,0x00,
0x00,0x10,0x00,0x00,0x00,0x00,0x00,0x00,0x00,0x00,0x00,0x00,0x00,0x00,0x00,0x00,
0x00,0x00,0x00,0x00,0x00,0x00,0x00,0x00,0x00,0x00,0x00,0x00,0x00,0x00,0x00,0x00,
0x00,0x00,0x00,0x00,0x00,0x00,0x00,0x00,0x00,0x00,0x00,0x00,0x00,0x00,0x00,0x00,
0x00,0x00,0x00,0x00,0x00,0x00,0x00,0x00,0x00,0x00,0x00,0x00,0x00,0x00,0x00,0x00,
0x00,0x00,0x00,0x00,0x00,0x00,0x00,0x00,0x00,0x00,0x00,0x00,0x00,0x00,0x00,0x00,
0x00,0x00,0x00,0x00,0x00,0x00,0x00,0x00,0x00,0x00,0x00,0x00,0x00,0x00,0x00,0x00,
0x00,0x00,0x00,0x00,0x00,0x00,0x00,0x00,0x00,0x00,0x00,0x00,0x00,0x00,0x00,0x00,
0x00,0x00,0x00,0x00,0x00,0x00,0x00,0x00,0x00,0x00,0x00,0x00,0x00,0x00,0x00,0x00,
0x00,0x00,0x00,0x00,0x00,0x00,0x00,0x00,0x00,0x07,0x00,0x00,0x00,0x13,0x00,0x00,
0x00,0x1e,0x00,0x00,0x00,0x27,0x00,0x00,0x00,0x31,0x00,0x00,0x00,0x3a,0x00,0x00,
0x00,0x3c,0x00,0x00,0x00,0x36,0x00,0x00,0x00,0x2b,0x00,0x00,0x00,0x23,0x00,0x00,
0x00,0x18,0x00,0x00,0x00,0x0c,0x00,0x00,0x00,0x02,0x00,0x00,0x00,0x00,0x00,0x00,
0x00,0x00,0x00,0x00,0x00,0x00,0x00,0x00,0x00,0x00,0x00,0x00,0x00,0x00,0x00,0x00,
0x00,0x00,0x00,0x00,0x00,0x00,0x00,0x00,0x00,0x00,0x00,0x00,0x00,0x00,0x00,0x00,
0x00,0x00,0x00,0x00,0x00,0x00,0x00,0x00,0x00,0x00,0x00,0x00,0x00,0x00,0x00,0x00,
0x00,0x00,0x00,0x00,0x00,0x00,0x00,0x00,0x00,0x00,0x00,0x00,0x00,0x00,0x00,0x00,
0x00,0x00,0x00,0x00,0x00,0x00,0x00,0x00,0x00,0x00,0x00,0x00,0x00,0x00,0x00,0x00,
0x00,0x00,0x00,0x00,0x00,0x00,0x00,0x00,0x00,0x00,0x00,0x00,0x00,0x00,0x00,0x00,
0x00,0x00,0x00,0x00,0x00,0x00,0x00,0x00,0x00,0x00,0x00,0x00,0x00,0x00,0x00,0x00,
0x00,0x00,0x00,0x00,0x00,0x00,0x00,0x00,0x00,0x00,0x00,0x00,0x00,0x00,0x00,0x00,
0x00,0x00,0x00,0x00,0x00,0x00,0x00,0x00,0x00,0x00,0x00,0x00,0x00,0x00,0x00,0x00,
0x00,0x00,0x00,0x00,0x00,0x00,0x00,0x00,0x00,0x00,0x00,0x00,0x00,0x00,0x00,0x00,
0x00,0x00,0x00,0x00,0x00,0x00,0x00,0x00,0x00,0x00,0x00,0x00,0x00,0x00,0x00,0x00,
0x00,0x00,0x00,0x00,0x00,0x00,0x00,0x00,0x00,0x00,0x00,0x00,0x00,0x00,0x00,0x00,
0x00,0x00,0x00,0x00,0x00,0x00,0x00,0x00,0x00,0x00,0x00,0x00,0x00,0x00,0x00,0x00,
0x00,0x00,0x00,0x00,0x00,0x00,0x00,0x00,0x00,0x00,0x00,0x00,0x00,0x00,0x00,0x00,
0x00,0x00,0x00,0x00,0x00,0x00,0x00,0x00,0x00,0x00,0x00,0x00,0x00,0x00,0x00,0x00,
0x00,0x00,0x00,0x00,0x00,0x00,0x00,0x00,0x00,0x00,0x00,0x00,0x00,0x00,0x00,0x00,
0x00,0x00,0x00,0x00,0x00,0x00,0x00,0x00,0x00,0x00,0x00,0x00,0x00,0x00,0x00,0x00,
0x00,0x00,0x00,0x00,0x00,0x00,0x00,0x00,0x00,0x00,0x00,0x00,0x00,0x00,0x00,0x00,
0x00,0x00,0x00,0x00,0x00,0x00,0x00,0x00,0x00,0x00,0x00,0x00,0x00,0x00,0x00,0x00,
0x00,0x00,0x00,0x00,0x00,0x00,0x00,0x00,0x00,0x00,0x00,0x00,0x00,0x00,0x00,0x00,
0x00,0x00,0x00,0x00,0x00,0x00,0x00,0x00,0x00,0x00,0x00,0x00,0x00,0x00,0x00,0x00,
0x00,0x00,0x00,0x00,0x00,0x00,0x00,0x00,0x00,0x00,0x00,0x00,0x00,0x00,0x00,0x00,
0x00,0x00,0x00,0x00,0x00,0x00,0x00,0x00,0x00,0x00,0x00,0x00,0x00,0x00,0x00,0x00,
0x00,0x00,0x00,0x00,0x00,0x00,0x00,0x00,0x00,0x00,0x00,0x00,0x00,0x00,0x00,0x00,
0x00,0x00,0x00,0x00,0x00,0x00,0x00,0x00,0x00,0x00,0x00,0x00,0x00,0x00,0x00,0x00,
0x00,0x00,0x00,0x00,0x00,0x00,0x00,0x00,0x00,0x00,0x00,0x00,0x00,0x00,0x00,0x00,
0x00,0x00,0x00,0x00,0x00,0x00,0x00,0x00,0x00,0x00,0x00,0x00,0x00,0x00,0x00,0x00,
0x00,0x00,0x00,0x00,0x00,0x00,0x00,0x00,0x00,0x00,0x00,0x00,0x00,0x00,0x00,0x00,
0x00,0x00,0x00,0x00,0x00,0x00,0x00,0x00,0x00,0x00,0x00,0x00,0x00,0x00,0x00,0x00,
0x00,0x00,0x00,0x00,0x00,0x00,0x00,0x00,0x00,0x00,0x00,0x00,0x00,0x00,0x00,0x00,
0x00,0x00,0x00,0x00,0x00,0x00,0x00,0x00,0x00,0x00,0x00,0x00,0x00,0x00,0x00,0x00,
0x00,0x00,0x00,0x00,0x00,0x00,0x00,0x00,0x00,0x00,0x00,0x00,0x00,0x00,0x00,0x00,
0x00,0x00,0x00,0x00,0x00,0x00,0x00,0x00,0x00,0x00,0x00,0x00,0x00,0x00,0x00,0x00,
0x00,0x00,0x00,0x00,0x00,0x00,0x00,0x00,0x00,0x00,0x00,0x00,0x00,0x00,0x00,0x00,
0x00,0x00,0x00,0x00,0x00,0x00,0x00,0x00,0x00,0x00,0x00,0x00,0x00,0x00,0x00,0x00,
0x00,0x00,0x00,0x00,0x00,0x00,0x00,0x00,0x00,0x00,0x00,0x00,0x00,0x00,0x00,0x00,
0x00,0x00,0x00,0x00,0x00,0x00,0x00,0x00,0x00,0x00,0x00,0x00,0x00,0x00,0x00,0x00,
0x00,0x00,0x00,0x00,0x00,0x00,0x00,0x00,0x00,0x00,0x00,0x00,0x00,0x00,0x00,0x00,
0x00,0x00,0x00,0x00,0x00,0x00,0x00,0x00,0x00,0x00,0x00,0x00,0x00,0x00,0x00,0x00,
0x00,0x00,0x00,0x00,0x00,0x00,0x00,0x00,0x00,0x00,0x00,0x00,0x00,0x00,};

#if FSDATA_FILE_ALIGNMENT==1
static const unsigned int dummy_align__index_html = 2;
#endif
static const unsigned char FSDATA_ALIGN_PRE data__index_html[] FSDATA_ALIGN_POST = {
/* /index.html (12 chars) */
0x2f,0x69,0x6e,0x64,0x65,0x78,0x2e,0x68,0x74,0x6d,0x6c,0x00,

/* HTTP header */
/* "HTTP/1.0 200 OK
" (17 bytes) */
0x48,0x54,0x54,0x50,0x2f,0x31,0x2e,0x30,0x20,0x32,0x30,0x30,0x20,0x4f,0x4b,0x0d,
0x0a,
/* "Server: lwIP/2.2.1d (http://savannah.nongnu.org/projects/lwip)
" (64 bytes) */
0x53,0x65,0x72,0x76,0x65,0x72,0x3a,0x20,0x6c,0x77,0x49,0x50,0x2f,0x32,0x2e,0x32,
0x2e,0x31,0x64,0x20,0x28,0x68,0x74,0x74,0x70,0x3a,0x2f,0x2f,0x73,0x61,0x76,0x61,
0x6e,0x6e,0x61,0x68,0x2e,0x6e,0x6f,0x6e,0x67,0x6e,0x75,0x2e,0x6f,0x72,0x67,0x2f,
0x70,0x72,0x6f,0x6a,0x65,0x63,0x74,0x73,0x2f,0x6c,0x77,0x69,0x70,0x29,0x0d,0x0a,

/* "Content-Length: 47434
" (18+ bytes) */
0x43,0x6f,0x6e,0x74,0x65,0x6e,0x74,0x2d,0x4c,0x65,0x6e,0x67,0x74,0x68,0x3a,0x20,
0x34,0x37,0x34,0x33,0x34,0x0d,0x0a,
/* "Content-Type: text/html

" (27 bytes) */
0x43,0x6f,0x6e,0x74,0x65,0x6e,0x74,0x2d,0x54,0x79,0x70,0x65,0x3a,0x20,0x74,0x65,
0x78,0x74,0x2f,0x68,0x74,0x6d,0x6c,0x0d,0x0a,0x0d,0x0a,
/* raw file data (47434 bytes) */
0x3c,0x68,0x74,0x6d,0x6c,0x3e,0x0a,0x3c,0x6d,0x65,0x74,0x61,0x20,0x68,0x74,0x74,
0x70,0x2d,0x65,0x71,0x75,0x69,0x76,0x3d,0x22,0x43,0x6f,0x6e,0x74,0x65,0x6e,0x74,
0x2d,0x54,0x79,0x70,0x65,0x22,0x20,0x63,0x6f,0x6e,0x74,0x65,0x6e,0x74,0x3d,0x22,
0x74,0x65,0x78,0x74,0x2f,0x68,0x74,0x6d,0x6c,0x3b,0x20,0x63,0x68,0x61,0x72,0x73,
0x65,0x74,0x3d,0x75,0x74,0x66,0x2d,0x38,0x22,0x20,0x2f,0x3e,0x0a,0x0a,0x3c,0x68,
0x65,0x61,0x64,0x3e,0x0a,0x20,0x20,0x20,0x20,0x3c,0x6d,0x65,0x74,0x61,0x20,0x6e,
0x61,0x6d,0x65,0x3d,0x22,0x76,0x69,0x65,0x77,0x70,0x6f,0x72,0x74,0x22,0x20,0x63,
0x6f,0x6e,0x74,0x65,0x6e,0x74,0x3d,0x22,0x77,0x69,0x64,0x74,0x68,0x3d,0x64,0x65,
0x76,0x69,0x63,0x65,0x2d,0x77,0x69,0x64,0x74,0x68,0x2c,0x20,0x69,0x6e,0x69,0x74,
0x69,0x61,0x6c,0x2d,0x73,0x63,0x61,0x6c,0x65,0x3d,0x31,0x22,0x3e,0x0a,0x20,0x20,
0x20,0x20,0x3c,0x74,0x69,0x74,0x6c,0x65,0x3e,0x52,0x61,0x64,0x69,0x6f,0x70,0x72,
0x6f,0x74,0x65,0x63,0x63,0x69,0xc3,0xb3,0x6e,0x3c,0x2f,0x74,0x69,0x74,0x6c,0x65,
0x3e,0x0a,0x20,0x20,0x20,0x20,0x3c,0x73,0x63,0x72,0x69,0x70,0x74,0x20,0x73,0x72,
0x63,0x3d,0x22,0x73,0x6c,0x69,0x64,0x65,0x72,0x2e,0x6a,0x73,0x22,0x3e,0x3c,0x2f,
0x73,0x63,0x72,0x69,0x70,0x74,0x3e,0x0a,0x20,0x20,0x20,0x20,0x3c,0x6c,0x69,0x6e,
0x6b,0x20,0x72,0x65,0x6c,0x3d,0x22,0x73,0x74,0x79,0x6c,0x65,0x73,0x68,0x65,0x65,
0x74,0x22,0x20,0x68,0x72,0x65,0x66,0x3d,0x22,0x73,0x6c,0x69,0x64,0x65,0x72,0x2e,
0x63,0x73,0x73,0x22,0x3e,0x0a,0x0a,0x20,0x20,0x20,0x20,0x3c,0x6c,0x69,0x6e,0x6b,
0x20,0x72,0x65,0x6c,0x3d,0x22,0x73,0x74,0x79,0x6c,0x65,0x73,0x68,0x65,0x65,0x74,
0x22,0x20,0x68,0x72,0x65,0x66,0x3d,0x22,0x73,0x74,0x79,0x6c,0x65,0x73,0x2e,0x63,
0x73,0x73,0x22,0x3e,0x0a,0x3c,0x2f,0x68,0x65,0x61,0x64,0x3e,0x0a,0x0a,0x3c,0x62,
0x6f,0x64,0x79,0x3e,0x0a,0x0a,0x20,0x20,0x20,0x20,0x3c,0x64,0x69,0x76,0x20,0x63,
0x6c,0x61,0x73,0x73,0x3d,0x22,0x73,0x6c,0x69,0x64,0x65,0x72,0x2d,0x63,0x6f,0x6e,
0x74,0x61,0x69,0x6e,0x65,0x72,0x22,0x3e,0x0a,0x20,0x20,0x20,0x20,0x20,0x20,0x20,
0x20,0x3c,0x64,0x69,0x76,0x20,0x63,0x6c,0x61,0x73,0x73,0x3d,0x22,0x73,0x6c,0x69,
0x64,0x65,0x72,0x22,0x3e,0x0a,0x20,0x20,0x20,0x20,0x20,0x20,0x20,0x20,0x20,0x20,
0x20,0x20,0x3c,0x64,0x69,0x76,0x20,0x63,0x6c,0x61,0x73,0x73,0x3d,0x22,0x73,0x6c,
0x69,0x64,0x65,0x22,0x3e,0x0a,0x20,0x20,0x20,0x20,0x20,0x20,0x20,0x20,0x20,0x20,
0x20,0x20,0x20,0x20,0x20,0x20,0x3c,0x68,0x32,0x3e,0x4d,0x41,0x43,0x20,0x41,0x64,
0x64,0x72,0x65,0x73,0x73,0x3a,0x20,0x3c,0x73,0x70,0x61,0x6e,0x20,0x69,0x64,0x3d,
0x22,0x6d,0x61,0x63,0x5f,0x61,0x64,0x64,0x72,0x65,0x73,0x73,0x22,0x3e,0x3c,0x2f,
0x73,0x70,0x61,0x6e,0x3e,0x20,0x3c,0x2f,0x68,0x32,0x3e,0x0a,0x0a,0x20,0x20,0x20,
0x20,0x20,0x20,0x20,0x20,0x20,0x20,0x20,0x20,0x20,0x20,0x20,0x20,0x3c,0x66,0x6f,
0x72,0x6d,0x20,0x61,0x63,0x74,0x69,0x6f,0x6e,0x3d,0x22,0x22,0x20,0x69,0x64,0x3d,
0x22,0x73,0x65,0x74,0x74,0x69,0x6e,0x67,0x73,0x5f,0x66,0x6f,0x72,0x6d,0x22,0x3e,
0x0a,0x20,0x20,0x20,0x20,0x20,0x20,0x20,0x20,0x20,0x20,0x20,0x20,0x20,0x20,0x20,
0x20,0x20,0x20,0x20,0x20,0x3c,0x64,0x69,0x76,0x20,0x73,0x74,0x79,0x6c,0x65,0x3d,
0x22,0x64,0x69,0x73,0x70,0x6c,0x61,0x79,0x3a,0x20,0x66,0x6c,0x65,0x78,0x3b,0x20,
0x6a,0x75,0x73,0x74,0x69,0x66,0x79,0x2d,0x63,0x6f,0x6e,0x74,0x65,0x6e,0x74,0x3a,
0x20,0x63,0x65,0x6e,0x74,0x65,0x72,0x3b,0x20,0x66,0x6c,0x65,0x78,0x2d,0x64,0x69,
0x72,0x65,0x63,0x74,0x69,0x6f,0x6e,0x3a,0x20,0x63,0x6f,0x6c,0x75,0x6d,0x6e,0x3b,
0x22,0x3e,0x0a,0x20,0x20,0x20,0x20,0x20,0x20,0x20,0x20,0x20,0x20,0x20,0x20,0x20,
0x20,0x20,0x20,0x20,0x20,0x20,0x20,0x20,0x20,0x20,0x20,0x3c,0x73,0x74,0x72,0x6f,
0x6e,0x67,0x3e,0x43,0x6f,0x6e,0x6e,0x65,0x63,0x74,0x20,0x74,0x6f,0x20,0x52,0x6f,
0x75,0x74,0x65,0x72,0x20,0x77,0x69,0x74,0x68,0x20,0x74,0x68,0x65,0x73,0x65,0x20,
0x73,0x65,0x74,0x74,0x69,0x6e,0x67,0x73,0x3a,0x3c,0x2f,0x73,0x74,0x72,0x6f,0x6e,
0x67,0x3e,0x0a,0x20,0x20,0x20,0x20,0x20,0x20,0x20,0x20,0x20,0x20,0x20,0x20,0x20,
0x20,0x20,0x20,0x20,0x20,0x20,0x20,0x20,0x20,0x20,0x20,0x3c,0x74,0x61,0x62,0x6c,
0x65,0x20,0x63,0x65,0x6c,0x6c,0x73,0x70,0x61,0x63,0x69,0x6e,0x67,0x3d,0x22,0x30,
0x22,0x20,0x63,0x65,0x6c,0x6c,0x70,0x61,0x64,0x64,0x69,0x6e,0x67,0x3d,0x22,0x33,
0x22,0x20,0x73,0x74,0x79,0x6c,0x65,0x3d,0x22,0x77,0x69,0x64,0x74,0x68,0x3a,0x20,
0x31,0x30,0x30,0x25,0x3b,0x22,0x3e,0x0a,0x20,0x20,0x20,0x20,0x20,0x20,0x20,0x20,
0x20,0x20,0x20,0x20,0x20,0x20,0x20,0x20,0x20,0x20,0x20,0x20,0x20,0x20,0x20,0x20,
0x20,0x20,0x20,0x20,0x3c,0x74,0x72,0x3e,0x0a,0x20,0x20,0x20,0x20,0x20,0x20,0x20,
0x20,0x20,0x20,0x20,0x20,0x20,0x20,0x20,0x20,0x20,0x20,0x20,0x20,0x20,0x20,0x20,
0x20,0x20,0x20,0x20,0x20,0x20,0x20,0x20,0x20,0x3c,0x74,0x64,0x20,0x63,0x6c,0x61,
0x73,0x73,0x3d,0x22,0x6c,0x61,0x62,0x65,0x6c,0x22,0x3e,0x53,0x53,0x49,0x44,0x3a,
0x3c,0x2f,0x74,0x64,0x3e,0x0a,0x20,0x20,0x20,0x20,0x20,0x20,0x20,0x20,0x20,0x20,
0x20,0x20,0x20,0x20,0x20,0x20,0x20,0x20,0x20,0x20,0x20,0x20,0x20,0x20,0x20,0x20,
0x20,0x20,0x20,0x20,0x20,0x20,0x3c,0x74,0x64,0x3e,0x3c,0x69,0x6e,0x70,0x75,0x74,
0x20,0x74,0x79,0x70,0x65,0x3d,0x22,0x74,0x65,0x78,0x74,0x22,0x20,0x6e,0x61,0x6d,
0x65,0x3d,0x22,0x77,0x69,0x66,0x69,0x2e,0x73,0x73,0x69,0x64,0x22,0x20,0x76,0x61,
0x6c,0x75,0x65,0x3d,0x22,0x22,0x3e,0x3c,0x2f,0x74,0x64,0x3e,0x0a,0x20,0x20,0x20,
0x20,0x20,0x20,0x20,0x20,0x20,0x20,0x20,0x20,0x20,0x20,0x20,0x20,0x20,0x20,0x20,
0x20,0x20,0x20,0x20,0x20,0x20,0x20,0x20,0x20,0x3c,0x2f,0x74,0x72,0x3e,0x0a,0x20,
0x20,0x20,0x20,0x20,0x20,0x20,0x20,0x20,0x20,0x20,0x20,0x20,0x20,0x20,0x20,0x20,
0x20,0x20,0x20,0x20,0x20,0x20,0x20,0x20,0x20,0x20,0x20,0x3c,0x74,0x72,0x3e,0x0a,
0x20,0x20,0x20,0x20,0x20,0x20,0x20,0x20,0x20,0x20,0x20,0x20,0x20,0x20,0x20,0x20,
0x20,0x20,0x20,0x20,0x20,0x20,0x20,0x20,0x20,0x20,0x20,0x20,0x20,0x20,0x20,0x20,
0x3c,0x74,0x64,0x20,0x63,0x6c,0x61,0x73,0x73,0x3d,0x22,0x6c,0x61,0x62,0x65,0x6c,
0x22,0x3e,0x50,0x61,0x73,0x73,0x77,0x6f,0x72,0x64,0x3a,0x3c,0x2f,0x74,0x64,0x3e,
0x0a,0x20,0x20,0x20,0x20,0x20,0x20,0x20,0x20,0x20,0x20,0x20,0x20,0x20,0x20,0x20,
0x20,0x20,0x20,0x20,0x20,0x20,0x20,0x20,0x20,0x20,0x20,0x20,0x20,0x20,0x20,0x20,
0x20,0x3c,0x74,0x64,0x3e,0x3c,0x69,0x6e,0x70,0x75,0x74,0x20,0x74,0x79,0x70,0x65,
0x3d,0x22,0x70,0x61,0x73,0x73,0x77,0x6f,0x72,0x64,0x22,0x20,0x6e,0x61,0x6d,0x65,
0x3d,0x22,0x77,0x69,0x66,0x69,0x2e,0x70,0x61,0x73,0x73,0x77,0x6f,0x72,0x64,0x22,
0x20,0x76,0x61,0x6c,0x75,0x65,0x3d,0x22,0x22,0x3e,0x3c,0x2f,0x74,0x64,0x3e,0x0a,
0x20,0x20,0x20,0x20,0x20,0x20,0x20,0x20,0x20,0x20,0x20,0x20,0x20,0x20,0x20,0x20,
0x20,0x20,0x20,0x20,0x20,0x20,0x20,0x20,0x20,0x20,0x20,0x20,0x3c,0x2f,0x74,0x72,
0x3e,0x0a,0x20,0x20,0x20,0x20,0x20,0x20,0x20,0x20,0x20,0x20,0x20,0x20,0x20,0x20,
0x20,0x20,0x20,0x20,0x20,0x20,0x20,0x20,0x20,0x20,0x20,0x20,0x20,0x20,0x3c,0x74,
0x72,0x3e,0x0a,0x20,0x20,0x20,0x20,0x20,0x20,0x20,0x20,0x20,0x20,0x20,0x20,0x20,
0x20,0x20,0x20,0x20,0x20,0x20,0x20,0x20,0x20,0x20,0x20,0x20,0x20,0x20,0x20,0x20,
0x20,0x20,0x20,0x3c,0x74,0x64,0x20,0x63,0x6c,0x61,0x73,0x73,0x3d,0x22,0x6c,0x61,
0x62,0x65,0x6c,0x22,0x3e,0x53,0x65,0x63,0x75,0x72,0x69,0x74,0x79,0x3a,0x3c,0x2f,
0x74,0x64,0x3e,0x0a,0x20,0x20,0x20,0x20,0x20,0x20,0x20,0x20,0x20,0x20,0x20,0x20,
0x20,0x20,0x20,0x20,0x20,0x20,0x20,0x20,0x20,0x20,0x20,0x20,0x20,0x20,0x20,0x20,
0x20,0x20,0x20,0x20,0x3c,0x74,0x64,0x3e,0x0a,0x20,0x20,0x20,0x20,0x20,0x20,0x20,
0x20,0x20,0x20,0x20,0x20,0x20,0x20,0x20,0x20,0x20,0x20,0x20,0x20,0x20,0x20,0x20,
0x20,0x20,0x20,0x20,0x20,0x20,0x20,0x20,0x20,0x20,0x20,0x20,0x20,0x3c,0x73,0x65,
0x6c,0x65,0x63,0x74,0x20,0x6e,0x61,0x6d,0x65,0x3d,0x22,0x77,0x69,0x66,0x69,0x2e,
0x61,0x75,0x74,0x68,0x5f,0x6d,0x6f,0x64,0x65,0x22,0x3e,0x0a,0x20,0x20,0x20,0x20,
0x20,0x20,0x20,0x20,0x20,0x20,0x20,0x20,0x20,0x20,0x20,0x20,0x20,0x20,0x20,0x20,
0x20,0x20,0x20,0x20,0x20,0x20,0x20,0x20,0x20,0x20,0x20,0x20,0x20,0x20,0x20,0x20,
0x20,0x20,0x20,0x20,0x3c,0x6f,0x70,0x74,0x69,0x6f,0x6e,0x20,0x76,0x61,0x6c,0x75,
0x65,0x3d,0x22,0x30,0x22,0x20,0x74,0x69,0x74,0x6c,0x65,0x3d,0x22,0x4e,0x6f,0x20,
0x61,0x75,0x74,0x68,0x6f,0x72,0x69,0x73,0x61,0x74,0x69,0x6f,0x6e,0x20,0x72,0x65,
0x71,0x75,0x69,0x72,0x65,0x64,0x20,0x28,0x6f,0x70,0x65,0x6e,0x29,0x22,0x3e,0x4f,
0x50,0x45,0x4e,0x3c,0x2f,0x6f,0x70,0x74,0x69,0x6f,0x6e,0x3e,0x0a,0x20,0x20,0x20,
0x20,0x20,0x20,0x20,0x20,0x20,0x20,0x20,0x20,0x20,0x20,0x20,0x20,0x20,0x20,0x20,
0x20,0x20,0x20,0x20,0x20,0x20,0x20,0x20,0x20,0x20,0x20,0x20,0x20,0x20,0x20,0x20,
0x20,0x20,0x20,0x20,0x20,0x3c,0x6f,0x70,0x74,0x69,0x6f,0x6e,0x20,0x76,0x61,0x6c,
0x75,0x65,0x3d,0x22,0x31,0x22,0x20,0x74,0x69,0x74,0x6c,0x65,0x3d,0x22,0x57,0x50,
0x41,0x20,0x61,0x75,0x74,0x68,0x6f,0x72,0x69,0x73,0x61,0x74,0x69,0x6f,0x6e,0x22,
0x3e,0x57,0x50,0x41,0x20,0x54,0x4b,0x49,0x50,0x20,0x50,0x53,0x4b,0x3c,0x2f,0x6f,
0x70,0x74,0x69,0x6f,0x6e,0x3e,0x0a,0x20,0x20,0x20,0x20,0x20,0x20,0x20,0x20,0x20,
0x20,0x20,0x20,0x20,0x20,0x20,0x20,0x20,0x20,0x20,0x20,0x20,0x20,0x20,0x20,0x20,
0x20,0x20,0x20,0x20,0x20,0x20,0x20,0x20,0x20,0x20,0x20,0x20,0x20,0x20,0x20,0x3c,
0x6f,0x70,0x74,0x69,0x6f,0x6e,0x20,0x76,0x61,0x6c,0x75,0x65,0x3d,0x22,0x32,0x22,
0x20,0x74,0x69,0x74,0x6c,0x65,0x3d,0x22,0x57,0x50,0x41,0x32,0x20,0x61,0x75,0x74,
0x68,0x6f,0x72,0x69,0x73,0x61,0x74,0x69,0x6f,0x6e,0x20,0x28,0x70,0x72,0x65,0x66,
0x65,0x72,0x65,0x64,0x29,0x22,0x3e,0x57,0x50,0x41,0x20,0x41,0x45,0x53,0x20,0x50,
0x53,0x4b,0x3c,0x2f,0x6f,0x70,0x74,0x69,0x6f,0x6e,0x3e,0x0a,0x20,0x20,0x20,0x20,
0x20,0x20,0x20,0x20,0x20,0x20,0x20,0x20,0x20,0x20,0x20,0x20,0x20,0x20,0x20,0x20,
0x20,0x20,0x20,0x20,0x20,0x20,0x20,0x20,0x20,0x20,0x20,0x20,0x20,0x20,0x20,0x20,
0x20,0x20,0x20,0x20,0x3c,0x6f,0x70,0x74,0x69,0x6f,0x6e,0x20,0x76,0x61,0x6c,0x75,
0x65,0x3d,0x22,0x33,0x22,0x20,0x74,0x69,0x74,0x6c,0x65,0x3d,0x22,0x57,0x50,0x41,
0x32,0x2f,0x57,0x50,0x41,0x20,0x6d,0x69,0x78,0x65,0x64,0x20,0x61,0x75,0x74,0x68,
0x6f,0x72,0x69,0x73,0x61,0x74,0x69,0x6f,0x6e,0x22,0x20,0x73,0x65,0x6c,0x65,0x63,
0x74,0x65,0x64,0x3e,0x57,0x50,0x41,0x32,0x2f,0x57,0x50,0x41,0x20,0x4d,0x49,0x58,
0x45,0x44,0x0a,0x20,0x20,0x20,0x20,0x20,0x20,0x20,0x20,0x20,0x20,0x20,0x20,0x20,
0x20,0x20,0x20,0x20,0x20,0x20,0x20,0x20,0x20,0x20,0x20,0x20,0x20,0x20,0x20,0x20,
0x20,0x20,0x20,0x20,0x20,0x20,0x20,0x20,0x20,0x20,0x20,0x20,0x20,0x20,0x20,0x50,
0x53,0x4b,0x3c,0x2f,0x6f,0x70,0x74,0x69,0x6f,0x6e,0x3e,0x0a,0x20,0x20,0x20,0x20,
0x20,0x20,0x20,0x20,0x20,0x20,0x20,0x20,0x20,0x20,0x20,0x20,0x20,0x20,0x20,0x20,
0x20,0x20,0x20,0x20,0x20,0x20,0x20,0x20,0x20,0x20,0x20,0x20,0x20,0x20,0x20,0x20,
0x20,0x20,0x20,0x20,0x3c,0x6f,0x70,0x74,0x69,0x6f,0x6e,0x20,0x76,0x61,0x6c,0x75,
0x65,0x3d,0x22,0x34,0x22,0x20,0x74,0x69,0x74,0x6c,0x65,0x3d,0x22,0x57,0x50,0x41,
0x33,0x20,0x41,0x45,0x53,0x20,0x61,0x75,0x74,0x68,0x6f,0x72,0x69,0x73,0x61,0x74,
0x69,0x6f,0x6e,0x22,0x3e,0x57,0x50,0x41,0x33,0x20,0x41,0x45,0x53,0x3c,0x2f,0x6f,
0x70,0x74,0x69,0x6f,0x6e,0x3e,0x0a,0x20,0x20,0x20,0x20,0x20,0x20,0x20,0x20,0x20,
0x20,0x20,0x20,0x20,0x20,0x20,0x20,0x20,0x20,0x20,0x20,0x20,0x20,0x20,0x20,0x20,
0x20,0x20,0x20,0x20,0x20,0x20,0x20,0x20,0x20,0x20,0x20,0x20,0x20,0x20,0x20,0x3c,
0x6f,0x70,0x74,0x69,0x6f,0x6e,0x20,0x76,0x61,0x6c,0x75,0x65,0x3d,0x22,0x35,0x22,
0x20,0x74,0x69,0x74,0x6c,0x65,0x3d,0x22,0x57,0x50,0x41,0x33,0x20,0x41,0x45,0x53,
0x20,0x61,0x75,0x74,0x68,0x6f,0x72,0x69,0x73,0x61,0x74,0x69,0x6f,0x6e,0x22,0x3e,
0x57,0x50,0x41,0x32,0x2f,0x57,0x50,0x41,0x33,0x3c,0x2f,0x6f,0x70,0x74,0x69,0x6f,
0x6e,0x3e,0x0a,0x20,0x20,0x20,0x20,0x20,0x20,0x20,0x20,0x20,0x20,0x20,0x20,0x20,
0x20,0x20,0x20,0x20,0x20,0x20,0x20,0x20,0x20,0x20,0x20,0x20,0x20,0x20,0x20,0x20,
0x20,0x20,0x20,0x20,0x20,0x20,0x20,0x3c,0x2f,0x73,0x65,0x6c,0x65,0x63,0x74,0x3e,
0x0a,0x20,0x20,0x20,0x20,0x20,0x20,0x20,0x20,0x20,0x20,0x20,0x20,0x20,0x20,0x20,
0x20,0x20,0x20,0x20,0x20,0x20,0x20,0x20,0x20,0x20,0x20,0x20,0x20,0x20,0x20,0x20,
0x20,0x3c,0x2f,0x74,0x64,0x3e,0x0a,0x20,0x20,0x20,0x20,0x20,0x20,0x20,0x20,0x20,
0x20,0x20,0x20,0x20,0x20,0x20,0x20,0x20,0x20,0x20,0x20,0x20,0x20,0x20,0x20,0x20,
0x20,0x20,0x20,0x3c,0x2f,0x74,0x72,0x3e,0x0a,0x20,0x20,0x20,0x20,0x20,0x20,0x20,
0x20,0x20,0x20,0x20,0x20,0x20,0x20,0x20,0x20,0x20,0x20,0x20,0x20,0x20,0x20,0x20,
0x20,0x20,0x20,0x20,0x20,0x3c,0x74,0x72,0x3e,0x0a,0x20,0x20,0x20,0x20,0x20,0x20,
0x20,0x20,0x20,0x20,0x20,0x20,0x20,0x20,0x20,0x20,0x20,0x20,0x20,0x20,0x20,0x20,
0x20,0x20,0x20,0x20,0x20,0x20,0x20,0x20,0x20,0x20,0x3c,0x74,0x64,0x20,0x63,0x6c,
0x61,0x73,0x73,0x3d,0x22,0x6c,0x61,0x62,0x65,0x6c,0x22,0x3e,0x44,0x48,0x43,0x50,
0x3a,0x3c,0x2f,0x74,0x64,0x3e,0x0a,0x20,0x20,0x20,0x20,0x20,0x20,0x20,0x20,0x20,
0x20,0x20,0x20,0x20,0x20,0x20,0x20,0x20,0x20,0x20,0x20,0x20,0x20,0x20,0x20,0x20,
0x20,0x20,0x20,0x20,0x20,0x20,0x20,0x3c,0x74,0x64,0x3e,0x3c,0x69,0x6e,0x70,0x75,
0x74,0x20,0x74,0x79,0x70,0x65,0x3d,0x22,0x63,0x68,0x65,0x63,0x6b,0x62,0x6f,0x78,
0x22,0x20,0x6e,0x61,0x6d,0x65,0x3d,0x22,0x77,0x69,0x66,0x69,0x2e,0x64,0x68,0x63,
0x70,0x22,0x20,0x6f,0x6e,0x63,0x68,0x61,0x6e,0x67,0x65,0x3d,0x22,0x74,0x6f,0x67,
0x67,0x6c,0x65,0x5f,0x69,0x70,0x5f,0x73,0x65,0x74,0x74,0x69,0x6e,0x67,0x73,0x28,
0x74,0x68,0x69,0x73,0x29,0x22,0x3e,0x3c,0x2f,0x74,0x64,0x3e,0x0a,0x20,0x20,0x20,
0x20,0x20,0x20,0x20,0x20,0x20,0x20,0x20,0x20,0x20,0x20,0x20,0x20,0x20,0x20,0x20,
0x20,0x20,0x20,0x20,0x20,0x20,0x20,0x20,0x20,0x3c,0x2f,0x74,0x72,0x3e,0x0a,0x20,
0x20,0x20,0x20,0x20,0x20,0x20,0x20,0x20,0x20,0x20,0x20,0x20,0x20,0x20,0x20,0x20,
0x20,0x20,0x20,0x20,0x20,0x20,0x20,0x20,0x20,0x20,0x20,0x3c,0x74,0x72,0x3e,0x0a,
0x20,0x20,0x20,0x20,0x20,0x20,0x20,0x20,0x20,0x20,0x20,0x20,0x20,0x20,0x20,0x20,
0x20,0x20,0x20,0x20,0x20,0x20,0x20,0x20,0x20,0x20,0x20,0x20,0x20,0x20,0x20,0x20,
0x3c,0x74,0x64,0x20,0x63,0x6c,0x61,0x73,0x73,0x3d,0x22,0x6c,0x61,0x62,0x65,0x6c,
0x22,0x3e,0x49,0x50,0x3a,0x20,0x3c,0x2f,0x74,0x64,0x3e,0x0a,0x20,0x20,0x20,0x20,
0x20,0x20,0x20,0x20,0x20,0x20,0x20,0x20,0x20,0x20,0x20,0x20,0x20,0x20,0x20,0x20,
0x20,0x20,0x20,0x20,0x20,0x20,0x20,0x20,0x20,0x20,0x20,0x20,0x3c,0x74,0x64,0x3e,
0x0a,0x20,0x20,0x20,0x20,0x20,0x20,0x20,0x20,0x20,0x20,0x20,0x20,0x20,0x20,0x20,
0x20,0x20,0x20,0x20,0x20,0x20,0x20,0x20,0x20,0x20,0x20,0x20,0x20,0x20,0x20,0x20,
0x20,0x20,0x20,0x20,0x20,0x3c,0x69,0x6e,0x70,0x75,0x74,0x20,0x74,0x79,0x70,0x65,
0x3d,0x22,0x74,0x65,0x78,0x74,0x22,0x20,0x6e,0x61,0x6d,0x65,0x3d,0x22,0x77,0x69,
0x66,0x69,0x2e,0x69,0x70,0x22,0x20,0x70,0x6c,0x61,0x63,0x65,0x68,0x6f,0x6c,0x64,
0x65,0x72,0x3d,0x22,0x31,0x39,0x32,0x2e,0x31,0x36,0x38,0x2e,0x31,0x2e,0x32,0x30,
0x22,0x20,0x73,0x69,0x7a,0x65,0x3d,0x22,0x31,0x32,0x22,0x0a,0x20,0x20,0x20,0x20,
0x20,0x20,0x20,0x20,0x20,0x20,0x20,0x20,0x20,0x20,0x20,0x20,0x20,0x20,0x20,0x20,
0x20,0x20,0x20,0x20,0x20,0x20,0x20,0x20,0x20,0x20,0x20,0x20,0x20,0x20,0x20,0x20,
0x20,0x20,0x20,0x20,0x63,0x6c,0x61,0x73,0x73,0x3d,0x22,0x69,0x70,0x2d,0x61,0x64,
0x64,0x72,0x22,0x3e,0x0a,0x20,0x20,0x20,0x20,0x20,0x20,0x20,0x20,0x20,0x20,0x20,
0x20,0x20,0x20,0x20,0x20,0x20,0x20,0x20,0x20,0x20,0x20,0x20,0x20,0x20,0x20,0x20,
0x20,0x20,0x20,0x20,0x20,0x3c,0x2f,0x74,0x64,0x3e,0x0a,0x20,0x20,0x20,0x20,0x20,
0x20,0x20,0x20,0x20,0x20,0x20,0x20,0x20,0x20,0x20,0x20,0x20,0x20,0x20,0x20,0x20,
0x20,0x20,0x20,0x20,0x20,0x20,0x20,0x3c,0x2f,0x74,0x72,0x3e,0x0a,0x20,0x20,0x20,
0x20,0x20,0x20,0x20,0x20,0x20,0x20,0x20,0x20,0x20,0x20,0x20,0x20,0x20,0x20,0x20,
0x20,0x20,0x20,0x20,0x20,0x20,0x20,0x20,0x20,0x3c,0x74,0x72,0x3e,0x0a,0x20,0x20,
0x20,0x20,0x20,0x20,0x20,0x20,0x20,0x20,0x20,0x20,0x20,0x20,0x20,0x20,0x20,0x20,
0x20,0x20,0x20,0x20,0x20,0x20,0x20,0x20,0x20,0x20,0x20,0x20,0x20,0x20,0x3c,0x74,
0x64,0x20,0x63,0x6c,0x61,0x73,0x73,0x3d,0x22,0x6c,0x61,0x62,0x65,0x6c,0x22,0x3e,
0x4e,0x65,0x74,0x6d,0x61,0x73,0x6b,0x3a,0x3c,0x2f,0x74,0x64,0x3e,0x0a,0x20,0x20,
0x20,0x20,0x20,0x20,0x20,0x20,0x20,0x20,0x20,0x20,0x20,0x20,0x20,0x20,0x20,0x20,
0x20,0x20,0x20,0x20,0x20,0x20,0x20,0x20,0x20,0x20,0x20,0x20,0x20,0x20,0x3c,0x74,
0x64,0x3e,0x0a,0x20,0x20,0x20,0x20,0x20,0x20,0x20,0x20,0x20,0x20,0x20,0x20,0x20,
0x20,0x20,0x20,0x20,0x20,0x20,0x20,0x20,0x20,0x20,0x20,0x20,0x20,0x20,0x20,0x20,
0x20,0x20,0x20,0x20,0x20,0x20,0x20,0x3c,0x69,0x6e,0x70,0x75,0x74,0x20,0x74,0x79,
0x70,0x65,0x3d,0x22,0x74,0x65,0x78,0x74,0x22,0x20,0x6e,0x61,0x6d,0x65,0x3d,0x22,
0x77,0x69,0x66,0x69,0x2e,0x6e,0x6d,0x22,0x20,0x70,0x6c,0x61,0x63,0x65,0x68,0x6f,
0x6c,0x64,0x65,0x72,0x3d,0x22,0x32,0x35,0x35,0x2e,0x32,0x35,0x35,0x2e,0x32,0x35,
0x35,0x2e,0x30,0x22,0x20,0x73,0x69,0x7a,0x65,0x3d,0x22,0x31,0x32,0x22,0x0a,0x20,
0x20,0x20,0x20,0x20,0x20,0x20,0x20,0x20,0x20,0x20,0x20,0x20,0x20,0x20,0x20,0x20,
0x20,0x20,0x20,0x20,0x20,0x20,0x20,0x20,0x20,0x20,0x20,0x20,0x20,0x20,0x20,0x20,
0x20,0x20,0x20,0x20,0x20,0x20,0x20,0x63,0x6c,0x61,0x73,0x73,0x3d,0x22,0x69,0x70,
0x2d,0x61,0x64,0x64,0x72,0x22,0x3e,0x0a,0x20,0x20,0x20,0x20,0x20,0x20,0x20,0x20,
0x20,0x20,0x20,0x20,0x20,0x20,0x20,0x20,0x20,0x20,0x20,0x20,0x20,0x20,0x20,0x20,
0x20,0x20,0x20,0x20,0x20,0x20,0x20,0x20,0x3c,0x2f,0x74,0x64,0x3e,0x0a,0x20,0x20,
0x20,0x20,0x20,0x20,0x20,0x20,0x20,0x20,0x20,0x20,0x20,0x20,0x20,0x20,0x20,0x20,
0x20,0x20,0x20,0x20,0x20,0x20,0x20,0x20,0x20,0x20,0x3c,0x2f,0x74,0x72,0x3e,0x0a,
0x20,0x20,0x20,0x20,0x20,0x20,0x20,0x20,0x20,0x20,0x20,0x20,0x20,0x20,0x20,0x20,
0x20,0x20,0x20,0x20,0x20,0x20,0x20,0x20,0x20,0x20,0x20,0x20,0x3c,0x74,0x72,0x3e,
0x0a,0x20,0x20,0x20,0x20,0x20,0x20,0x20,0x20,0x20,0x20,0x20,0x20,0x20,0x20,0x20,
0x20,0x20,0x20,0x20,0x20,0x20,0x20,0x20,0x20,0x20,0x20,0x20,0x20,0x20,0x20,0x20,
0x20,0x3c,0x74,0x64,0x20,0x63,0x6c,0x61,0x73,0x73,0x3d,0x22,0x6c,0x61,0x62,0x65,
0x6c,0x22,0x3e,0x47,0x61,0x74,0x65,0x77,0x61,0x79,0x3a,0x3c,0x2f,0x74,0x64,0x3e,
0x0a,0x20,0x20,0x20,0x20,0x20,0x20,0x20,0x20,0x20,0x20,0x20,0x20,0x20,0x20,0x20,
0x20,0x20,0x20,0x20,0x20,0x20,0x20,0x20,0x20,0x20,0x20,0x20,0x20,0x20,0x20,0x20,
0x20,0x3c,0x74,0x64,0x3e,0x0a,0x20,0x20,0x20,0x20,0x20,0x20,0x20,0x20,0x20,0x20,
0x20,0x20,0x20,0x20,0x20,0x20,0x20,0x20,0x20,0x20,0x20,0x20,0x20,0x20,0x20,0x20,
0x20,0x20,0x20,0x20,0x20,0x20,0x20,0x20,0x20,0x20,0x3c,0x69,0x6e,0x70,0x75,0x74,
0x20,0x74,0x79,0x70,0x65,0x3d,0x22,0x74,0x65,0x78,0x74,0x22,0x20,0x6e,0x61,0x6d,
0x65,0x3d,0x22,0x77,0x69,0x66,0x69,0x2e,0x67,0x77,0x22,0x20,0x70,0x6c,0x61,0x63,
0x65,0x68,0x6f,0x6c,0x64,0x65,0x72,0x3d,0x22,0x31,0x39,0x32,0x2e,0x31,0x36,0x38,
0x2e,0x31,0x2e,0x31,0x22,0x20,0x73,0x69,0x7a,0x65,0x3d,0x22,0x31,0x32,0x22,0x0a,
0x20,0x20,0x20,0x20,0x20,0x20,0x20,0x20,0x20,0x20,0x20,0x20,0x20,0x20,0x20,0x20,
0x20,0x20,0x20,0x20,0x20,0x20,0x20,0x20,0x20,0x20,0x20,0x20,0x20,0x20,0x20,0x20,
0x20,0x20,0x20,0x20,0x20,0x20,0x20,0x20,0x63,0x6c,0x61,0x73,0x73,0x3d,0x22,0x69,
0x70,0x2d,0x61,0x64,0x64,0x72,0x22,0x3e,0x0a,0x20,0x20,0x20,0x20,0x20,0x20,0x20,
0x20,0x20,0x20,0x20,0x20,0x20,0x20,0x20,0x20,0x20,0x20,0x20,0x20,0x20,0x20,0x20,
0x20,0x20,0x20,0x20,0x20,0x20,0x20,0x20,0x20,0x3c,0x2f,0x74,0x64,0x3e,0x0a,0x20,
0x20,0x20,0x20,0x20,0x20,0x20,0x20,0x20,0x20,0x20,0x20,0x20,0x20,0x20,0x20,0x20,
0x20,0x20,0x20,0x20,0x20,0x20,0x20,0x20,0x20,0x20,0x20,0x3c,0x2f,0x74,0x72,0x3e,
0x0a,0x20,0x20,0x20,0x20,0x20,0x20,0x20,0x20,0x20,0x20,0x20,0x20,0x20,0x20,0x20,
0x20,0x20,0x20,0x20,0x20,0x20,0x20,0x20,0x20,0x3c,0x2f,0x74,0x61,0x62,0x6c,0x65,
0x3e,0x0a,0x20,0x20,0x20,0x20,0x20,0x20,0x20,0x20,0x20,0x20,0x20,0x20,0x20,0x20,
0x20,0x20,0x20,0x20,0x20,0x20,0x3c,0x2f,0x64,0x69,0x76,0x3e,0x0a,0x0a,0x20,0x20,
0x20,0x20,0x20,0x20,0x20,0x20,0x20,0x20,0x20,0x20,0x20,0x20,0x20,0x20,0x20,0x20,
0x20,0x20,0x3c,0x64,0x69,0x76,0x20,0x73,0x74,0x79,0x6c,0x65,0x3d,0x22,0x64,0x69,
0x73,0x70,0x6c,0x61,0x79,0x3a,0x20,0x66,0x6c,0x65,0x78,0x3b,0x20,0x6a,0x75,0x73,
0x74,0x69,0x66,0x79,0x2d,0x63,0x6f,0x6e,0x74,0x65,0x6e,0x74,0x3a,0x20,0x63,0x65,
0x6e,0x74,0x65,0x72,0x3b,0x20,0x66,0x6c,0x65,0x78,0x2d,0x64,0x69,0x72,0x65,0x63,
0x74,0x69,0x6f,0x6e,0x3a,0x20,0x63,0x6f,0x6c,0x75,0x6d,0x6e,0x3b,0x20,0x6f,0x76,
0x65,0x72,0x66,0x6c,0x6f,0x77,0x2d,0x78,0x3a,0x20,0x76,0x69,0x73,0x69,0x62,0x6c,
0x65,0x3b,0x22,0x3e,0x0a,0x20,0x20,0x20,0x20,0x20,0x20,0x20,0x20,0x20,0x20,0x20,
0x20,0x20,0x20,0x20,0x20,0x20,0x20,0x20,0x20,0x20,0x20,0x20,0x20,0x3c,0x64,0x69,
0x76,0x3e,0x3c,0x73,0x74,0x72,0x6f,0x6e,0x67,0x3e,0x57,0x69,0x46,0x69,0x20,0x4e,
0x65,0x74,0x77,0x6f,0x72,0x6b,0x73,0x3a,0x20,0x3c,0x2f,0x73,0x74,0x72,0x6f,0x6e,
0x67,0x3e,0x3c,0x61,0x20,0x68,0x72,0x65,0x66,0x3d,0x22,0x23,0x22,0x20,0x6f,0x6e,
0x63,0x6c,0x69,0x63,0x6b,0x3d,0x22,0x77,0x69,0x66,0x69,0x5f,0x6e,0x65,0x74,0x77,
0x6f,0x72,0x6b,0x73,0x5f,0x67,0x65,0x74,0x28,0x74,0x72,0x75,0x65,0x29,0x22,0x20,
0x63,0x6c,0x61,0x73,0x73,0x3d,0x22,0x68,0x69,0x64,0x65,0x2d,0x6f,0x6e,0x2d,0x69,
0x6e,0x69,0x74,0x69,0x61,0x6c,0x2d,0x63,0x6f,0x6e,0x66,0x69,0x67,0x22,0x3e,0x52,
0x65,0x66,0x72,0x65,0x73,0x68,0x3c,0x2f,0x61,0x3e,0x3c,0x2f,0x64,0x69,0x76,0x3e,
0x0a,0x20,0x20,0x20,0x20,0x20,0x20,0x20,0x20,0x20,0x20,0x20,0x20,0x20,0x20,0x20,
0x20,0x20,0x20,0x20,0x20,0x20,0x20,0x20,0x20,0x3c,0x74,0x61,0x62,0x6c,0x65,0x20,
0x69,0x64,0x3d,0x22,0x77,0x69,0x66,0x69,0x54,0x61,0x62,0x6c,0x65,0x22,0x20,0x73,
0x74,0x79,0x6c,0x65,0x3d,0x22,0x77,0x69,0x64,0x74,0x68,0x3a,0x20,0x31,0x30,0x30,
0x25,0x3b,0x22,0x3e,0x0a,0x20,0x20,0x20,0x20,0x20,0x20,0x20,0x20,0x20,0x20,0x20,
0x20,0x20,0x20,0x20,0x20,0x20,0x20,0x20,0x20,0x20,0x20,0x20,0x20,0x20,0x20,0x20,
0x20,0x3c,0x74,0x68,0x65,0x61,0x64,0x3e,0x0a,0x20,0x20,0x20,0x20,0x20,0x20,0x20,
0x20,0x20,0x20,0x20,0x20,0x20,0x20,0x20,0x20,0x20,0x20,0x20,0x20,0x20,0x20,0x20,
0x20,0x20,0x20,0x20,0x20,0x20,0x20,0x20,0x20,0x3c,0x74,0x72,0x3e,0x0a,0x20,0x20,
0x20,0x20,0x20,0x20,0x20,0x20,0x20,0x20,0x20,0x20,0x20,0x20,0x20,0x20,0x20,0x20,
0x20,0x20,0x20,0x20,0x20,0x20,0x20,0x20,0x20,0x20,0x20,0x20,0x20,0x20,0x20,0x20,
0x20,0x20,0x3c,0x74,0x68,0x20,0x73,0x74,0x79,0x6c,0x65,0x3d,0x22,0x74,0x65,0x78,
0x74,0x2d,0x61,0x6c,0x69,0x67,0x6e,0x3a,0x20,0x63,0x65,0x6e,0x74,0x65,0x72,0x3b,
0x22,0x20,0x63,0x6c,0x61,0x73,0x73,0x3d,0x22,0x68,0x69,0x64,0x65,0x2d,0x6f,0x6e,
0x2d,0x73,0x6d,0x61,0x6c,0x6c,0x22,0x3e,0x23,0x3c,0x2f,0x74,0x68,0x3e,0x0a,0x20,
0x20,0x20,0x20,0x20,0x20,0x20,0x20,0x20,0x20,0x20,0x20,0x20,0x20,0x20,0x20,0x20,
0x20,0x20,0x20,0x20,0x20,0x20,0x20,0x20,0x20,0x20,0x20,0x20,0x20,0x20,0x20,0x20,
0x20,0x20,0x20,0x3c,0x74,0x68,0x20,0x73,0x74,0x79,0x6c,0x65,0x3d,0x22,0x74,0x65,
0x78,0x74,0x2d,0x61,0x6c,0x69,0x67,0x6e,0x3a,0x20,0x63,0x65,0x6e,0x74,0x65,0x72,
0x3b,0x22,0x3e,0x53,0x53,0x49,0x44,0x3c,0x2f,0x74,0x68,0x3e,0x0a,0x20,0x20,0x20,
0x20,0x20,0x20,0x20,0x20,0x20,0x20,0x20,0x20,0x20,0x20,0x20,0x20,0x20,0x20,0x20,
0x20,0x20,0x20,0x20,0x20,0x20,0x20,0x20,0x20,0x20,0x20,0x20,0x20,0x20,0x20,0x20,
0x20,0x3c,0x74,0x68,0x20,0x73,0x74,0x79,0x6c,0x65,0x3d,0x22,0x74,0x65,0x78,0x74,
0x2d,0x61,0x6c,0x69,0x67,0x6e,0x3a,0x20,0x63,0x65,0x6e,0x74,0x65,0x72,0x3b,0x20,
0x6d,0x69,0x6e,0x2d,0x77,0x69,0x64,0x74,0x68,0x3a,0x20,0x37,0x65,0x6d,0x3b,0x22,
0x3e,0x52,0x53,0x53,0x49,0x3c,0x2f,0x74,0x68,0x3e,0x0a,0x20,0x20,0x20,0x20,0x20,
0x20,0x20,0x20,0x20,0x20,0x20,0x20,0x20,0x20,0x20,0x20,0x20,0x20,0x20,0x20,0x20,
0x20,0x20,0x20,0x20,0x20,0x20,0x20,0x20,0x20,0x20,0x20,0x20,0x20,0x20,0x20,0x3c,
0x74,0x68,0x20,0x73,0x74,0x79,0x6c,0x65,0x3d,0x22,0x74,0x65,0x78,0x74,0x2d,0x61,
0x6c,0x69,0x67,0x6e,0x3a,0x20,0x63,0x65,0x6e,0x74,0x65,0x72,0x3b,0x22,0x20,0x63,
0x6c,0x61,0x73,0x73,0x3d,0x22,0x68,0x69,0x64,0x65,0x2d,0x6f,0x6e,0x2d,0x73,0x6d,
0x61,0x6c,0x6c,0x22,0x3e,0x43,0x68,0x61,0x6e,0x6e,0x65,0x6c,0x3c,0x2f,0x74,0x68,
0x3e,0x0a,0x20,0x20,0x20,0x20,0x20,0x20,0x20,0x20,0x20,0x20,0x20,0x20,0x20,0x20,
0x20,0x20,0x20,0x20,0x20,0x20,0x20,0x20,0x20,0x20,0x20,0x20,0x20,0x20,0x20,0x20,
0x20,0x20,0x20,0x20,0x20,0x20,0x3c,0x21,0x2d,0x2d,0x20,0x3c,0x74,0x68,0x20,0x73,
0x74,0x79,0x6c,0x65,0x3d,0x22,0x74,0x65,0x78,0x74,0x2d,0x61,0x6c,0x69,0x67,0x6e,
0x3a,0x20,0x63,0x65,0x6e,0x74,0x65,0x72,0x3b,0x22,0x20,0x63,0x6c,0x61,0x73,0x73,
0x3d,0x22,0x68,0x69,0x64,0x65,0x2d,0x6f,0x6e,0x2d,0x73,0x6d,0x61,0x6c,0x6c,0x22,
0x3e,0x42,0x53,0x53,0x49,0x44,0x3c,0x2f,0x74,0x68,0x3e,0x20,0x2d,0x2d,0x3e,0x0a,
0x20,0x20,0x20,0x20,0x20,0x20,0x20,0x20,0x20,0x20,0x20,0x20,0x20,0x20,0x20,0x20,
0x20,0x20,0x20,0x20,0x20,0x20,0x20,0x20,0x20,0x20,0x20,0x20,0x20,0x20,0x20,0x20,
0x20,0x20,0x20,0x20,0x3c,0x74,0x68,0x20,0x73,0x74,0x79,0x6c,0x65,0x3d,0x22,0x74,
0x65,0x78,0x74,0x2d,0x61,0x6c,0x69,0x67,0x6e,0x3a,0x20,0x63,0x65,0x6e,0x74,0x65,
0x72,0x3b,0x22,0x3e,0xf0,0x9f,0x94,0x92,0x3c,0x2f,0x74,0x68,0x3e,0x0a,0x20,0x20,
0x20,0x20,0x20,0x20,0x20,0x20,0x20,0x20,0x20,0x20,0x20,0x20,0x20,0x20,0x20,0x20,
0x20,0x20,0x20,0x20,0x20,0x20,0x20,0x20,0x20,0x20,0x20,0x20,0x20,0x20,0x20,0x20,
0x20,0x20,0x3c,0x74,0x68,0x20,0x73,0x74,0x79,0x6c,0x65,0x3d,0x22,0x74,0x65,0x78,
0x74,0x2d,0x61,0x6c,0x69,0x67,0x6e,0x3a,0x20,0x63,0x65,0x6e,0x74,0x65,0x72,0x3b,
0x22,0x20,0x63,0x6c,0x61,0x73,0x73,0x3d,0x22,0x68,0x69,0x64,0x65,0x2d,0x6f,0x6e,
0x2d,0x73,0x6d,0x61,0x6c,0x6c,0x22,0x3e,0x53,0x65,0x63,0x75,0x72,0x69,0x74,0x79,
0x3c,0x2f,0x74,0x68,0x3e,0x0a,0x20,0x20,0x20,0x20,0x20,0x20,0x20,0x20,0x20,0x20,
0x20,0x20,0x20,0x20,0x20,0x20,0x20,0x20,0x20,0x20,0x20,0x20,0x20,0x20,0x20,0x20,
0x20,0x20,0x20,0x20,0x20,0x20,0x3c,0x2f,0x74,0x72,0x3e,0x0a,0x20,0x20,0x20,0x20,
0x20,0x20,0x20,0x20,0x20,0x20,0x20,0x20,0x20,0x20,0x20,0x20,0x20,0x20,0x20,0x20,
0x20,0x20,0x20,0x20,0x20,0x20,0x20,0x20,0x3c,0x2f,0x74,0x68,0x65,0x61,0x64,0x3e,
0x0a,0x20,0x20,0x20,0x20,0x20,0x20,0x20,0x20,0x20,0x20,0x20,0x20,0x20,0x20,0x20,
0x20,0x20,0x20,0x20,0x20,0x20,0x20,0x20,0x20,0x20,0x20,0x20,0x20,0x3c,0x74,0x62,
0x6f,0x64,0x79,0x3e,0x3c,0x2f,0x74,0x62,0x6f,0x64,0x79,0x3e,0x0a,0x20,0x20,0x20,
0x20,0x20,0x20,0x20,0x20,0x20,0x20,0x20,0x20,0x20,0x20,0x20,0x20,0x20,0x20,0x20,
0x20,0x20,0x20,0x20,0x20,0x3c,0x2f,0x74,0x61,0x62,0x6c,0x65,0x3e,0x0a,0x20,0x20,
0x20,0x20,0x20,0x20,0x20,0x20,0x20,0x20,0x20,0x20,0x20,0x20,0x20,0x20,0x20,0x20,
0x20,0x20,0x3c,0x2f,0x64,0x69,0x76,0x3e,0x0a,0x20,0x20,0x20,0x20,0x20,0x20,0x20,
0x20,0x20,0x20,0x20,0x20,0x20,0x20,0x20,0x20,0x20,0x20,0x20,0x20,0x3c,0x64,0x69,
0x76,0x20,0x73,0x74,0x79,0x6c,0x65,0x3d,0x22,0x64,0x69,0x73,0x70,0x6c,0x61,0x79,
0x3a,0x20,0x66,0x6c,0x65,0x78,0x3b,0x20,0x6a,0x75,0x73,0x74,0x69,0x66,0x79,0x2d,
0x63,0x6f,0x6e,0x74,0x65,0x6e,0x74,0x3a,0x20,0x63,0x65,0x6e,0x74,0x65,0x72,0x3b,
0x20,0x66,0x6c,0x65,0x78,0x2d,0x64,0x69,0x72,0x65,0x63,0x74,0x69,0x6f,0x6e,0x3a,
0x20,0x63,0x6f,0x6c,0x75,0x6d,0x6e,0x3b,0x22,0x3e,0x0a,0x20,0x20,0x20,0x20,0x20,
0x20,0x20,0x20,0x20,0x20,0x20,0x20,0x20,0x20,0x20,0x20,0x20,0x20,0x20,0x20,0x20,
0x20,0x20,0x20,0x3c,0x73,0x74,0x72,0x6f,0x6e,0x67,0x3e,0x4d,0x51,0x54,0x54,0x20,
0x53,0x65,0x74,0x74,0x69,0x6e,0x67,0x73,0x3a,0x3c,0x2f,0x73,0x74,0x72,0x6f,0x6e,
0x67,0x3e,0x0a,0x20,0x20,0x20,0x20,0x20,0x20,0x20,0x20,0x20,0x20,0x20,0x20,0x20,
0x20,0x20,0x20,0x20,0x20,0x20,0x20,0x20,0x20,0x20,0x20,0x3c,0x74,0x61,0x62,0x6c,
0x65,0x20,0x63,0x65,0x6c,0x6c,0x73,0x70,0x61,0x63,0x69,0x6e,0x67,0x3d,0x22,0x30,
0x22,0x20,0x63,0x65,0x6c,0x6c,0x70,0x61,0x64,0x64,0x69,0x6e,0x67,0x3d,0x22,0x33,
0x22,0x20,0x73,0x74,0x79,0x6c,0x65,0x3d,0x22,0x77,0x69,0x64,0x74,0x68,0x3a,0x31,
0x30,0x30,0x25,0x22,0x3e,0x0a,0x20,0x20,0x20,0x20,0x20,0x20,0x20,0x20,0x20,0x20,
0x20,0x20,0x20,0x20,0x20,0x20,0x20,0x20,0x20,0x20,0x20,0x20,0x20,0x20,0x20,0x20,
0x20,0x20,0x3c,0x74,0x72,0x3e,0x0a,0x20,0x20,0x20,0x20,0x20,0x20,0x20,0x20,0x20,
0x20,0x20,0x20,0x20,0x20,0x20,0x20,0x20,0x20,0x20,0x20,0x20,0x20,0x20,0x20,0x20,
0x20,0x20,0x20,0x20,0x20,0x20,0x20,0x3c,0x74,0x64,0x20,0x63,0x6c,0x61,0x73,0x73,
0x3d,0x22,0x6c,0x61,0x62,0x65,0x6c,0x22,0x3e,0x42,0x72,0x6f,0x6b,0x65,0x72,0x3a,
0x3c,0x2f,0x74,0x64,0x3e,0x0a,0x20,0x20,0x20,0x20,0x20,0x20,0x20,0x20,0x20,0x20,
0x20,0x20,0x20,0x20,0x20,0x20,0x20,0x20,0x20,0x20,0x20,0x20,0x20,0x20,0x20,0x20,
0x20,0x20,0x20,0x20,0x20,0x20,0x3c,0x74,0x64,0x3e,0x3c,0x69,0x6e,0x70,0x75,0x74,
0x20,0x74,0x79,0x70,0x65,0x3d,0x22,0x74,0x65,0x78,0x74,0x22,0x20,0x6e,0x61,0x6d,
0x65,0x3d,0x22,0x6d,0x71,0x74,0x74,0x2e,0x62,0x72,0x6f,0x6b,0x65,0x72,0x22,0x20,
0x76,0x61,0x6c,0x75,0x65,0x3d,0x22,0x22,0x3e,0x3c,0x2f,0x74,0x64,0x3e,0x0a,0x20,
0x20,0x20,0x20,0x20,0x20,0x20,0x20,0x20,0x20,0x20,0x20,0x20,0x20,0x20,0x20,0x20,
0x20,0x20,0x20,0x20,0x20,0x20,0x20,0x20,0x20,0x20,0x20,0x3c,0x2f,0x74,0x72,0x3e,
0x0a,0x20,0x20,0x20,0x20,0x20,0x20,0x20,0x20,0x20,0x20,0x20,0x20,0x20,0x20,0x20,
0x20,0x20,0x20,0x20,0x20,0x20,0x20,0x20,0x20,0x20,0x20,0x20,0x20,0x3c,0x74,0x72,
0x3e,0x0a,0x20,0x20,0x20,0x20,0x20,0x20,0x20,0x20,0x20,0x20,0x20,0x20,0x20,0x20,
0x20,0x20,0x20,0x20,0x20,0x20,0x20,0x20,0x20,0x20,0x20,0x20,0x20,0x20,0x20,0x20,
0x20,0x20,0x3c,0x74,0x64,0x20,0x63,0x6c,0x61,0x73,0x73,0x3d,0x22,0x6c,0x61,0x62,
0x65,0x6c,0x22,0x3e,0x50,0x6f,0x72,0x74,0x3a,0x3c,0x2f,0x74,0x64,0x3e,0x0a,0x20,
0x20,0x20,0x20,0x20,0x20,0x20,0x20,0x20,0x20,0x20,0x20,0x20,0x20,0x20,0x20,0x20,
0x20,0x20,0x20,0x20,0x20,0x20,0x20,0x20,0x20,0x20,0x20,0x20,0x20,0x20,0x20,0x3c,
0x74,0x64,0x3e,0x3c,0x69,0x6e,0x70,0x75,0x74,0x20,0x74,0x79,0x70,0x65,0x3d,0x22,
0x6e,0x75,0x6d,0x62,0x65,0x72,0x22,0x20,0x6e,0x61,0x6d,0x65,0x3d,0x22,0x6d,0x71,
0x74,0x74,0x2e,0x70,0x6f,0x72,0x74,0x22,0x20,0x73,0x74,0x79,0x6c,0x65,0x3d,0x22,
0x77,0x69,0x64,0x74,0x68,0x3a,0x20,0x35,0x65,0x6d,0x22,0x20,0x6d,0x69,0x6e,0x3d,
0x22,0x30,0x22,0x20,0x6d,0x61,0x78,0x3d,0x22,0x36,0x35,0x35,0x33,0x35,0x22,0x20,
0x76,0x61,0x6c,0x75,0x65,0x3d,0x22,0x22,0x3e,0x3c,0x2f,0x74,0x64,0x3e,0x0a,0x20,
0x20,0x20,0x20,0x20,0x20,0x20,0x20,0x20,0x20,0x20,0x20,0x20,0x20,0x20,0x20,0x20,
0x20,0x20,0x20,0x20,0x20,0x20,0x20,0x20,0x20,0x20,0x20,0x3c,0x2f,0x74,0x72,0x3e,
0x0a,0x20,0x20,0x20,0x20,0x20,0x20,0x20,0x20,0x20,0x20,0x20,0x20,0x20,0x20,0x20,
0x20,0x20,0x20,0x20,0x20,0x20,0x20,0x20,0x20,0x20,0x20,0x20,0x20,0x3c,0x74,0x72,
0x3e,0x0a,0x20,0x20,0x20,0x20,0x20,0x20,0x20,0x20,0x20,0x20,0x20,0x20,0x20,0x20,
0x20,0x20,0x20,0x20,0x20,0x20,0x20,0x20,0x20,0x20,0x20,0x20,0x20,0x20,0x20,0x20,
0x20,0x20,0x3c,0x74,0x64,0x20,0x63,0x6c,0x61,0x73,0x73,0x3d,0x22,0x6c,0x61,0x62,
0x65,0x6c,0x22,0x3e,0x55,0x73,0x65,0x72,0x20,0x4e,0x61,0x6d,0x65,0x3a,0x3c,0x2f,
0x74,0x64,0x3e,0x0a,0x20,0x20,0x20,0x20,0x20,0x20,0x20,0x20,0x20,0x20,0x20,0x20,
0x20,0x20,0x20,0x20,0x20,0x20,0x20,0x20,0x20,0x20,0x20,0x20,0x20,0x20,0x20,0x20,
0x20,0x20,0x20,0x20,0x3c,0x74,0x64,0x3e,0x3c,0x69,0x6e,0x70,0x75,0x74,0x20,0x74,
0x79,0x70,0x65,0x3d,0x22,0x74,0x65,0x78,0x74,0x22,0x20,0x6e,0x61,0x6d,0x65,0x3d,
0x22,0x6d,0x71,0x74,0x74,0x2e,0x75,0x73,0x65,0x72,0x6e,0x61,0x6d,0x65,0x22,0x20,
0x76,0x61,0x6c,0x75,0x65,0x3d,0x22,0x22,0x3e,0x3c,0x2f,0x74,0x64,0x3e,0x0a,0x20,
0x20,0x20,0x20,0x20,0x20,0x20,0x20,0x20,0x20,0x20,0x20,0x20,0x20,0x20,0x20,0x20,
0x20,0x20,0x20,0x20,0x20,0x20,0x20,0x20,0x20,0x20,0x20,0x3c,0x2f,0x74,0x72,0x3e,
0x0a,0x20,0x20,0x20,0x20,0x20,0x20,0x20,0x20,0x20,0x20,0x20,0x20,0x20,0x20,0x20,
0x20,0x20,0x20,0x20,0x20,0x20,0x20,0x20,0x20,0x20,0x20,0x20,0x20,0x3c,0x74,0x64,
0x20,0x63,0x6c,0x61,0x73,0x73,0x3d,0x22,0x6c,0x61,0x62,0x65,0x6c,0x22,0x3e,0x50,
0x61,0x73,0x73,0x77,0x6f,0x72,0x64,0x3a,0x3c,0x2f,0x74,0x64,0x3e,0x0a,0x20,0x20,
0x20,0x20,0x20,0x20,0x20,0x20,0x20,0x20,0x20,0x20,0x20,0x20,0x20,0x20,0x20,0x20,
0x20,0x20,0x20,0x20,0x20,0x20,0x20,0x20,0x20,0x20,0x3c,0x74,0x64,0x3e,0x3c,0x69,
0x6e,0x70,0x75,0x74,0x20,0x74,0x79,0x70,0x65,0x3d,0x22,0x70,0x61,0x73,0x73,0x77,
0x6f,0x72,0x64,0x22,0x20,0x6e,0x61,0x6d,0x65,0x3d,0x22,0x6d,0x71,0x74,0x74,0x2e,
0x70,0x61,0x73,0x73,0x77,0x6f,0x72,0x64,0x22,0x20,0x76,0x61,0x6c,0x75,0x65,0x3d,
0x22,0x22,0x3e,0x3c,0x2f,0x74,0x64,0x3e,0x0a,0x20,0x20,0x20,0x20,0x20,0x20,0x20,
0x20,0x20,0x20,0x20,0x20,0x20,0x20,0x20,0x20,0x20,0x20,0x20,0x20,0x20,0x20,0x20,
0x20,0x3c,0x2f,0x74,0x61,0x62,0x6c,0x65,0x3e,0x0a,0x20,0x20,0x20,0x20,0x20,0x20,
0x20,0x20,0x20,0x20,0x20,0x20,0x20,0x20,0x20,0x20,0x20,0x20,0x20,0x20,0x3c,0x2f,
0x64,0x69,0x76,0x3e,0x0a,0x0a,0x0a,0x0a,0x20,0x20,0x20,0x20,0x20,0x20,0x20,0x20,
0x20,0x20,0x20,0x20,0x20,0x20,0x20,0x20,0x20,0x20,0x20,0x20,0x3c,0x64,0x69,0x76,
0x20,0x73,0x74,0x79,0x6c,0x65,0x3d,0x22,0x64,0x69,0x73,0x70,0x6c,0x61,0x79,0x3a,
0x20,0x66,0x6c,0x65,0x78,0x3b,0x20,0x6a,0x75,0x73,0x74,0x69,0x66,0x79,0x2d,0x63,
0x6f,0x6e,0x74,0x65,0x6e,0x74,0x3a,0x20,0x63,0x65,0x6e,0x74,0x65,0x72,0x3b,0x20,
0x66,0x6c,0x65,0x78,0x2d,0x64,0x69,0x72,0x65,0x63,0x74,0x69,0x6f,0x6e,0x3a,0x20,
0x63,0x6f,0x6c,0x75,0x6d,0x6e,0x3b,0x22,0x3e,0x0a,0x20,0x20,0x20,0x20,0x20,0x20,
0x20,0x20,0x20,0x20,0x20,0x20,0x20,0x20,0x20,0x20,0x20,0x20,0x20,0x20,0x20,0x20,
0x20,0x20,0x3c,0x73,0x74,0x72,0x6f,0x6e,0x67,0x3e,0x53,0x65,0x6e,0x73,0x6f,0x72,
0x73,0x20,0x53,0x65,0x74,0x74,0x69,0x6e,0x67,0x73,0x20,0x54,0x65,0x6d,0x70,0x6c,
0x61,0x74,0x65,0x73,0x3a,0x3c,0x2f,0x73,0x74,0x72,0x6f,0x6e,0x67,0x3e,0x0a,0x20,
0x20,0x20,0x20,0x20,0x20,0x20,0x20,0x20,0x20,0x20,0x20,0x20,0x20,0x20,0x20,0x20,
0x20,0x20,0x20,0x20,0x20,0x20,0x20,0x3c,0x73,0x65,0x6c,0x65,0x63,0x74,0x20,0x69,
0x64,0x3d,0x22,0x74,0x65,0x6d,0x70,0x6c,0x61,0x74,0x65,0x73,0x5f,0x73,0x65,0x6c,
0x65,0x63,0x74,0x22,0x20,0x6f,0x6e,0x63,0x68,0x61,0x6e,0x67,0x65,0x3d,0x22,0x74,
0x65,0x6d,0x70,0x6c,0x61,0x74,0x65,0x5f,0x70,0x6f,0x70,0x75,0x6c,0x61,0x74,0x65,
0x28,0x74,0x68,0x69,0x73,0x2e,0x76,0x61,0x6c,0x75,0x65,0x29,0x22,0x3e,0x0a,0x20,
0x20,0x20,0x20,0x20,0x20,0x20,0x20,0x20,0x20,0x20,0x20,0x20,0x20,0x20,0x20,0x20,
0x20,0x20,0x20,0x20,0x20,0x20,0x20,0x20,0x20,0x20,0x20,0x3c,0x6f,0x70,0x74,0x69,
0x6f,0x6e,0x20,0x76,0x61,0x6c,0x75,0x65,0x3d,0x22,0x22,0x3e,0x53,0x65,0x6c,0x65,
0x63,0x74,0x20,0x61,0x20,0x74,0x65,0x6d,0x70,0x6c,0x61,0x74,0x65,0x3c,0x2f,0x6f,
0x70,0x74,0x69,0x6f,0x6e,0x3e,0x0a,0x20,0x20,0x20,0x20,0x20,0x20,0x20,0x20,0x20,
0x20,0x20,0x20,0x20,0x20,0x20,0x20,0x20,0x20,0x20,0x20,0x20,0x20,0x20,0x20,0x3c,
0x2f,0x73,0x65,0x6c,0x65,0x63,0x74,0x3e,0x0a,0x20,0x20,0x20,0x20,0x20,0x20,0x20,
0x20,0x20,0x20,0x20,0x20,0x20,0x20,0x20,0x20,0x20,0x20,0x20,0x20,0x20,0x20,0x20,
0x20,0x3c,0x73,0x74,0x72,0x6f,0x6e,0x67,0x3e,0x53,0x65,0x72,0x69,0x61,0x6c,0x20,
0x49,0x6e,0x74,0x65,0x72,0x66,0x61,0x63,0x65,0x73,0x3a,0x3c,0x2f,0x73,0x74,0x72,
0x6f,0x6e,0x67,0x3e,0x0a,0x0a,0x20,0x20,0x20,0x20,0x20,0x20,0x20,0x20,0x20,0x20,
0x20,0x20,0x20,0x20,0x20,0x20,0x20,0x20,0x20,0x20,0x20,0x20,0x20,0x20,0x3c,0x64,
0x69,0x76,0x20,0x69,0x64,0x3d,0x22,0x73,0x65,0x6e,0x73,0x6f,0x72,0x73,0x5f,0x64,
0x69,0x76,0x22,0x3e,0x3c,0x2f,0x64,0x69,0x76,0x3e,0x0a,0x20,0x20,0x20,0x20,0x20,
0x20,0x20,0x20,0x20,0x20,0x20,0x20,0x20,0x20,0x20,0x20,0x20,0x20,0x20,0x20,0x3c,
0x2f,0x64,0x69,0x76,0x3e,0x0a,0x20,0x20,0x20,0x20,0x20,0x20,0x20,0x20,0x20,0x20,
0x20,0x20,0x20,0x20,0x20,0x20,0x20,0x20,0x20,0x20,0x3c,0x64,0x69,0x76,0x20,0x73,
0x74,0x79,0x6c,0x65,0x3d,0x22,0x64,0x69,0x73,0x70,0x6c,0x61,0x79,0x3a,0x20,0x66,
0x6c,0x65,0x78,0x3b,0x20,0x6a,0x75,0x73,0x74,0x69,0x66,0x79,0x2d,0x63,0x6f,0x6e,
0x74,0x65,0x6e,0x74,0x3a,0x20,0x63,0x65,0x6e,0x74,0x65,0x72,0x3b,0x20,0x66,0x6c,
0x65,0x78,0x2d,0x64,0x69,0x72,0x65,0x63,0x74,0x69,0x6f,0x6e,0x3a,0x20,0x63,0x6f,
0x6c,0x75,0x6d,0x6e,0x3b,0x22,0x3e,0x0a,0x20,0x20,0x20,0x20,0x20,0x20,0x20,0x20,
0x20,0x20,0x20,0x20,0x20,0x20,0x20,0x20,0x20,0x20,0x20,0x20,0x20,0x20,0x20,0x20,
0x3c,0x62,0x72,0x3e,0x0a,0x20,0x20,0x20,0x20,0x20,0x20,0x20,0x20,0x20,0x20,0x20,
0x20,0x20,0x20,0x20,0x20,0x20,0x20,0x20,0x20,0x20,0x20,0x20,0x20,0x3c,0x73,0x74,
0x72,0x6f,0x6e,0x67,0x3e,0x53,0x65,0x74,0x74,0x69,0x6e,0x67,0x73,0x20,0x50,0x72,
0x6f,0x74,0x65,0x63,0x74,0x69,0x6f,0x6e,0x3a,0x3c,0x2f,0x73,0x74,0x72,0x6f,0x6e,
0x67,0x3e,0x0a,0x20,0x20,0x20,0x20,0x20,0x20,0x20,0x20,0x20,0x20,0x20,0x20,0x20,
0x20,0x20,0x20,0x20,0x20,0x20,0x20,0x20,0x20,0x20,0x20,0x3c,0x74,0x61,0x62,0x6c,
0x65,0x20,0x63,0x65,0x6c,0x6c,0x73,0x70,0x61,0x63,0x69,0x6e,0x67,0x3d,0x22,0x30,
0x22,0x20,0x63,0x65,0x6c,0x6c,0x70,0x61,0x64,0x64,0x69,0x6e,0x67,0x3d,0x22,0x33,
0x22,0x3e,0x0a,0x20,0x20,0x20,0x20,0x20,0x20,0x20,0x20,0x20,0x20,0x20,0x20,0x20,
0x20,0x20,0x20,0x20,0x20,0x20,0x20,0x20,0x20,0x20,0x20,0x20,0x20,0x20,0x20,0x3c,
0x74,0x62,0x6f,0x64,0x79,0x3e,0x0a,0x20,0x20,0x20,0x20,0x20,0x20,0x20,0x20,0x20,
0x20,0x20,0x20,0x20,0x20,0x20,0x20,0x20,0x20,0x20,0x20,0x20,0x20,0x20,0x20,0x20,
0x20,0x20,0x20,0x20,0x20,0x20,0x20,0x3c,0x74,0x72,0x3e,0x0a,0x20,0x20,0x20,0x20,
0x20,0x20,0x20,0x20,0x20,0x20,0x20,0x20,0x20,0x20,0x20,0x20,0x20,0x20,0x20,0x20,
0x20,0x20,0x20,0x20,0x20,0x20,0x20,0x20,0x20,0x20,0x20,0x20,0x20,0x20,0x20,0x20,
0x3c,0x74,0x64,0x20,0x63,0x6c,0x61,0x73,0x73,0x3d,0x22,0x6c,0x61,0x62,0x65,0x6c,
0x22,0x3e,0x50,0x61,0x73,0x73,0x77,0x6f,0x72,0x64,0x3a,0x3c,0x2f,0x74,0x64,0x3e,
0x0a,0x20,0x20,0x20,0x20,0x20,0x20,0x20,0x20,0x20,0x20,0x20,0x20,0x20,0x20,0x20,
0x20,0x20,0x20,0x20,0x20,0x20,0x20,0x20,0x20,0x20,0x20,0x20,0x20,0x20,0x20,0x20,
0x20,0x20,0x20,0x20,0x20,0x3c,0x74,0x64,0x3e,0x3c,0x69,0x6e,0x70,0x75,0x74,0x20,
0x74,0x79,0x70,0x65,0x3d,0x22,0x70,0x61,0x73,0x73,0x77,0x6f,0x72,0x64,0x22,0x20,
0x6e,0x61,0x6d,0x65,0x3d,0x22,0x73,0x65,0x74,0x74,0x69,0x6e,0x67,0x73,0x2e,0x70,
0x61,0x73,0x73,0x77,0x6f,0x72,0x64,0x22,0x20,0x76,0x61,0x6c,0x75,0x65,0x3d,0x22,
0x22,0x3e,0x3c,0x2f,0x74,0x64,0x3e,0x0a,0x20,0x20,0x20,0x20,0x20,0x20,0x20,0x20,
0x20,0x20,0x20,0x20,0x20,0x20,0x20,0x20,0x20,0x20,0x20,0x20,0x20,0x20,0x20,0x20,
0x20,0x20,0x20,0x20,0x20,0x20,0x20,0x20,0x3c,0x2f,0x74,0x72,0x3e,0x0a,0x20,0x20,
0x20,0x20,0x20,0x20,0x20,0x20,0x20,0x20,0x20,0x20,0x20,0x20,0x20,0x20,0x20,0x20,
0x20,0x20,0x20,0x20,0x20,0x20,0x20,0x20,0x20,0x20,0x20,0x20,0x20,0x20,0x3c,0x74,
0x72,0x3e,0x0a,0x20,0x20,0x20,0x20,0x20,0x20,0x20,0x20,0x20,0x20,0x20,0x20,0x20,
0x20,0x20,0x20,0x20,0x20,0x20,0x20,0x20,0x20,0x20,0x20,0x20,0x20,0x20,0x20,0x20,
0x20,0x20,0x20,0x20,0x20,0x20,0x20,0x3c,0x74,0x64,0x20,0x63,0x6c,0x61,0x73,0x73,
0x3d,0x22,0x6c,0x61,0x62,0x65,0x6c,0x20,0x73,0x68,0x6f,0x77,0x2d,0x6f,0x6e,0x2d,
0x69,0x6e,0x69,0x74,0x69,0x61,0x6c,0x2d,0x63,0x6f,0x6e,0x66,0x69,0x67,0x22,0x3e,
0x43,0x6f,0x6e,0x66,0x69,0x72,0x6d,0x20,0x50,0x61,0x73,0x73,0x77,0x6f,0x72,0x64,
0x3a,0x3c,0x2f,0x74,0x64,0x3e,0x0a,0x20,0x20,0x20,0x20,0x20,0x20,0x20,0x20,0x20,
0x20,0x20,0x20,0x20,0x20,0x20,0x20,0x20,0x20,0x20,0x20,0x20,0x20,0x20,0x20,0x20,
0x20,0x20,0x20,0x20,0x20,0x20,0x20,0x20,0x20,0x20,0x20,0x3c,0x74,0x64,0x20,0x63,
0x6c,0x61,0x73,0x73,0x3d,0x22,0x6c,0x61,0x62,0x65,0x6c,0x20,0x73,0x68,0x6f,0x77,
0x2d,0x6f,0x6e,0x2d,0x69,0x6e,0x69,0x74,0x69,0x61,0x6c,0x2d,0x63,0x6f,0x6e,0x66,
0x69,0x67,0x22,0x3e,0x3c,0x69,0x6e,0x70,0x75,0x74,0x20,0x74,0x79,0x70,0x65,0x3d,
0x22,0x70,0x61,0x73,0x73,0x77,0x6f,0x72,0x64,0x22,0x0a,0x20,0x20,0x20,0x20,0x20,
0x20,0x20,0x20,0x20,0x20,0x20,0x20,0x20,0x20,0x20,0x20,0x20,0x20,0x20,0x20,0x20,
0x20,0x20,0x20,0x20,0x20,0x20,0x20,0x20,0x20,0x20,0x20,0x20,0x20,0x20,0x20,0x20,
0x20,0x20,0x20,0x20,0x20,0x20,0x20,0x6e,0x61,0x6d,0x65,0x3d,0x22,0x73,0x65,0x74,
0x74,0x69,0x6e,0x67,0x73,0x2e,0x70,0x61,0x73,0x73,0x77,0x6f,0x72,0x64,0x5f,0x63,
0x6f,0x6e,0x66,0x69,0x72,0x6d,0x22,0x20,0x76,0x61,0x6c,0x75,0x65,0x3d,0x22,0x22,
0x3e,0x3c,0x2f,0x74,0x64,0x3e,0x0a,0x20,0x20,0x20,0x20,0x20,0x20,0x20,0x20,0x20,
0x20,0x20,0x20,0x20,0x20,0x20,0x20,0x20,0x20,0x20,0x20,0x20,0x20,0x20,0x20,0x20,
0x20,0x20,0x20,0x20,0x20,0x20,0x20,0x3c,0x2f,0x74,0x72,0x3e,0x0a,0x20,0x20,0x20,
0x20,0x20,0x20,0x20,0x20,0x20,0x20,0x20,0x20,0x20,0x20,0x20,0x20,0x20,0x20,0x20,
0x20,0x20,0x20,0x20,0x20,0x20,0x20,0x20,0x20,0x3c,0x2f,0x74,0x62,0x6f,0x64,0x79,
0x3e,0x0a,0x20,0x20,0x20,0x20,0x20,0x20,0x20,0x20,0x20,0x20,0x20,0x20,0x20,0x20,
0x20,0x20,0x20,0x20,0x20,0x20,0x20,0x20,0x20,0x20,0x3c,0x2f,0x74,0x61,0x62,0x6c,
0x65,0x3e,0x0a,0x20,0x20,0x20,0x20,0x20,0x20,0x20,0x20,0x20,0x20,0x20,0x20,0x20,
0x20,0x20,0x20,0x20,0x20,0x20,0x20,0x3c,0x2f,0x64,0x69,0x76,0x3e,0x0a,0x20,0x20,
0x20,0x20,0x20,0x20,0x20,0x20,0x20,0x20,0x20,0x20,0x20,0x20,0x20,0x20,0x20,0x20,
0x20,0x20,0x3c,0x64,0x69,0x76,0x20,0x73,0x74,0x79,0x6c,0x65,0x3d,0x22,0x64,0x69,
0x73,0x70,0x6c,0x61,0x79,0x3a,0x20,0x66,0x6c,0x65,0x78,0x3b,0x20,0x6a,0x75,0x73,
0x74,0x69,0x66,0x79,0x2d,0x63,0x6f,0x6e,0x74,0x65,0x6e,0x74,0x3a,0x20,0x63,0x65,
0x6e,0x74,0x65,0x72,0x3b,0x20,0x66,0x6c,0x65,0x78,0x2d,0x64,0x69,0x72,0x65,0x63,
0x74,0x69,0x6f,0x6e,0x3a,0x20,0x63,0x6f,0x6c,0x75,0x6d,0x6e,0x3b,0x22,0x3e,0x0a,
0x20,0x20,0x20,0x20,0x20,0x20,0x20,0x20,0x20,0x20,0x20,0x20,0x20,0x20,0x20,0x20,
0x20,0x20,0x20,0x20,0x20,0x20,0x20,0x20,0x3c,0x62,0x75,0x74,0x74,0x6f,0x6e,0x20,
0x74,0x79,0x70,0x65,0x3d,0x22,0x73,0x75,0x62,0x6d,0x69,0x74,0x22,0x3e,0x53,0x61,
0x76,0x65,0x20,0x61,0x6e,0x64,0x20,0x52,0x65,0x73,0x74,0x61,0x72,0x74,0x3c,0x2f,
0x62,0x75,0x74,0x74,0x6f,0x6e,0x3e,0x0a,0x20,0x20,0x20,0x20,0x20,0x20,0x20,0x20,
0x20,0x20,0x20,0x20,0x20,0x20,0x20,0x20,0x20,0x20,0x20,0x20,0x3c,0x2f,0x64,0x69,
0x76,0x3e,0x0a,0x20,0x20,0x20,0x20,0x20,0x20,0x20,0x20,0x20,0x20,0x20,0x20,0x20,
0x20,0x20,0x20,0x20,0x20,0x20,0x20,0x3c,0x64,0x69,0x76,0x20,0x73,0x74,0x79,0x6c,
0x65,0x3d,0x22,0x64,0x69,0x73,0x70,0x6c,0x61,0x79,0x3a,0x20,0x66,0x6c,0x65,0x78,
0x3b,0x20,0x6a,0x75,0x73,0x74,0x69,0x66,0x79,0x2d,0x63,0x6f,0x6e,0x74,0x65,0x6e,
0x74,0x3a,0x20,0x63,0x65,0x6e,0x74,0x65,0x72,0x3b,0x20,0x66,0x6c,0x65,0x78,0x2d,
0x64,0x69,0x72,0x65,0x63,0x74,0x69,0x6f,0x6e,0x3a,0x20,0x63,0x6f,0x6c,0x75,0x6d,
0x6e,0x3b,0x22,0x3e,0x0a,0x20,0x20,0x20,0x20,0x20,0x20,0x20,0x20,0x20,0x20,0x20,
0x20,0x20,0x20,0x20,0x20,0x20,0x20,0x20,0x20,0x20,0x20,0x20,0x20,0x3c,0x62,0x72,
0x3e,0x20,0x3c,0x21,0x2d,0x2d,0x20,0x53,0x70,0x61,0x63,0x65,0x20,0x74,0x6f,0x20,
0x73,0x68,0x6f,0x77,0x20,0x74,0x68,0x65,0x20,0x73,0x6c,0x69,0x64,0x65,0x20,0x64,
0x6f,0x74,0x73,0x20,0x2d,0x2d,0x3e,0x0a,0x20,0x20,0x20,0x20,0x20,0x20,0x20,0x20,
0x20,0x20,0x20,0x20,0x20,0x20,0x20,0x20,0x20,0x20,0x20,0x20,0x3c,0x2f,0x64,0x69,
0x76,0x3e,0x0a,0x20,0x20,0x20,0x20,0x20,0x20,0x20,0x20,0x20,0x20,0x20,0x20,0x20,
0x20,0x20,0x20,0x3c,0x2f,0x66,0x6f,0x72,0x6d,0x3e,0x0a,0x20,0x20,0x20,0x20,0x20,
0x20,0x20,0x20,0x20,0x20,0x20,0x20,0x3c,0x2f,0x64,0x69,0x76,0x3e,0x0a,0x20,0x20,
0x20,0x20,0x20,0x20,0x20,0x20,0x20,0x20,0x20,0x20,0x3c,0x64,0x69,0x76,0x20,0x63,
0x6c,0x61,0x73,0x73,0x3d,0x22,0x73,0x6c,0x69,0x64,0x65,0x22,0x20,0x69,0x64,0x3d,
0x22,0x73,0x6c,0x69,0x64,0x65,0x5f,0x32,0x22,0x20,0x73,0x74,0x79,0x6c,0x65,0x3d,
0x22,0x64,0x69,0x73,0x70,0x6c,0x61,0x79,0x3a,0x20,0x66,0x6c,0x65,0x78,0x3b,0x20,
0x66,0x6c,0x65,0x78,0x2d,0x64,0x69,0x72,0x65,0x63,0x74,0x69,0x6f,0x6e,0x3a,0x20,
0x63,0x6f,0x6c,0x75,0x6d,0x6e,0x3b,0x22,0x3e,0x0a,0x20,0x20,0x20,0x20,0x20,0x20,
0x20,0x20,0x20,0x20,0x20,0x20,0x20,0x20,0x20,0x20,0x3c,0x73,0x74,0x72,0x6f,0x6e,
0x67,0x3e,0x52,0x65,0x61,0x64,0x69,0x6e,0x67,0x73,0x3c,0x2f,0x73,0x74,0x72,0x6f,
0x6e,0x67,0x3e,0x0a,0x20,0x20,0x20,0x20,0x20,0x20,0x20,0x20,0x20,0x20,0x20,0x20,
0x20,0x20,0x20,0x20,0x3c,0x64,0x69,0x76,0x20,0x69,0x64,0x3d,0x22,0x72,0x65,0x61,
0x64,0x69,0x6e,0x67,0x73,0x5f,0x64,0x69,0x76,0x22,0x20,0x73,0x74,0x79,0x6c,0x65,
0x3d,0x22,0x64,0x69,0x73,0x70,0x6c,0x61,0x79,0x3a,0x20,0x66,0x6c,0x65,0x78,0x3b,
0x20,0x6a,0x75,0x73,0x74,0x69,0x66,0x79,0x2d,0x63,0x6f,0x6e,0x74,0x65,0x6e,0x74,
0x3a,0x20,0x63,0x65,0x6e,0x74,0x65,0x72,0x3b,0x20,0x66,0x6c,0x65,0x78,0x2d,0x64,
0x69,0x72,0x65,0x63,0x74,0x69,0x6f,0x6e,0x3a,0x20,0x63,0x6f,0x6c,0x75,0x6d,0x6e,
0x3b,0x22,0x3e,0x3c,0x2f,0x64,0x69,0x76,0x3e,0x0a,0x20,0x20,0x20,0x20,0x20,0x20,
0x20,0x20,0x20,0x20,0x20,0x20,0x20,0x20,0x20,0x20,0x3c,0x73,0x74,0x72,0x6f,0x6e,
0x67,0x3e,0x4c,0x6f,0x67,0x3c,0x2f,0x73,0x74,0x72,0x6f,0x6e,0x67,0x3e,0x0a,0x20,
0x20,0x20,0x20,0x20,0x20,0x20,0x20,0x20,0x20,0x20,0x20,0x20,0x20,0x20,0x20,0x3c,
0x64,0x69,0x76,0x20,0x69,0x64,0x3d,0x22,0x77,0x73,0x5f,0x64,0x69,0x76,0x22,0x20,
0x63,0x6c,0x61,0x73,0x73,0x3d,0x22,0x77,0x73,0x2d,0x64,0x69,0x76,0x22,0x3e,0x3c,
0x2f,0x64,0x69,0x76,0x3e,0x0a,0x20,0x20,0x20,0x20,0x20,0x20,0x20,0x20,0x20,0x20,
0x20,0x20,0x20,0x20,0x20,0x20,0x3c,0x68,0x72,0x3e,0x0a,0x20,0x20,0x20,0x20,0x20,
0x20,0x20,0x20,0x20,0x20,0x20,0x20,0x20,0x20,0x20,0x20,0x3c,0x73,0x74,0x72,0x6f,
0x6e,0x67,0x3e,0x46,0x72,0x65,0x65,0x20,0x4d,0x65,0x6d,0x6f,0x72,0x79,0x3c,0x2f,
0x73,0x74,0x72,0x6f,0x6e,0x67,0x3e,0x0a,0x20,0x20,0x20,0x20,0x20,0x20,0x20,0x20,
0x20,0x20,0x20,0x20,0x20,0x20,0x20,0x20,0x3c,0x64,0x69,0x76,0x0a,0x20,0x20,0x20,
0x20,0x20,0x20,0x20,0x20,0x20,0x20,0x20,0x20,0x20,0x20,0x20,0x20,0x20,0x20,0x20,
0x20,0x73,0x74,0x79,0x6c,0x65,0x3d,0x22,0x64,0x69,0x73,0x70,0x6c,0x61,0x79,0x3a,
0x20,0x66,0x6c,0x65,0x78,0x3b,0x20,0x6a,0x75,0x73,0x74,0x69,0x66,0x79,0x2d,0x63,
0x6f,0x6e,0x74,0x65,0x6e,0x74,0x3a,0x20,0x63,0x65,0x6e,0x74,0x65,0x72,0x3b,0x20,
0x66,0x6c,0x65,0x78,0x2d,0x64,0x69,0x72,0x65,0x63,0x74,0x69,0x6f,0x6e,0x3a,0x20,
0x63,0x6f,0x6c,0x75,0x6d,0x6e,0x3b,0x20,0x6d,0x61,0x72,0x67,0x69,0x6e,0x2d,0x6c,
0x65,0x66,0x74,0x3a,0x20,0x61,0x75,0x74,0x6f,0x3b,0x20,0x6d,0x61,0x72,0x67,0x69,
0x6e,0x2d,0x72,0x69,0x67,0x68,0x74,0x3a,0x20,0x61,0x75,0x74,0x6f,0x3b,0x20,0x77,
0x69,0x64,0x74,0x68,0x3a,0x34,0x30,0x30,0x70,0x78,0x3b,0x22,0x3e,0x0a,0x20,0x20,
0x20,0x20,0x20,0x20,0x20,0x20,0x20,0x20,0x20,0x20,0x20,0x20,0x20,0x20,0x20,0x20,
0x20,0x20,0x3c,0x64,0x69,0x76,0x20,0x69,0x64,0x3d,0x22,0x66,0x72,0x65,0x65,0x5f,
0x6d,0x65,0x6d,0x22,0x20,0x63,0x6c,0x61,0x73,0x73,0x3d,0x22,0x70,0x72,0x6f,0x67,
0x72,0x65,0x73,0x73,0x2d,0x62,0x61,0x72,0x22,0x3e,0x0a,0x20,0x20,0x20,0x20,0x20,
0x20,0x20,0x20,0x20,0x20,0x20,0x20,0x20,0x20,0x20,0x20,0x20,0x20,0x20,0x20,0x20,
0x20,0x20,0x20,0x3c,0x64,0x69,0x76,0x20,0x69,0x64,0x3d,0x22,0x6d,0x65,0x6d,0x5f,
0x66,0x72,0x65,0x65,0x22,0x20,0x63,0x6c,0x61,0x73,0x73,0x3d,0x22,0x70,0x72,0x6f,
0x67,0x72,0x65,0x73,0x73,0x22,0x3e,0x3c,0x2f,0x64,0x69,0x76,0x3e,0x0a,0x20,0x20,
0x20,0x20,0x20,0x20,0x20,0x20,0x20,0x20,0x20,0x20,0x20,0x20,0x20,0x20,0x20,0x20,
0x20,0x20,0x20,0x20,0x20,0x20,0x3c,0x64,0x69,0x76,0x20,0x69,0x64,0x3d,0x22,0x6d,
0x65,0x6d,0x5f,0x66,0x72,0x65,0x65,0x5f,0x6d,0x69,0x6e,0x5f,0x6d,0x61,0x72,0x6b,
0x22,0x20,0x63,0x6c,0x61,0x73,0x73,0x3d,0x22,0x70,0x72,0x6f,0x67,0x72,0x65,0x73,
0x73,0x2d,0x6d,0x69,0x6e,0x2d,0x6d,0x61,0x72,0x6b,0x22,0x3e,0x3c,0x2f,0x64,0x69,
0x76,0x3e,0x0a,0x20,0x20,0x20,0x20,0x20,0x20,0x20,0x20,0x20,0x20,0x20,0x20,0x20,
0x20,0x20,0x20,0x20,0x20,0x20,0x20,0x20,0x20,0x20,0x20,0x3c,0x64,0x69,0x76,0x20,
0x69,0x64,0x3d,0x22,0x6d,0x65,0x6d,0x5f,0x66,0x72,0x65,0x65,0x5f,0x74,0x65,0x78,
0x74,0x22,0x20,0x63,0x6c,0x61,0x73,0x73,0x3d,0x22,0x70,0x72,0x6f,0x67,0x72,0x65,
0x73,0x73,0x2d,0x74,0x65,0x78,0x74,0x22,0x3e,0x3c,0x2f,0x64,0x69,0x76,0x3e,0x0a,
0x20,0x20,0x20,0x20,0x20,0x20,0x20,0x20,0x20,0x20,0x20,0x20,0x20,0x20,0x20,0x20,
0x20,0x20,0x20,0x20,0x3c,0x2f,0x64,0x69,0x76,0x3e,0x0a,0x20,0x20,0x20,0x20,0x20,
0x20,0x20,0x20,0x20,0x20,0x20,0x20,0x20,0x20,0x20,0x20,0x3c,0x2f,0x64,0x69,0x76,
0x3e,0x0a,0x20,0x20,0x20,0x20,0x20,0x20,0x20,0x20,0x20,0x20,0x20,0x20,0x20,0x20,
0x20,0x20,0x3c,0x62,0x72,0x3e,0x20,0x3c,0x21,0x2d,0x2d,0x20,0x53,0x70,0x61,0x63,
0x65,0x20,0x74,0x6f,0x20,0x73,0x68,0x6f,0x77,0x20,0x74,0x68,0x65,0x20,0x73,0x6c,
0x69,0x64,0x65,0x20,0x64,0x6f,0x74,0x73,0x20,0x2d,0x2d,0x3e,0x0a,0x20,0x20,0x20,
0x20,0x20,0x20,0x20,0x20,0x20,0x20,0x20,0x20,0x3c,0x2f,0x64,0x69,0x76,0x3e,0x0a,
0x20,0x20,0x20,0x20,0x20,0x20,0x20,0x20,0x3c,0x2f,0x64,0x69,0x76,0x3e,0x0a,0x20,
0x20,0x20,0x20,0x20,0x20,0x20,0x20,0x3c,0x64,0x69,0x76,0x20,0x63,0x6c,0x61,0x73,
0x73,0x3d,0x22,0x70,0x61,0x67,0x69,0x6e,0x61,0x74,0x69,0x6f,0x6e,0x22,0x3e,0x0a,
0x20,0x20,0x20,0x20,0x20,0x20,0x20,0x20,0x20,0x20,0x20,0x20,0x3c,0x64,0x69,0x76,
0x20,0x63,0x6c,0x61,0x73,0x73,0x3d,0x22,0x64,0x6f,0x74,0x20,0x61,0x63,0x74,0x69,
0x76,0x65,0x22,0x3e,0x3c,0x2f,0x64,0x69,0x76,0x3e,0x0a,0x20,0x20,0x20,0x20,0x20,
0x20,0x20,0x20,0x20,0x20,0x20,0x20,0x3c,0x64,0x69,0x76,0x20,0x63,0x6c,0x61,0x73,
0x73,0x3d,0x22,0x64,0x6f,0x74,0x22,0x3e,0x3c,0x2f,0x64,0x69,0x76,0x3e,0x0a,0x20,
0x20,0x20,0x20,0x20,0x20,0x20,0x20,0x3c,0x2f,0x64,0x69,0x76,0x3e,0x0a,0x20,0x20,
0x20,0x20,0x3c,0x2f,0x64,0x69,0x76,0x3e,0x0a,0x0a,0x0a,0x20,0x20,0x20,0x20,0x3c,
0x21,0x2d,0x2d,0x20,0x4d,0x6f,0x64,0x61,0x6c,0x20,0x57,0x69,0x6e,0x64,0x6f,0x77,
0x73,0x20,0x2d,0x2d,0x3e,0x0a,0x20,0x20,0x20,0x20,0x3c,0x64,0x69,0x76,0x20,0x63,
0x6c,0x61,0x73,0x73,0x3d,0x22,0x6d,0x6f,0x64,0x61,0x6c,0x2d,0x6f,0x76,0x65,0x72,
0x6c,0x61,0x79,0x22,0x20,0x69,0x64,0x3d,0x22,0x6d,0x6f,0x64,0x61,0x6c,0x2d,0x6f,
0x76,0x65,0x72,0x6c,0x61,0x79,0x22,0x3e,0x3c,0x2f,0x64,0x69,0x76,0x3e,0x0a,0x20,
0x20,0x20,0x20,0x3c,0x64,0x69,0x76,0x20,0x63,0x6c,0x61,0x73,0x73,0x3d,0x22,0x6d,
0x6f,0x64,0x61,0x6c,0x22,0x20,0x69,0x64,0x3d,0x22,0x6d,0x6f,0x64,0x61,0x6c,0x5f,
0x63,0x6f,0x6e,0x74,0x65,0x6e,0x74,0x22,0x3e,0x0a,0x20,0x20,0x20,0x20,0x20,0x20,
0x20,0x20,0x3c,0x73,0x70,0x61,0x6e,0x20,0x69,0x64,0x3d,0x22,0x63,0x6c,0x6f,0x73,
0x65,0x4d,0x6f,0x64,0x61,0x6c,0x46,0x6f,0x72,0x6d,0x42,0x74,0x6e,0x22,0x20,0x63,
0x6c,0x61,0x73,0x73,0x3d,0x22,0x63,0x6c,0x6f,0x73,0x65,0x22,0x3e,0x26,0x74,0x69,
0x6d,0x65,0x73,0x3b,0x3c,0x2f,0x73,0x70,0x61,0x6e,0x3e,0x0a,0x20,0x20,0x20,0x20,
0x20,0x20,0x20,0x20,0x3c,0x66,0x6f,0x72,0x6d,0x20,0x69,0x64,0x3d,0x22,0x6d,0x6f,
0x64,0x61,0x6c,0x2d,0x66,0x6f,0x72,0x6d,0x22,0x3e,0x0a,0x20,0x20,0x20,0x20,0x20,
0x20,0x20,0x20,0x20,0x20,0x20,0x20,0x3c,0x21,0x2d,0x2d,0x20,0x49,0x6e,0x70,0x75,
0x74,0x73,0x20,0x77,0x69,0x6c,0x6c,0x20,0x62,0x65,0x20,0x69,0x6e,0x73,0x65,0x72,
0x74,0x65,0x64,0x20,0x64,0x79,0x6e,0x61,0x6d,0x69,0x63,0x61,0x6c,0x6c,0x79,0x20,
0x2d,0x2d,0x3e,0x0a,0x20,0x20,0x20,0x20,0x20,0x20,0x20,0x20,0x3c,0x2f,0x66,0x6f,
0x72,0x6d,0x3e,0x0a,0x20,0x20,0x20,0x20,0x3c,0x2f,0x64,0x69,0x76,0x3e,0x0a,0x0a,
0x20,0x20,0x20,0x20,0x3c,0x64,0x69,0x76,0x20,0x69,0x64,0x3d,0x22,0x72,0x65,0x62,
0x6f,0x6f,0x74,0x5f,0x70,0x6f,0x70,0x75,0x70,0x22,0x20,0x63,0x6c,0x61,0x73,0x73,
0x3d,0x22,0x6d,0x6f,0x64,0x61,0x6c,0x2d,0x6f,0x76,0x65,0x72,0x6c,0x61,0x79,0x22,
0x3e,0x0a,0x20,0x20,0x20,0x20,0x20,0x20,0x20,0x20,0x3c,0x64,0x69,0x76,0x20,0x63,
0x6c,0x61,0x73,0x73,0x3d,0x22,0x6d,0x6f,0x64,0x61,0x6c,0x2d,0x72,0x65,0x73,0x65,
0x74,0x2d,0x63,0x6f,0x6e,0x74,0x65,0x6e,0x74,0x22,0x3e,0x0a,0x20,0x20,0x20,0x20,
0x20,0x20,0x20,0x20,0x20,0x20,0x20,0x20,0x3c,0x73,0x70,0x61,0x6e,0x20,0x69,0x64,
0x3d,0x22,0x63,0x6c,0x6f,0x73,0x65,0x4d,0x6f,0x64,0x61,0x6c,0x42,0x74,0x6e,0x22,
0x20,0x63,0x6c,0x61,0x73,0x73,0x3d,0x22,0x63,0x6c,0x6f,0x73,0x65,0x22,0x3e,0x26,
0x74,0x69,0x6d,0x65,0x73,0x3b,0x3c,0x2f,0x73,0x70,0x61,0x6e,0x3e,0x0a,0x20,0x20,
0x20,0x20,0x20,0x20,0x20,0x20,0x20,0x20,0x20,0x20,0x3c,0x70,0x3e,0x54,0x68,0x65,
0x20,0x73,0x65,0x74,0x74,0x69,0x6e,0x67,0x73,0x20,0x68,0x61,0x76,0x65,0x20,0x62,
0x65,0x65,0x6e,0x20,0x75,0x70,0x64,0x61,0x74,0x65,0x64,0x20,0x61,0x6e,0x64,0x20,
0x74,0x68,0x65,0x20,0x64,0x65,0x76,0x69,0x63,0x65,0x20,0x69,0x73,0x20,0x72,0x65,
0x73,0x74,0x61,0x72,0x74,0x69,0x6e,0x67,0x2e,0x3c,0x2f,0x70,0x3e,0x0a,0x20,0x20,
0x20,0x20,0x20,0x20,0x20,0x20,0x3c,0x2f,0x64,0x69,0x76,0x3e,0x0a,0x20,0x20,0x20,
0x20,0x3c,0x2f,0x64,0x69,0x76,0x3e,0x0a,0x0a,0x0a,0x3c,0x2f,0x62,0x6f,0x64,0x79,
0x3e,0x0a,0x0a,0x3c,0x73,0x63,0x72,0x69,0x70,0x74,0x20,0x74,0x79,0x70,0x65,0x3d,
0x22,0x74,0x65,0x78,0x74,0x2f,0x6a,0x61,0x76,0x61,0x73,0x63,0x72,0x69,0x70,0x74,
0x22,0x3e,0x0a,0x20,0x20,0x20,0x20,0x76,0x61,0x72,0x20,0x69,0x6e,0x69,0x74,0x69,
0x61,0x6c,0x5f,0x63,0x6f,0x6e,0x66,0x69,0x67,0x20,0x3d,0x20,0x66,0x61,0x6c,0x73,
0x65,0x3b,0x0a,0x20,0x20,0x20,0x20,0x63,0x6f,0x6e,0x73,0x74,0x20,0x73,0x6d,0x61,
0x6c,0x6c,0x53,0x63,0x72,0x65,0x65,0x6e,0x4c,0x69,0x6d,0x69,0x74,0x20,0x3d,0x20,
0x36,0x30,0x30,0x0a,0x0a,0x20,0x20,0x20,0x20,0x66,0x75,0x6e,0x63,0x74,0x69,0x6f,
0x6e,0x20,0x67,0x65,0x74,0x57,0x69,0x66,0x69,0x53,0x69,0x67,0x6e,0x61,0x6c,0x42,
0x61,0x72,0x73,0x28,0x72,0x73,0x73,0x69,0x29,0x20,0x7b,0x0a,0x20,0x20,0x20,0x20,
0x20,0x20,0x20,0x20,0x69,0x66,0x20,0x28,0x72,0x73,0x73,0x69,0x20,0x3e,0x3d,0x20,
0x2d,0x33,0x30,0x29,0x20,0x7b,0x0a,0x20,0x20,0x20,0x20,0x20,0x20,0x20,0x20,0x20,
0x20,0x20,0x20,0x72,0x65,0x74,0x75,0x72,0x6e,0x20,0x22,0xe2,0x96,0x86,0x20,0xe2,
0x96,0x86,0x20,0xe2,0x96,0x86,0x20,0xe2,0x96,0x86,0x20,0xe2,0x96,0x86,0x22,0x3b,
0x0a,0x20,0x20,0x20,0x20,0x20,0x20,0x20,0x20,0x7d,0x20,0x65,0x6c,0x73,0x65,0x20,
0x69,0x66,0x20,0x28,0x72,0x73,0x73,0x69,0x20,0x3e,0x3d,0x20,0x2d,0x35,0x30,0x29,
0x20,0x7b,0x0a,0x20,0x20,0x20,0x20,0x20,0x20,0x20,0x20,0x20,0x20,0x20,0x20,0x72,
0x65,0x74,0x75,0x72,0x6e,0x20,0x22,0xe2,0x96,0x86,0x20,0xe2,0x96,0x86,0x20,0xe2,
0x96,0x86,0x20,0xe2,0x96,0x86,0x22,0x3b,0x0a,0x20,0x20,0x20,0x20,0x20,0x20,0x20,
0x20,0x7d,0x20,0x65,0x6c,0x73,0x65,0x20,0x69,0x66,0x20,0x28,0x72,0x73,0x73,0x69,
0x20,0x3e,0x3d,0x20,0x2d,0x36,0x30,0x29,0x20,0x7b,0x0a,0x20,0x20,0x20,0x20,0x20,
0x20,0x20,0x20,0x20,0x20,0x20,0x20,0x72,0x65,0x74,0x75,0x72,0x6e,0x20,0x22,0xe2,
0x96,0x86,0x20,0xe2,0x96,0x86,0x20,0xe2,0x96,0x86,0x22,0x3b,0x0a,0x20,0x20,0x20,
0x20,0x20,0x20,0x20,0x20,0x7d,0x20,0x65,0x6c,0x73,0x65,0x20,0x69,0x66,0x20,0x28,
0x72,0x73,0x73,0x69,0x20,0x3e,0x3d,0x20,0x2d,0x37,0x30,0x29,0x20,0x7b,0x0a,0x20,
0x20,0x20,0x20,0x20,0x20,0x20,0x20,0x20,0x20,0x20,0x20,0x72,0x65,0x74,0x75,0x72,
0x6e,0x20,0x22,0xe2,0x96,0x86,0x20,0xe2,0x96,0x86,0x22,0x3b,0x0a,0x20,0x20,0x20,
0x20,0x20,0x20,0x20,0x20,0x7d,0x20,0x65,0x6c,0x73,0x65,0x20,0x7b,0x0a,0x20,0x20,
0x20,0x20,0x20,0x20,0x20,0x20,0x20,0x20,0x20,0x20,0x72,0x65,0x74,0x75,0x72,0x6e,
0x20,0x22,0xe2,0x96,0x86,0x22,0x3b,0x0a,0x20,0x20,0x20,0x20,0x20,0x20,0x20,0x20,
0x7d,0x0a,0x20,0x20,0x20,0x20,0x7d,0x0a,0x0a,0x20,0x20,0x20,0x20,0x66,0x75,0x6e,
0x63,0x74,0x69,0x6f,0x6e,0x20,0x67,0x65,0x74,0x41,0x75,0x74,0x68,0x4d,0x6f,0x64,
0x65,0x54,0x65,0x78,0x74,0x28,0x6d,0x6f,0x64,0x65,0x29,0x20,0x7b,0x0a,0x20,0x20,
0x20,0x20,0x20,0x20,0x20,0x20,0x73,0x77,0x69,0x74,0x63,0x68,0x20,0x28,0x6d,0x6f,
0x64,0x65,0x29,0x20,0x7b,0x0a,0x20,0x20,0x20,0x20,0x20,0x20,0x20,0x20,0x20,0x20,
0x20,0x20,0x63,0x61,0x73,0x65,0x20,0x30,0x3a,0x0a,0x20,0x20,0x20,0x20,0x20,0x20,
0x20,0x20,0x20,0x20,0x20,0x20,0x20,0x20,0x20,0x20,0x72,0x65,0x74,0x75,0x72,0x6e,
0x20,0x22,0x4f,0x50,0x45,0x4e,0x22,0x0a,0x20,0x20,0x20,0x20,0x20,0x20,0x20,0x20,
0x20,0x20,0x20,0x20,0x20,0x20,0x20,0x20,0x62,0x72,0x65,0x61,0x6b,0x3b,0x0a,0x0a,
0x20,0x20,0x20,0x20,0x20,0x20,0x20,0x20,0x20,0x20,0x20,0x20,0x63,0x61,0x73,0x65,
0x20,0x31,0x3a,0x0a,0x20,0x20,0x20,0x20,0x20,0x20,0x20,0x20,0x20,0x20,0x20,0x20,
0x20,0x20,0x20,0x20,0x72,0x65,0x74,0x75,0x72,0x6e,0x20,0x22,0x57,0x50,0x41,0x20,
0x54,0x4b,0x49,0x50,0x20,0x50,0x53,0x4b,0x22,0x0a,0x20,0x20,0x20,0x20,0x20,0x20,
0x20,0x20,0x20,0x20,0x20,0x20,0x20,0x20,0x20,0x20,0x62,0x72,0x65,0x61,0x6b,0x3b,
0x0a,0x0a,0x20,0x20,0x20,0x20,0x20,0x20,0x20,0x20,0x20,0x20,0x20,0x20,0x63,0x61,
0x73,0x65,0x20,0x32,0x3a,0x0a,0x20,0x20,0x20,0x20,0x20,0x20,0x20,0x20,0x20,0x20,
0x20,0x20,0x20,0x20,0x20,0x20,0x72,0x65,0x74,0x75,0x72,0x6e,0x20,0x22,0x57,0x50,
0x41,0x20,0x41,0x45,0x53,0x20,0x50,0x53,0x4b,0x22,0x0a,0x20,0x20,0x20,0x20,0x20,
0x20,0x20,0x20,0x20,0x20,0x20,0x20,0x20,0x20,0x20,0x20,0x62,0x72,0x65,0x61,0x6b,
0x3b,0x0a,0x0a,0x20,0x20,0x20,0x20,0x20,0x20,0x20,0x20,0x20,0x20,0x20,0x20,0x63,
0x61,0x73,0x65,0x20,0x33,0x3a,0x0a,0x20,0x20,0x20,0x20,0x20,0x20,0x20,0x20,0x20,
0x20,0x20,0x20,0x20,0x20,0x20,0x20,0x72,0x65,0x74,0x75,0x72,0x6e,0x20,0x22,0x57,
0x50,0x41,0x32,0x2f,0x57,0x50,0x41,0x20,0x4d,0x49,0x58,0x45,0x44,0x20,0x50,0x53,
0x4b,0x22,0x0a,0x20,0x20,0x20,0x20,0x20,0x20,0x20,0x20,0x20,0x20,0x20,0x20,0x20,
0x20,0x20,0x20,0x62,0x72,0x65,0x61,0x6b,0x3b,0x0a,0x0a,0x20,0x20,0x20,0x20,0x20,
0x20,0x20,0x20,0x20,0x20,0x20,0x20,0x63,0x61,0x73,0x65,0x20,0x34,0x3a,0x0a,0x20,
0x20,0x20,0x20,0x20,0x20,0x20,0x20,0x20,0x20,0x20,0x20,0x20,0x20,0x20,0x20,0x72,
0x65,0x74,0x75,0x72,0x6e,0x20,0x22,0x57,0x50,0x41,0x33,0x20,0x41,0x45,0x53,0x22,
0x0a,0x20,0x20,0x20,0x20,0x20,0x20,0x20,0x20,0x20,0x20,0x20,0x20,0x20,0x20,0x20,
0x20,0x62,0x72,0x65,0x61,0x6b,0x3b,0x0a,0x0a,0x20,0x20,0x20,0x20,0x20,0x20,0x20,
0x20,0x20,0x20,0x20,0x20,0x63,0x61,0x73,0x65,0x20,0x35,0x3a,0x0a,0x20,0x20,0x20,
0x20,0x20,0x20,0x20,0x20,0x20,0x20,0x20,0x20,0x20,0x20,0x20,0x20,0x72,0x65,0x74,
0x75,0x72,0x6e,0x20,0x22,0x57,0x50,0x41,0x32,0x2f,0x57,0x50,0x41,0x33,0x22,0x0a,
0x20,0x20,0x20,0x20,0x20,0x20,0x20,0x20,0x20,0x20,0x20,0x20,0x20,0x20,0x20,0x20,
0x62,0x72,0x65,0x61,0x6b,0x3b,0x0a,0x0a,0x0a,0x20,0x20,0x20,0x20,0x20,0x20,0x20,
0x20,0x20,0x20,0x20,0x20,0x64,0x65,0x66,0x61,0x75,0x6c,0x74,0x3a,0x0a,0x20,0x20,
0x20,0x20,0x20,0x20,0x20,0x20,0x20,0x20,0x20,0x20,0x20,0x20,0x20,0x20,0x62,0x72,
0x65,0x61,0x6b,0x3b,0x0a,0x20,0x20,0x20,0x20,0x20,0x20,0x20,0x20,0x7d,0x0a,0x0a,
0x20,0x20,0x20,0x20,0x7d,0x0a,0x0a,0x20,0x20,0x20,0x20,0x66,0x75,0x6e,0x63,0x74,
0x69,0x6f,0x6e,0x20,0x77,0x69,0x66,0x69,0x5f,0x6e,0x65,0x74,0x77,0x6f,0x72,0x6b,
0x73,0x5f,0x70,0x6f,0x70,0x75,0x6c,0x61,0x74,0x65,0x28,0x6e,0x65,0x74,0x77,0x6f,
0x72,0x6b,0x73,0x5f,0x6a,0x73,0x6f,0x6e,0x29,0x20,0x7b,0x0a,0x20,0x20,0x20,0x20,
0x20,0x20,0x20,0x20,0x63,0x6f,0x6e,0x73,0x74,0x20,0x77,0x69,0x66,0x69,0x5f,0x74,
0x61,0x62,0x6c,0x65,0x42,0x6f,0x64,0x79,0x20,0x3d,0x20,0x64,0x6f,0x63,0x75,0x6d,
0x65,0x6e,0x74,0x2e,0x71,0x75,0x65,0x72,0x79,0x53,0x65,0x6c,0x65,0x63,0x74,0x6f,
0x72,0x28,0x22,0x23,0x77,0x69,0x66,0x69,0x54,0x61,0x62,0x6c,0x65,0x20,0x74,0x62,
0x6f,0x64,0x79,0x22,0x29,0x3b,0x0a,0x0a,0x20,0x20,0x20,0x20,0x20,0x20,0x20,0x20,
0x77,0x68,0x69,0x6c,0x65,0x20,0x28,0x77,0x69,0x66,0x69,0x5f,0x74,0x61,0x62,0x6c,
0x65,0x42,0x6f,0x64,0x79,0x2e,0x6c,0x61,0x73,0x74,0x45,0x6c,0x65,0x6d,0x65,0x6e,
0x74,0x43,0x68,0x69,0x6c,0x64,0x29,0x20,0x7b,0x0a,0x20,0x20,0x20,0x20,0x20,0x20,
0x20,0x20,0x20,0x20,0x20,0x20,0x77,0x69,0x66,0x69,0x5f,0x74,0x61,0x62,0x6c,0x65,
0x42,0x6f,0x64,0x79,0x2e,0x72,0x65,0x6d,0x6f,0x76,0x65,0x43,0x68,0x69,0x6c,0x64,
0x28,0x77,0x69,0x66,0x69,0x5f,0x74,0x61,0x62,0x6c,0x65,0x42,0x6f,0x64,0x79,0x2e,
0x6c,0x61,0x73,0x74,0x45,0x6c,0x65,0x6d,0x65,0x6e,0x74,0x43,0x68,0x69,0x6c,0x64,
0x29,0x3b,0x0a,0x20,0x20,0x20,0x20,0x20,0x20,0x20,0x20,0x7d,0x0a,0x0a,0x20,0x20,
0x20,0x20,0x20,0x20,0x20,0x20,0x6e,0x65,0x74,0x77,0x6f,0x72,0x6b,0x73,0x5f,0x6a,
0x73,0x6f,0x6e,0x2e,0x66,0x6f,0x72,0x45,0x61,0x63,0x68,0x28,0x28,0x69,0x74,0x65,
0x6d,0x2c,0x20,0x69,0x6e,0x64,0x65,0x78,0x29,0x20,0x3d,0x3e,0x20,0x7b,0x0a,0x20,
0x20,0x20,0x20,0x20,0x20,0x20,0x20,0x20,0x20,0x20,0x20,0x63,0x6f,0x6e,0x73,0x74,
0x20,0x72,0x6f,0x77,0x20,0x3d,0x20,0x64,0x6f,0x63,0x75,0x6d,0x65,0x6e,0x74,0x2e,
0x63,0x72,0x65,0x61,0x74,0x65,0x45,0x6c,0x65,0x6d,0x65,0x6e,0x74,0x28,0x22,0x74,
0x72,0x22,0x29,0x3b,0x0a,0x0a,0x20,0x20,0x20,0x20,0x20,0x20,0x20,0x20,0x20,0x20,
0x20,0x20,0x72,0x6f,0x77,0x2e,0x69,0x6e,0x6e,0x65,0x72,0x48,0x54,0x4d,0x4c,0x20,
0x3d,0x20,0x60,0x0a,0x20,0x20,0x20,0x20,0x20,0x20,0x20,0x20,0x20,0x20,0x20,0x20,
0x20,0x20,0x20,0x20,0x20,0x20,0x20,0x20,0x20,0x20,0x20,0x20,0x3c,0x74,0x64,0x20,
0x63,0x6c,0x61,0x73,0x73,0x3d,0x22,0x68,0x69,0x64,0x65,0x2d,0x6f,0x6e,0x2d,0x73,
0x6d,0x61,0x6c,0x6c,0x22,0x3e,0x24,0x7b,0x69,0x6e,0x64,0x65,0x78,0x20,0x2b,0x20,
0x31,0x7d,0x3c,0x2f,0x74,0x64,0x3e,0x20,0x20,0x20,0x20,0x20,0x20,0x20,0x20,0x20,
0x20,0x20,0x20,0x0a,0x20,0x20,0x20,0x20,0x20,0x20,0x20,0x20,0x20,0x20,0x20,0x20,
0x20,0x20,0x20,0x20,0x20,0x20,0x20,0x20,0x20,0x20,0x20,0x20,0x3c,0x74,0x64,0x3e,
0x3c,0x61,0x20,0x64,0x61,0x74,0x61,0x2d,0x61,0x75,0x74,0x68,0x5f,0x6d,0x6f,0x64,
0x65,0x3d,0x22,0x24,0x7b,0x69,0x74,0x65,0x6d,0x2e,0x61,0x75,0x74,0x68,0x5f,0x6d,
0x6f,0x64,0x65,0x7d,0x22,0x20,0x68,0x72,0x65,0x66,0x3d,0x22,0x23,0x22,0x20,0x6f,
0x6e,0x63,0x6c,0x69,0x63,0x6b,0x3d,0x27,0x73,0x65,0x6c,0x65,0x63,0x74,0x5f,0x77,
0x69,0x66,0x69,0x5f,0x6e,0x65,0x74,0x28,0x65,0x76,0x65,0x6e,0x74,0x29,0x27,0x3e,
0x24,0x7b,0x69,0x74,0x65,0x6d,0x2e,0x73,0x73,0x69,0x64,0x7d,0x3c,0x2f,0x61,0x3e,
0x3c,0x2f,0x74,0x64,0x3e,0x0a,0x20,0x20,0x20,0x20,0x20,0x20,0x20,0x20,0x20,0x20,
0x20,0x20,0x20,0x20,0x20,0x20,0x20,0x20,0x20,0x20,0x20,0x20,0x20,0x20,0x3c,0x74,
0x64,0x20,0x73,0x74,0x79,0x6c,0x65,0x3d,0x22,0x63,0x6f,0x6c,0x6f,0x72,0x3a,0x20,
0x67,0x72,0x65,0x65,0x6e,0x3b,0x22,0x3e,0x24,0x7b,0x67,0x65,0x74,0x57,0x69,0x66,
0x69,0x53,0x69,0x67,0x6e,0x61,0x6c,0x42,0x61,0x72,0x73,0x28,0x69,0x74,0x65,0x6d,
0x2e,0x72,0x73,0x73,0x69,0x29,0x7d,0x3c,0x2f,0x74,0x64,0x3e,0x0a,0x20,0x20,0x20,
0x20,0x20,0x20,0x20,0x20,0x20,0x20,0x20,0x20,0x20,0x20,0x20,0x20,0x20,0x20,0x20,
0x20,0x20,0x20,0x20,0x20,0x3c,0x74,0x64,0x20,0x63,0x6c,0x61,0x73,0x73,0x3d,0x22,
0x68,0x69,0x64,0x65,0x2d,0x6f,0x6e,0x2d,0x73,0x6d,0x61,0x6c,0x6c,0x22,0x20,0x73,
0x74,0x79,0x6c,0x65,0x3d,0x22,0x74,0x65,0x78,0x74,0x2d,0x61,0x6c,0x69,0x67,0x6e,
0x3a,0x20,0x63,0x65,0x6e,0x74,0x65,0x72,0x3b,0x22,0x3e,0x24,0x7b,0x69,0x74,0x65,
0x6d,0x2e,0x63,0x68,0x61,0x6e,0x6e,0x7d,0x3c,0x2f,0x74,0x64,0x3e,0x20,0x20,0x20,
0x20,0x20,0x20,0x20,0x20,0x20,0x20,0x20,0x20,0x20,0x20,0x20,0x20,0x20,0x20,0x20,
0x20,0x20,0x20,0x20,0x20,0x20,0x20,0x20,0x20,0x0a,0x20,0x20,0x20,0x20,0x20,0x20,
0x20,0x20,0x20,0x20,0x20,0x20,0x20,0x20,0x20,0x20,0x20,0x20,0x20,0x20,0x20,0x20,
0x20,0x20,0x3c,0x74,0x64,0x3e,0x24,0x7b,0x69,0x74,0x65,0x6d,0x2e,0x61,0x75,0x74,
0x68,0x5f,0x6d,0x6f,0x64,0x65,0x20,0x3e,0x20,0x30,0x20,0x3f,0x20,0x22,0xf0,0x9f,
0x94,0x92,0x22,0x20,0x3a,0x20,0x22,0x22,0x7d,0x3c,0x2f,0x74,0x64,0x3e,0x0a,0x20,
0x20,0x20,0x20,0x20,0x20,0x20,0x20,0x20,0x20,0x20,0x20,0x20,0x20,0x20,0x20,0x20,
0x20,0x20,0x20,0x20,0x20,0x20,0x20,0x3c,0x74,0x64,0x20,0x63,0x6c,0x61,0x73,0x73,
0x3d,0x22,0x68,0x69,0x64,0x65,0x2d,0x6f,0x6e,0x2d,0x73,0x6d,0x61,0x6c,0x6c,0x22,
0x20,0x73,0x74,0x79,0x6c,0x65,0x3d,0x22,0x74,0x65,0x78,0x74,0x2d,0x61,0x6c,0x69,
0x67,0x6e,0x3a,0x20,0x63,0x65,0x6e,0x74,0x65,0x72,0x3b,0x22,0x3e,0x24,0x7b,0x67,
0x65,0x74,0x41,0x75,0x74,0x68,0x4d,0x6f,0x64,0x65,0x54,0x65,0x78,0x74,0x28,0x69,
0x74,0x65,0x6d,0x2e,0x61,0x75,0x74,0x68,0x5f,0x6d,0x6f,0x64,0x65,0x29,0x7d,0x3c,
0x2f,0x74,0x64,0x3e,0x20,0x20,0x20,0x20,0x20,0x20,0x20,0x20,0x20,0x20,0x20,0x20,
0x20,0x20,0x20,0x20,0x20,0x20,0x20,0x20,0x20,0x20,0x20,0x20,0x20,0x20,0x20,0x20,
0x20,0x20,0x20,0x20,0x20,0x20,0x20,0x20,0x0a,0x20,0x20,0x20,0x20,0x20,0x20,0x20,
0x20,0x20,0x20,0x20,0x20,0x20,0x20,0x20,0x20,0x20,0x20,0x20,0x20,0x60,0x3b,0x0a,
0x0a,0x20,0x20,0x20,0x20,0x20,0x20,0x20,0x20,0x20,0x20,0x20,0x20,0x77,0x69,0x66,
0x69,0x5f,0x74,0x61,0x62,0x6c,0x65,0x42,0x6f,0x64,0x79,0x2e,0x61,0x70,0x70,0x65,
0x6e,0x64,0x43,0x68,0x69,0x6c,0x64,0x28,0x72,0x6f,0x77,0x29,0x3b,0x0a,0x20,0x20,
0x20,0x20,0x20,0x20,0x20,0x20,0x7d,0x29,0x3b,0x0a,0x20,0x20,0x20,0x20,0x7d,0x0a,
0x0a,0x20,0x20,0x20,0x20,0x66,0x75,0x6e,0x63,0x74,0x69,0x6f,0x6e,0x20,0x77,0x69,
0x66,0x69,0x5f,0x6e,0x65,0x74,0x77,0x6f,0x72,0x6b,0x73,0x5f,0x67,0x65,0x74,0x28,
0x73,0x63,0x61,0x6e,0x29,0x20,0x7b,0x0a,0x20,0x20,0x20,0x20,0x20,0x20,0x20,0x20,
0x6c,0x65,0x74,0x20,0x78,0x68,0x72,0x20,0x3d,0x20,0x6e,0x65,0x77,0x20,0x58,0x4d,
0x4c,0x48,0x74,0x74,0x70,0x52,0x65,0x71,0x75,0x65,0x73,0x74,0x28,0x29,0x3b,0x0a,
0x20,0x20,0x20,0x20,0x20,0x20,0x20,0x20,0x69,0x66,0x20,0x28,0x73,0x63,0x61,0x6e,
0x29,0x20,0x7b,0x0a,0x20,0x20,0x20,0x20,0x20,0x20,0x20,0x20,0x20,0x20,0x20,0x20,
0x78,0x68,0x72,0x2e,0x6f,0x70,0x65,0x6e,0x28,0x22,0x50,0x4f,0x53,0x54,0x22,0x2c,
0x20,0x27,0x2f,0x77,0x69,0x66,0x69,0x5f,0x6e,0x65,0x74,0x73,0x5f,0x73,0x63,0x61,
0x6e,0x2e,0x63,0x67,0x69,0x27,0x2c,0x20,0x74,0x72,0x75,0x65,0x29,0x3b,0x0a,0x20,
0x20,0x20,0x20,0x20,0x20,0x20,0x20,0x7d,0x20,0x65,0x6c,0x73,0x65,0x20,0x7b,0x0a,
0x20,0x20,0x20,0x20,0x20,0x20,0x20,0x20,0x20,0x20,0x20,0x20,0x78,0x68,0x72,0x2e,
0x6f,0x70,0x65,0x6e,0x28,0x22,0x50,0x4f,0x53,0x54,0x22,0x2c,0x20,0x27,0x2f,0x77,
0x69,0x66,0x69,0x5f,0x6e,0x65,0x74,0x73,0x2e,0x63,0x67,0x69,0x27,0x2c,0x20,0x74,
0x72,0x75,0x65,0x29,0x3b,0x0a,0x20,0x20,0x20,0x20,0x20,0x20,0x20,0x20,0x7d,0x20,
0x20,0x20,0x0a,0x20,0x20,0x20,0x20,0x20,0x20,0x20,0x20,0x78,0x68,0x72,0x2e,0x73,
0x65,0x74,0x52,0x65,0x71,0x75,0x65,0x73,0x74,0x48,0x65,0x61,0x64,0x65,0x72,0x28,
0x22,0x43,0x6f,0x6e,0x74,0x65,0x6e,0x74,0x2d,0x54,0x79,0x70,0x65,0x22,0x2c,0x20,
0x22,0x61,0x70,0x70,0x6c,0x69,0x63,0x61,0x74,0x69,0x6f,0x6e,0x2f,0x6a,0x73,0x6f,
0x6e,0x22,0x29,0x3b,0x0a,0x0a,0x20,0x20,0x20,0x20,0x20,0x20,0x20,0x20,0x2f,0x2f,
0x20,0x55,0x73,0x65,0x20,0x6f,0x6e,0x72,0x65,0x61,0x64,0x79,0x73,0x74,0x61,0x74,
0x65,0x63,0x68,0x61,0x6e,0x67,0x65,0x20,0x69,0x6e,0x73,0x74,0x65,0x61,0x64,0x20,
0x6f,0x66,0x20,0x6f,0x6e,0x6c,0x6f,0x61,0x64,0x0a,0x20,0x20,0x20,0x20,0x20,0x20,
0x20,0x20,0x78,0x68,0x72,0x2e,0x6f,0x6e,0x72,0x65,0x61,0x64,0x79,0x73,0x74,0x61,
0x74,0x65,0x63,0x68,0x61,0x6e,0x67,0x65,0x20,0x3d,0x20,0x66,0x75,0x6e,0x63,0x74,
0x69,0x6f,0x6e,0x20,0x28,0x29,0x20,0x7b,0x0a,0x20,0x20,0x20,0x20,0x20,0x20,0x20,
0x20,0x20,0x20,0x20,0x20,0x69,0x66,0x20,0x28,0x78,0x68,0x72,0x2e,0x72,0x65,0x61,
0x64,0x79,0x53,0x74,0x61,0x74,0x65,0x20,0x3d,0x3d,0x3d,0x20,0x34,0x29,0x20,0x7b,
0x20,0x2f,0x2f,0x20,0x52,0x65,0x71,0x75,0x65,0x73,0x74,0x20,0x69,0x73,0x20,0x63,
0x6f,0x6d,0x70,0x6c,0x65,0x74,0x65,0x0a,0x20,0x20,0x20,0x20,0x20,0x20,0x20,0x20,
0x20,0x20,0x20,0x20,0x20,0x20,0x20,0x20,0x69,0x66,0x20,0x28,0x78,0x68,0x72,0x2e,
0x73,0x74,0x61,0x74,0x75,0x73,0x20,0x3e,0x3d,0x20,0x32,0x30,0x30,0x20,0x26,0x26,
0x20,0x78,0x68,0x72,0x2e,0x73,0x74,0x61,0x74,0x75,0x73,0x20,0x3c,0x20,0x33,0x30,
0x30,0x29,0x20,0x7b,0x0a,0x20,0x20,0x20,0x20,0x20,0x20,0x20,0x20,0x20,0x20,0x20,
0x20,0x20,0x20,0x20,0x20,0x20,0x20,0x20,0x20,0x2f,0x2f,0x20,0x43,0x68,0x65,0x63,
0x6b,0x20,0x69,0x66,0x20,0x72,0x65,0x73,0x70,0x6f,0x6e,0x73,0x65,0x54,0x65,0x78,
0x74,0x20,0x69,0x73,0x20,0x6e,0x6f,0x74,0x20,0x65,0x6d,0x70,0x74,0x79,0x0a,0x20,
0x20,0x20,0x20,0x20,0x20,0x20,0x20,0x20,0x20,0x20,0x20,0x20,0x20,0x20,0x20,0x20,
0x20,0x20,0x20,0x69,0x66,0x20,0x28,0x78,0x68,0x72,0x2e,0x72,0x65,0x73,0x70,0x6f,
0x6e,0x73,0x65,0x54,0x65,0x78,0x74,0x29,0x20,0x7b,0x0a,0x20,0x20,0x20,0x20,0x20,
0x20,0x20,0x20,0x20,0x20,0x20,0x20,0x20,0x20,0x20,0x20,0x20,0x20,0x20,0x20,0x20,
0x20,0x20,0x20,0x74,0x72,0x79,0x20,0x7b,0x0a,0x20,0x20,0x20,0x20,0x20,0x20,0x20,
0x20,0x20,0x20,0x20,0x20,0x20,0x20,0x20,0x20,0x20,0x20,0x20,0x20,0x20,0x20,0x20,
0x20,0x20,0x20,0x20,0x20,0x2f,0x2f,0x20,0x50,0x61,0x72,0x73,0x65,0x20,0x74,0x68,
0x65,0x20,0x4a,0x53,0x4f,0x4e,0x20,0x72,0x65,0x73,0x70,0x6f,0x6e,0x73,0x65,0x0a,
0x20,0x20,0x20,0x20,0x20,0x20,0x20,0x20,0x20,0x20,0x20,0x20,0x20,0x20,0x20,0x20,
0x20,0x20,0x20,0x20,0x20,0x20,0x20,0x20,0x20,0x20,0x20,0x20,0x63,0x6f,0x6e,0x73,
0x74,0x20,0x6e,0x65,0x74,0x77,0x6f,0x72,0x6b,0x73,0x5f,0x6a,0x73,0x6f,0x6e,0x20,
0x3d,0x20,0x4a,0x53,0x4f,0x4e,0x2e,0x70,0x61,0x72,0x73,0x65,0x28,0x78,0x68,0x72,
0x2e,0x72,0x65,0x73,0x70,0x6f,0x6e,0x73,0x65,0x54,0x65,0x78,0x74,0x29,0x3b,0x0a,
0x20,0x20,0x20,0x20,0x20,0x20,0x20,0x20,0x20,0x20,0x20,0x20,0x20,0x20,0x20,0x20,
0x20,0x20,0x20,0x20,0x20,0x20,0x20,0x20,0x20,0x20,0x20,0x20,0x77,0x69,0x66,0x69,
0x5f,0x6e,0x65,0x74,0x77,0x6f,0x72,0x6b,0x73,0x5f,0x70,0x6f,0x70,0x75,0x6c,0x61,
0x74,0x65,0x28,0x6e,0x65,0x74,0x77,0x6f,0x72,0x6b,0x73,0x5f,0x6a,0x73,0x6f,0x6e,
0x29,0x3b,0x0a,0x0a,0x20,0x20,0x20,0x20,0x20,0x20,0x20,0x20,0x20,0x20,0x20,0x20,
0x20,0x20,0x20,0x20,0x20,0x20,0x20,0x20,0x20,0x20,0x20,0x20,0x7d,0x20,0x63,0x61,
0x74,0x63,0x68,0x20,0x28,0x65,0x72,0x72,0x6f,0x72,0x29,0x20,0x7b,0x0a,0x20,0x20,
0x20,0x20,0x20,0x20,0x20,0x20,0x20,0x20,0x20,0x20,0x20,0x20,0x20,0x20,0x20,0x20,
0x20,0x20,0x20,0x20,0x20,0x20,0x20,0x20,0x20,0x20,0x63,0x6f,0x6e,0x73,0x6f,0x6c,
0x65,0x2e,0x65,0x72,0x72,0x6f,0x72,0x28,0x22,0x46,0x61,0x69,0x6c,0x65,0x64,0x20,
0x74,0x6f,0x20,0x70,0x61,0x72,0x73,0x65,0x20,0x4a,0x53,0x4f,0x4e,0x3a,0x22,0x2c,
0x20,0x65,0x72,0x72,0x6f,0x72,0x29,0x3b,0x0a,0x20,0x20,0x20,0x20,0x20,0x20,0x20,
0x20,0x20,0x20,0x20,0x20,0x20,0x20,0x20,0x20,0x20,0x20,0x20,0x20,0x20,0x20,0x20,
0x20,0x7d,0x0a,0x20,0x20,0x20,0x20,0x20,0x20,0x20,0x20,0x20,0x20,0x20,0x20,0x20,
0x20,0x20,0x20,0x20,0x20,0x20,0x20,0x7d,0x20,0x65,0x6c,0x73,0x65,0x20,0x7b,0x0a,
0x20,0x20,0x20,0x20,0x20,0x20,0x20,0x20,0x20,0x20,0x20,0x20,0x20,0x20,0x20,0x20,
0x20,0x20,0x20,0x20,0x20,0x20,0x20,0x20,0x63,0x6f,0x6e,0x73,0x6f,0x6c,0x65,0x2e,
0x65,0x72,0x72,0x6f,0x72,0x28,0x22,0x52,0x65,0x73,0x70,0x6f,0x6e,0x73,0x65,0x20,
0x69,0x73,0x20,0x65,0x6d,0x70,0x74,0x79,0x22,0x29,0x3b,0x0a,0x20,0x20,0x20,0x20,
0x20,0x20,0x20,0x20,0x20,0x20,0x20,0x20,0x20,0x20,0x20,0x20,0x20,0x20,0x20,0x20,
0x7d,0x0a,0x20,0x20,0x20,0x20,0x20,0x20,0x20,0x20,0x20,0x20,0x20,0x20,0x20,0x20,
0x20,0x20,0x7d,0x20,0x65,0x6c,0x73,0x65,0x20,0x7b,0x0a,0x20,0x20,0x20,0x20,0x20,
0x20,0x20,0x20,0x20,0x20,0x20,0x20,0x20,0x20,0x20,0x20,0x20,0x20,0x20,0x20,0x63,
0x6f,0x6e,0x73,0x6f,0x6c,0x65,0x2e,0x65,0x72,0x72,0x6f,0x72,0x28,0x22,0x52,0x65,
0x71,0x75,0x65,0x73,0x74,0x20,0x66,0x61,0x69,0x6c,0x65,0x64,0x20,0x77,0x69,0x74,
0x68,0x20,0x73,0x74,0x61,0x74,0x75,0x73,0x3a,0x22,0x2c,0x20,0x78,0x68,0x72,0x2e,
0x73,0x74,0x61,0x74,0x75,0x73,0x29,0x3b,0x0a,0x20,0x20,0x20,0x20,0x20,0x20,0x20,
0x20,0x20,0x20,0x20,0x20,0x20,0x20,0x20,0x20,0x7d,0x0a,0x20,0x20,0x20,0x20,0x20,
0x20,0x20,0x20,0x20,0x20,0x20,0x20,0x7d,0x0a,0x20,0x20,0x20,0x20,0x20,0x20,0x20,
0x20,0x7d,0x3b,0x0a,0x0a,0x20,0x20,0x20,0x20,0x20,0x20,0x20,0x20,0x78,0x68,0x72,
0x2e,0x73,0x65,0x6e,0x64,0x28,0x29,0x3b,0x0a,0x20,0x20,0x20,0x20,0x7d,0x0a,0x0a,
0x20,0x20,0x20,0x20,0x66,0x75,0x6e,0x63,0x74,0x69,0x6f,0x6e,0x20,0x73,0x65,0x6c,
0x65,0x63,0x74,0x5f,0x77,0x69,0x66,0x69,0x5f,0x6e,0x65,0x74,0x28,0x65,0x76,0x65,
0x6e,0x74,0x29,0x20,0x7b,0x0a,0x0a,0x20,0x20,0x20,0x20,0x20,0x20,0x20,0x20,0x63,
0x6f,0x6e,0x73,0x74,0x20,0x73,0x65,0x74,0x74,0x69,0x6e,0x67,0x73,0x5f,0x66,0x6f,
0x72,0x6d,0x20,0x3d,0x20,0x64,0x6f,0x63,0x75,0x6d,0x65,0x6e,0x74,0x2e,0x67,0x65,
0x74,0x45,0x6c,0x65,0x6d,0x65,0x6e,0x74,0x42,0x79,0x49,0x64,0x28,0x27,0x73,0x65,
0x74,0x74,0x69,0x6e,0x67,0x73,0x5f,0x66,0x6f,0x72,0x6d,0x27,0x29,0x3b,0x0a,0x20,
0x20,0x20,0x20,0x20,0x20,0x20,0x20,0x73,0x65,0x74,0x74,0x69,0x6e,0x67,0x73,0x5f,
0x66,0x6f,0x72,0x6d,0x2e,0x65,0x6c,0x65,0x6d,0x65,0x6e,0x74,0x73,0x5b,0x22,0x77,
0x69,0x66,0x69,0x2e,0x73,0x73,0x69,0x64,0x22,0x5d,0x2e,0x76,0x61,0x6c,0x75,0x65,
0x20,0x3d,0x20,0x65,0x76,0x65,0x6e,0x74,0x2e,0x74,0x61,0x72,0x67,0x65,0x74,0x2e,
0x74,0x65,0x78,0x74,0x3b,0x0a,0x20,0x20,0x20,0x20,0x20,0x20,0x20,0x20,0x73,0x65,
0x74,0x74,0x69,0x6e,0x67,0x73,0x5f,0x66,0x6f,0x72,0x6d,0x2e,0x65,0x6c,0x65,0x6d,
0x65,0x6e,0x74,0x73,0x5b,0x22,0x77,0x69,0x66,0x69,0x2e,0x61,0x75,0x74,0x68,0x5f,
0x6d,0x6f,0x64,0x65,0x22,0x5d,0x2e,0x76,0x61,0x6c,0x75,0x65,0x20,0x3d,0x20,0x65,
0x76,0x65,0x6e,0x74,0x2e,0x74,0x61,0x72,0x67,0x65,0x74,0x2e,0x64,0x61,0x74,0x61,
0x73,0x65,0x74,0x2e,0x61,0x75,0x74,0x68,0x5f,0x6d,0x6f,0x64,0x65,0x3b,0x0a,0x20,
0x20,0x20,0x20,0x7d,0x0a,0x0a,0x20,0x20,0x20,0x20,0x64,0x6f,0x63,0x75,0x6d,0x65,
0x6e,0x74,0x2e,0x67,0x65,0x74,0x45,0x6c,0x65,0x6d,0x65,0x6e,0x74,0x42,0x79,0x49,
0x64,0x28,0x27,0x73,0x65,0x74,0x74,0x69,0x6e,0x67,0x73,0x5f,0x66,0x6f,0x72,0x6d,
0x27,0x29,0x2e,0x61,0x64,0x64,0x45,0x76,0x65,0x6e,0x74,0x4c,0x69,0x73,0x74,0x65,
0x6e,0x65,0x72,0x28,0x27,0x73,0x75,0x62,0x6d,0x69,0x74,0x27,0x2c,0x20,0x66,0x75,
0x6e,0x63,0x74,0x69,0x6f,0x6e,0x20,0x28,0x65,0x76,0x65,0x6e,0x74,0x29,0x20,0x7b,
0x0a,0x20,0x20,0x20,0x20,0x20,0x20,0x20,0x20,0x65,0x76,0x65,0x6e,0x74,0x2e,0x70,
0x72,0x65,0x76,0x65,0x6e,0x74,0x44,0x65,0x66,0x61,0x75,0x6c,0x74,0x28,0x29,0x3b,
0x20,0x2f,0x2f,0x20,0x50,0x72,0x65,0x76,0x65,0x6e,0x74,0x20,0x74,0x68,0x65,0x20,
0x66,0x6f,0x72,0x6d,0x20,0x66,0x72,0x6f,0x6d,0x20,0x73,0x75,0x62,0x6d,0x69,0x74,
0x74,0x69,0x6e,0x67,0x0a,0x0a,0x20,0x20,0x20,0x20,0x20,0x20,0x20,0x20,0x69,0x70,
0x5f,0x69,0x6e,0x70,0x75,0x74,0x73,0x20,0x3d,0x20,0x64,0x6f,0x63,0x75,0x6d,0x65,
0x6e,0x74,0x2e,0x71,0x75,0x65,0x72,0x79,0x53,0x65,0x6c,0x65,0x63,0x74,0x6f,0x72,
0x41,0x6c,0x6c,0x28,0x22,0x2e,0x69,0x70,0x2d,0x61,0x64,0x64,0x72,0x22,0x29,0x3b,
0x0a,0x0a,0x20,0x20,0x20,0x20,0x20,0x20,0x20,0x20,0x66,0x6f,0x72,0x20,0x28,0x6c,
0x65,0x74,0x20,0x69,0x20,0x3d,0x20,0x30,0x3b,0x20,0x69,0x20,0x3c,0x20,0x69,0x70,
0x5f,0x69,0x6e,0x70,0x75,0x74,0x73,0x2e,0x6c,0x65,0x6e,0x67,0x74,0x68,0x3b,0x20,
0x69,0x2b,0x2b,0x29,0x20,0x7b,0x0a,0x20,0x20,0x20,0x20,0x20,0x20,0x20,0x20,0x20,
0x20,0x20,0x20,0x69,0x66,0x20,0x28,0x21,0x69,0x73,0x56,0x61,0x6c,0x69,0x64,0x49,
0x50,0x28,0x69,0x70,0x5f,0x69,0x6e,0x70,0x75,0x74,0x73,0x5b,0x69,0x5d,0x2e,0x76,
0x61,0x6c,0x75,0x65,0x29,0x29,0x20,0x7b,0x0a,0x20,0x20,0x20,0x20,0x20,0x20,0x20,
0x20,0x20,0x20,0x20,0x20,0x20,0x20,0x20,0x20,0x69,0x70,0x5f,0x69,0x6e,0x70,0x75,
0x74,0x73,0x5b,0x69,0x5d,0x2e,0x66,0x6f,0x63,0x75,0x73,0x28,0x29,0x3b,0x0a,0x20,
0x20,0x20,0x20,0x20,0x20,0x20,0x20,0x20,0x20,0x20,0x20,0x20,0x20,0x20,0x20,0x72,
0x65,0x74,0x75,0x72,0x6e,0x3b,0x0a,0x20,0x20,0x20,0x20,0x20,0x20,0x20,0x20,0x20,
0x20,0x20,0x20,0x7d,0x0a,0x20,0x20,0x20,0x20,0x20,0x20,0x20,0x20,0x7d,0x3b,0x0a,
0x0a,0x20,0x20,0x20,0x20,0x20,0x20,0x20,0x20,0x2f,0x2f,0x20,0x53,0x74,0x65,0x70,
0x20,0x31,0x3a,0x20,0x47,0x65,0x74,0x20,0x74,0x68,0x65,0x20,0x66,0x6c,0x61,0x74,
0x74,0x65,0x6e,0x65,0x64,0x20,0x4a,0x53,0x4f,0x4e,0x0a,0x20,0x20,0x20,0x20,0x20,
0x20,0x20,0x20,0x63,0x6f,0x6e,0x73,0x74,0x20,0x66,0x6f,0x72,0x6d,0x44,0x61,0x74,
0x61,0x20,0x3d,0x20,0x6e,0x65,0x77,0x20,0x46,0x6f,0x72,0x6d,0x44,0x61,0x74,0x61,
0x28,0x65,0x76,0x65,0x6e,0x74,0x2e,0x74,0x61,0x72,0x67,0x65,0x74,0x29,0x3b,0x0a,
0x20,0x20,0x20,0x20,0x20,0x20,0x20,0x20,0x63,0x6f,0x6e,0x73,0x74,0x20,0x66,0x6c,
0x61,0x74,0x4a,0x73,0x6f,0x6e,0x20,0x3d,0x20,0x4f,0x62,0x6a,0x65,0x63,0x74,0x2e,
0x66,0x72,0x6f,0x6d,0x45,0x6e,0x74,0x72,0x69,0x65,0x73,0x28,0x66,0x6f,0x72,0x6d,
0x44,0x61,0x74,0x61,0x29,0x3b,0x0a,0x0a,0x20,0x20,0x20,0x20,0x20,0x20,0x20,0x20,
0x2f,0x2f,0x20,0x53,0x74,0x65,0x70,0x20,0x32,0x3a,0x20,0x43,0x6f,0x6e,0x76,0x65,
0x72,0x74,0x20,0x74,0x68,0x65,0x20,0x66,0x6c,0x61,0x74,0x20,0x4a,0x53,0x4f,0x4e,
0x20,0x74,0x6f,0x20,0x6e,0x65,0x73,0x74,0x65,0x64,0x20,0x4a,0x53,0x4f,0x4e,0x0a,
0x20,0x20,0x20,0x20,0x20,0x20,0x20,0x20,0x63,0x6f,0x6e,0x73,0x74,0x20,0x6e,0x65,
0x73,0x74,0x65,0x64,0x4a,0x73,0x6f,0x6e,0x20,0x3d,0x20,0x7b,0x7d,0x3b,0x0a,0x0a,
0x20,0x20,0x20,0x20,0x20,0x20,0x20,0x20,0x66,0x6f,0x72,0x20,0x28,0x63,0x6f,0x6e,
0x73,0x74,0x20,0x6b,0x65,0x79,0x20,0x69,0x6e,0x20,0x66,0x6c,0x61,0x74,0x4a,0x73,
0x6f,0x6e,0x29,0x20,0x7b,0x0a,0x20,0x20,0x20,0x20,0x20,0x20,0x20,0x20,0x20,0x20,
0x20,0x20,0x63,0x6f,0x6e,0x73,0x74,0x20,0x6b,0x65,0x79,0x73,0x20,0x3d,0x20,0x6b,
0x65,0x79,0x2e,0x73,0x70,0x6c,0x69,0x74,0x28,0x2f,0x5c,0x5b,0x7c,0x5c,0x5d,0x7c,
0x5c,0x2e,0x2f,0x29,0x2e,0x66,0x69,0x6c,0x74,0x65,0x72,0x28,0x42,0x6f,0x6f,0x6c,
0x65,0x61,0x6e,0x29,0x3b,0x20,0x2f,0x2f,0x20,0x53,0x70,0x6c,0x69,0x74,0x20,0x6b,
0x65,0x79,0x20,0x69,0x6e,0x74,0x6f,0x20,0x70,0x61,0x72,0x74,0x73,0x0a,0x20,0x20,
0x20,0x20,0x20,0x20,0x20,0x20,0x20,0x20,0x20,0x20,0x6c,0x65,0x74,0x20,0x63,0x75,
0x72,0x72,0x65,0x6e,0x74,0x20,0x3d,0x20,0x6e,0x65,0x73,0x74,0x65,0x64,0x4a,0x73,
0x6f,0x6e,0x3b,0x0a,0x0a,0x20,0x20,0x20,0x20,0x20,0x20,0x20,0x20,0x20,0x20,0x20,
0x20,0x6b,0x65,0x79,0x73,0x2e,0x66,0x6f,0x72,0x45,0x61,0x63,0x68,0x28,0x28,0x6b,
0x2c,0x20,0x69,0x29,0x20,0x3d,0x3e,0x20,0x7b,0x0a,0x20,0x20,0x20,0x20,0x20,0x20,
0x20,0x20,0x20,0x20,0x20,0x20,0x20,0x20,0x20,0x20,0x69,0x66,0x20,0x28,0x69,0x20,
0x3d,0x3d,0x3d,0x20,0x6b,0x65,0x79,0x73,0x2e,0x6c,0x65,0x6e,0x67,0x74,0x68,0x20,
0x2d,0x20,0x31,0x29,0x20,0x7b,0x0a,0x20,0x20,0x20,0x20,0x20,0x20,0x20,0x20,0x20,
0x20,0x20,0x20,0x20,0x20,0x20,0x20,0x20,0x20,0x20,0x20,0x63,0x75,0x72,0x72,0x65,
0x6e,0x74,0x5b,0x6b,0x5d,0x20,0x3d,0x20,0x66,0x6c,0x61,0x74,0x4a,0x73,0x6f,0x6e,
0x5b,0x6b,0x65,0x79,0x5d,0x3b,0x20,0x2f,0x2f,0x20,0x53,0x65,0x74,0x20,0x74,0x68,
0x65,0x20,0x76,0x61,0x6c,0x75,0x65,0x0a,0x20,0x20,0x20,0x20,0x20,0x20,0x20,0x20,
0x20,0x20,0x20,0x20,0x20,0x20,0x20,0x20,0x7d,0x20,0x65,0x6c,0x73,0x65,0x20,0x7b,
0x0a,0x20,0x20,0x20,0x20,0x20,0x20,0x20,0x20,0x20,0x20,0x20,0x20,0x20,0x20,0x20,
0x20,0x20,0x20,0x20,0x20,0x69,0x66,0x20,0x28,0x21,0x63,0x75,0x72,0x72,0x65,0x6e,
0x74,0x5b,0x6b,0x5d,0x29,0x20,0x7b,0x0a,0x20,0x20,0x20,0x20,0x20,0x20,0x20,0x20,
0x20,0x20,0x20,0x20,0x20,0x20,0x20,0x20,0x20,0x20,0x20,0x20,0x20,0x20,0x20,0x20,
0x2f,0x2f,0x20,0x43,0x72,0x65,0x61,0x74,0x65,0x20,0x61,0x6e,0x20,0x6f,0x62,0x6a,
0x65,0x63,0x74,0x20,0x6f,0x72,0x20,0x61,0x72,0x72,0x61,0x79,0x20,0x62,0x61,0x73,
0x65,0x64,0x20,0x6f,0x6e,0x20,0x74,0x68,0x65,0x20,0x6e,0x65,0x78,0x74,0x20,0x6b,
0x65,0x79,0x0a,0x20,0x20,0x20,0x20,0x20,0x20,0x20,0x20,0x20,0x20,0x20,0x20,0x20,
0x20,0x20,0x20,0x20,0x20,0x20,0x20,0x20,0x20,0x20,0x20,0x63,0x75,0x72,0x72,0x65,
0x6e,0x74,0x5b,0x6b,0x5d,0x20,0x3d,0x20,0x69,0x73,0x4e,0x61,0x4e,0x28,0x6b,0x65,
0x79,0x73,0x5b,0x69,0x20,0x2b,0x20,0x31,0x5d,0x29,0x20,0x3f,0x20,0x7b,0x7d,0x20,
0x3a,0x20,0x5b,0x5d,0x3b,0x0a,0x20,0x20,0x20,0x20,0x20,0x20,0x20,0x20,0x20,0x20,
0x20,0x20,0x20,0x20,0x20,0x20,0x20,0x20,0x20,0x20,0x7d,0x0a,0x20,0x20,0x20,0x20,
0x20,0x20,0x20,0x20,0x20,0x20,0x20,0x20,0x20,0x20,0x20,0x20,0x20,0x20,0x20,0x20,
0x63,0x75,0x72,0x72,0x65,0x6e,0x74,0x20,0x3d,0x20,0x63,0x75,0x72,0x72,0x65,0x6e,
0x74,0x5b,0x6b,0x5d,0x3b,0x20,0x2f,0x2f,0x20,0x4d,0x6f,0x76,0x65,0x20,0x64,0x65,
0x65,0x70,0x65,0x72,0x20,0x69,0x6e,0x74,0x6f,0x20,0x74,0x68,0x65,0x20,0x73,0x74,
0x72,0x75,0x63,0x74,0x75,0x72,0x65,0x0a,0x20,0x20,0x20,0x20,0x20,0x20,0x20,0x20,
0x20,0x20,0x20,0x20,0x20,0x20,0x20,0x20,0x7d,0x0a,0x20,0x20,0x20,0x20,0x20,0x20,
0x20,0x20,0x20,0x20,0x20,0x20,0x7d,0x29,0x3b,0x0a,0x20,0x20,0x20,0x20,0x20,0x20,
0x20,0x20,0x7d,0x0a,0x0a,0x20,0x20,0x20,0x20,0x20,0x20,0x20,0x20,0x69,0x66,0x20,
0x28,0x69,0x6e,0x69,0x74,0x69,0x61,0x6c,0x5f,0x63,0x6f,0x6e,0x66,0x69,0x67,0x20,
0x26,0x26,0x20,0x6e,0x65,0x73,0x74,0x65,0x64,0x4a,0x73,0x6f,0x6e,0x2e,0x73,0x65,
0x74,0x74,0x69,0x6e,0x67,0x73,0x2e,0x70,0x61,0x73,0x73,0x77,0x6f,0x72,0x64,0x20,
0x21,0x3d,0x20,0x6e,0x65,0x73,0x74,0x65,0x64,0x4a,0x73,0x6f,0x6e,0x2e,0x73,0x65,
0x74,0x74,0x69,0x6e,0x67,0x73,0x2e,0x70,0x61,0x73,0x73,0x77,0x6f,0x72,0x64,0x5f,
0x63,0x6f,0x6e,0x66,0x69,0x72,0x6d,0x29,0x20,0x7b,0x0a,0x20,0x20,0x20,0x20,0x20,
0x20,0x20,0x20,0x20,0x20,0x20,0x20,0x61,0x6c,0x65,0x72,0x74,0x28,0x22,0x50,0x61,
0x73,0x73,0x77,0x6f,0x72,0x64,0x73,0x20,0x64,0x6f,0x20,0x6e,0x6f,0x74,0x20,0x6d,
0x61,0x74,0x63,0x68,0x22,0x29,0x3b,0x0a,0x20,0x20,0x20,0x20,0x20,0x20,0x20,0x20,
0x20,0x20,0x20,0x20,0x72,0x65,0x74,0x75,0x72,0x6e,0x3b,0x0a,0x20,0x20,0x20,0x20,
0x20,0x20,0x20,0x20,0x7d,0x0a,0x0a,0x20,0x20,0x20,0x20,0x20,0x20,0x20,0x20,0x6e,
0x65,0x73,0x74,0x65,0x64,0x4a,0x73,0x6f,0x6e,0x2e,0x73,0x65,0x74,0x74,0x69,0x6e,
0x67,0x73,0x2e,0x70,0x61,0x73,0x73,0x77,0x6f,0x72,0x64,0x5f,0x63,0x6f,0x6e,0x66,
0x69,0x67,0x20,0x3d,0x20,0x22,0x22,0x3b,0x0a,0x0a,0x20,0x20,0x20,0x20,0x20,0x20,
0x20,0x20,0x2f,0x2f,0x20,0x53,0x74,0x65,0x70,0x20,0x33,0x3a,0x20,0x4f,0x75,0x74,
0x70,0x75,0x74,0x20,0x74,0x68,0x65,0x20,0x6e,0x65,0x73,0x74,0x65,0x64,0x20,0x4a,
0x53,0x4f,0x4e,0x20,0x20,0x20,0x20,0x20,0x20,0x20,0x20,0x0a,0x20,0x20,0x20,0x20,
0x20,0x20,0x20,0x20,0x6c,0x65,0x74,0x20,0x78,0x68,0x72,0x20,0x3d,0x20,0x6e,0x65,
0x77,0x20,0x58,0x4d,0x4c,0x48,0x74,0x74,0x70,0x52,0x65,0x71,0x75,0x65,0x73,0x74,
0x28,0x29,0x3b,0x0a,0x20,0x20,0x20,0x20,0x20,0x20,0x20,0x20,0x78,0x68,0x72,0x2e,
0x6f,0x70,0x65,0x6e,0x28,0x22,0x50,0x4f,0x53,0x54,0x22,0x2c,0x20,0x27,0x2f,0x73,
0x65,0x74,0x74,0x69,0x6e,0x67,0x73,0x5f,0x73,0x61,0x76,0x65,0x2e,0x63,0x67,0x69,
0x27,0x2c,0x20,0x74,0x72,0x75,0x65,0x29,0x3b,0x0a,0x20,0x20,0x20,0x20,0x20,0x20,
0x20,0x20,0x78,0x68,0x72,0x2e,0x73,0x65,0x74,0x52,0x65,0x71,0x75,0x65,0x73,0x74,
0x48,0x65,0x61,0x64,0x65,0x72,0x28,0x22,0x43,0x6f,0x6e,0x74,0x65,0x6e,0x74,0x2d,
0x54,0x79,0x70,0x65,0x22,0x2c,0x20,0x22,0x61,0x70,0x70,0x6c,0x69,0x63,0x61,0x74,
0x69,0x6f,0x6e,0x2f,0x6a,0x73,0x6f,0x6e,0x22,0x29,0x3b,0x0a,0x20,0x20,0x20,0x20,
0x20,0x20,0x20,0x20,0x6a,0x73,0x6f,0x6e,0x20,0x3d,0x20,0x4a,0x53,0x4f,0x4e,0x2e,
0x73,0x74,0x72,0x69,0x6e,0x67,0x69,0x66,0x79,0x28,0x6e,0x65,0x73,0x74,0x65,0x64,
0x4a,0x73,0x6f,0x6e,0x2c,0x20,0x6e,0x75,0x6c,0x6c,0x2c,0x20,0x32,0x29,0x3b,0x0a,
0x20,0x20,0x20,0x20,0x20,0x20,0x20,0x20,0x78,0x68,0x72,0x2e,0x73,0x65,0x6e,0x64,
0x28,0x6a,0x73,0x6f,0x6e,0x29,0x3b,0x0a,0x20,0x20,0x20,0x20,0x20,0x20,0x20,0x20,
0x78,0x68,0x72,0x2e,0x6f,0x6e,0x6c,0x6f,0x61,0x64,0x65,0x6e,0x64,0x20,0x3d,0x20,
0x66,0x75,0x6e,0x63,0x74,0x69,0x6f,0x6e,0x20,0x28,0x29,0x20,0x7b,0x0a,0x20,0x20,
0x20,0x20,0x20,0x20,0x20,0x20,0x20,0x20,0x20,0x20,0x64,0x61,0x74,0x61,0x4a,0x53,
0x4f,0x4e,0x20,0x3d,0x20,0x4a,0x53,0x4f,0x4e,0x2e,0x70,0x61,0x72,0x73,0x65,0x28,
0x74,0x68,0x69,0x73,0x2e,0x72,0x65,0x73,0x70,0x6f,0x6e,0x73,0x65,0x54,0x65,0x78,
0x74,0x29,0x0a,0x20,0x20,0x20,0x20,0x20,0x20,0x20,0x20,0x20,0x20,0x20,0x20,0x69,
0x66,0x20,0x28,0x64,0x61,0x74,0x61,0x4a,0x53,0x4f,0x4e,0x5b,0x22,0x65,0x72,0x72,
0x6f,0x72,0x22,0x5d,0x29,0x20,0x7b,0x0a,0x20,0x20,0x20,0x20,0x20,0x20,0x20,0x20,
0x20,0x20,0x20,0x20,0x20,0x20,0x20,0x20,0x61,0x6c,0x65,0x72,0x74,0x28,0x64,0x61,
0x74,0x61,0x4a,0x53,0x4f,0x4e,0x5b,0x22,0x65,0x72,0x72,0x6f,0x72,0x22,0x5d,0x29,
0x3b,0x0a,0x20,0x20,0x20,0x20,0x20,0x20,0x20,0x20,0x20,0x20,0x20,0x20,0x20,0x20,
0x20,0x20,0x72,0x65,0x74,0x75,0x72,0x6e,0x3b,0x0a,0x20,0x20,0x20,0x20,0x20,0x20,
0x20,0x20,0x20,0x20,0x20,0x20,0x7d,0x20,0x65,0x6c,0x73,0x65,0x20,0x7b,0x0a,0x20,
0x20,0x20,0x20,0x20,0x20,0x20,0x20,0x20,0x20,0x20,0x20,0x20,0x20,0x20,0x20,0x64,
0x6f,0x63,0x75,0x6d,0x65,0x6e,0x74,0x2e,0x67,0x65,0x74,0x45,0x6c,0x65,0x6d,0x65,
0x6e,0x74,0x42,0x79,0x49,0x64,0x28,0x22,0x72,0x65,0x62,0x6f,0x6f,0x74,0x5f,0x70,
0x6f,0x70,0x75,0x70,0x22,0x29,0x2e,0x73,0x74,0x79,0x6c,0x65,0x2e,0x64,0x69,0x73,
0x70,0x6c,0x61,0x79,0x20,0x3d,0x20,0x22,0x62,0x6c,0x6f,0x63,0x6b,0x22,0x3b,0x0a,
0x20,0x20,0x20,0x20,0x20,0x20,0x20,0x20,0x20,0x20,0x20,0x20,0x7d,0x0a,0x20,0x20,
0x20,0x20,0x20,0x20,0x20,0x20,0x7d,0x3b,0x0a,0x20,0x20,0x20,0x20,0x7d,0x29,0x3b,
0x0a,0x0a,0x0a,0x20,0x20,0x20,0x20,0x66,0x75,0x6e,0x63,0x74,0x69,0x6f,0x6e,0x20,
0x61,0x70,0x70,0x6c,0x79,0x5f,0x73,0x65,0x74,0x74,0x69,0x6e,0x67,0x73,0x28,0x29,
0x20,0x7b,0x0a,0x20,0x20,0x20,0x20,0x20,0x20,0x20,0x20,0x6c,0x65,0x74,0x20,0x78,
0x68,0x72,0x20,0x3d,0x20,0x6e,0x65,0x77,0x20,0x58,0x4d,0x4c,0x48,0x74,0x74,0x70,
0x52,0x65,0x71,0x75,0x65,0x73,0x74,0x28,0x29,0x3b,0x0a,0x20,0x20,0x20,0x20,0x20,
0x20,0x20,0x20,0x78,0x68,0x72,0x2e,0x6f,0x70,0x65,0x6e,0x28,0x22,0x50,0x4f,0x53,
0x54,0x22,0x2c,0x20,0x27,0x2f,0x73,0x65,0x74,0x74,0x69,0x6e,0x67,0x73,0x5f,0x73,
0x61,0x76,0x65,0x2e,0x63,0x67,0x69,0x27,0x2c,0x20,0x74,0x72,0x75,0x65,0x29,0x3b,
0x0a,0x20,0x20,0x20,0x20,0x20,0x20,0x20,0x20,0x78,0x68,0x72,0x2e,0x73,0x65,0x74,
0x52,0x65,0x71,0x75,0x65,0x73,0x74,0x48,0x65,0x61,0x64,0x65,0x72,0x28,0x22,0x43,
0x6f,0x6e,0x74,0x65,0x6e,0x74,0x2d,0x54,0x79,0x70,0x65,0x22,0x2c,0x20,0x22,0x61,
0x70,0x70,0x6c,0x69,0x63,0x61,0x74,0x69,0x6f,0x6e,0x2f,0x6a,0x73,0x6f,0x6e,0x22,
0x29,0x3b,0x0a,0x20,0x20,0x20,0x20,0x20,0x20,0x20,0x20,0x6a,0x73,0x6f,0x6e,0x20,
0x3d,0x20,0x4a,0x53,0x4f,0x4e,0x2e,0x73,0x74,0x72,0x69,0x6e,0x67,0x69,0x66,0x79,
0x28,0x4f,0x62,0x6a,0x65,0x63,0x74,0x2e,0x66,0x72,0x6f,0x6d,0x45,0x6e,0x74,0x72,
0x69,0x65,0x73,0x28,0x6e,0x65,0x77,0x20,0x46,0x6f,0x72,0x6d,0x44,0x61,0x74,0x61,
0x28,0x64,0x6f,0x63,0x75,0x6d,0x65,0x6e,0x74,0x2e,0x67,0x65,0x74,0x45,0x6c,0x65,
0x6d,0x65,0x6e,0x74,0x42,0x79,0x49,0x64,0x28,0x22,0x73,0x65,0x74,0x74,0x69,0x6e,
0x67,0x73,0x5f,0x66,0x6f,0x72,0x6d,0x22,0x29,0x29,0x29,0x29,0x3b,0x0a,0x20,0x20,
0x20,0x20,0x20,0x20,0x20,0x20,0x78,0x68,0x72,0x2e,0x73,0x65,0x6e,0x64,0x28,0x6a,
0x73,0x6f,0x6e,0x29,0x3b,0x0a,0x20,0x20,0x20,0x20,0x20,0x20,0x20,0x20,0x78,0x68,
0x72,0x2e,0x6f,0x6e,0x6c,0x6f,0x61,0x64,0x65,0x6e,0x64,0x20,0x3d,0x20,0x66,0x75,
0x6e,0x63,0x74,0x69,0x6f,0x6e,0x20,0x28,0x29,0x20,0x7b,0x0a,0x20,0x20,0x20,0x20,
0x20,0x20,0x20,0x20,0x20,0x20,0x20,0x20,0x64,0x6f,0x63,0x75,0x6d,0x65,0x6e,0x74,
0x2e,0x67,0x65,0x74,0x45,0x6c,0x65,0x6d,0x65,0x6e,0x74,0x42,0x79,0x49,0x64,0x28,
0x22,0x72,0x65,0x62,0x6f,0x6f,0x74,0x5f,0x70,0x6f,0x70,0x75,0x70,0x22,0x29,0x2e,
0x73,0x74,0x79,0x6c,0x65,0x2e,0x64,0x69,0x73,0x70,0x6c,0x61,0x79,0x20,0x3d,0x20,
0x22,0x62,0x6c,0x6f,0x63,0x6b,0x22,0x3b,0x0a,0x20,0x20,0x20,0x20,0x20,0x20,0x20,
0x20,0x20,0x20,0x20,0x20,0x2f,0x2f,0x61,0x6c,0x65,0x72,0x74,0x28,0x74,0x68,0x69,
0x73,0x2e,0x72,0x65,0x73,0x70,0x6f,0x6e,0x73,0x65,0x54,0x65,0x78,0x74,0x29,0x3b,
0x0a,0x20,0x20,0x20,0x20,0x20,0x20,0x20,0x20,0x7d,0x3b,0x0a,0x20,0x20,0x20,0x20,
0x7d,0x0a,0x0a,0x20,0x20,0x20,0x20,0x66,0x75,0x6e,0x63,0x74,0x69,0x6f,0x6e,0x20,
0x75,0x69,0x6e,0x74,0x33,0x32,0x54,0x6f,0x49,0x70,0x28,0x75,0x69,0x6e,0x74,0x33,
0x32,0x29,0x20,0x7b,0x0a,0x20,0x20,0x20,0x20,0x20,0x20,0x20,0x20,0x72,0x65,0x74,
0x75,0x72,0x6e,0x20,0x5b,0x0a,0x20,0x20,0x20,0x20,0x20,0x20,0x20,0x20,0x20,0x20,
0x20,0x20,0x75,0x69,0x6e,0x74,0x33,0x32,0x20,0x26,0x20,0x30,0x78,0x46,0x46,0x2c,
0x0a,0x20,0x20,0x20,0x20,0x20,0x20,0x20,0x20,0x20,0x20,0x20,0x20,0x28,0x75,0x69,
0x6e,0x74,0x33,0x32,0x20,0x3e,0x3e,0x3e,0x20,0x38,0x29,0x20,0x26,0x20,0x30,0x78,
0x46,0x46,0x2c,0x0a,0x20,0x20,0x20,0x20,0x20,0x20,0x20,0x20,0x20,0x20,0x20,0x20,
0x28,0x75,0x69,0x6e,0x74,0x33,0x32,0x20,0x3e,0x3e,0x3e,0x20,0x31,0x36,0x29,0x20,
0x26,0x20,0x30,0x78,0x46,0x46,0x2c,0x0a,0x20,0x20,0x20,0x20,0x20,0x20,0x20,0x20,
0x20,0x20,0x20,0x20,0x28,0x75,0x69,0x6e,0x74,0x33,0x32,0x20,0x3e,0x3e,0x3e,0x20,
0x32,0x34,0x29,0x20,0x26,0x20,0x30,0x78,0x46,0x46,0x0a,0x20,0x20,0x20,0x20,0x20,
0x20,0x20,0x20,0x5d,0x2e,0x6a,0x6f,0x69,0x6e,0x28,0x22,0x2e,0x22,0x29,0x3b,0x0a,
0x20,0x20,0x20,0x20,0x7d,0x0a,0x0a,0x20,0x20,0x20,0x20,0x66,0x75,0x6e,0x63,0x74,
0x69,0x6f,0x6e,0x20,0x74,0x6f,0x67,0x67,0x6c,0x65,0x5f,0x73,0x65,0x72,0x69,0x61,
0x6c,0x5f,0x73,0x65,0x74,0x74,0x69,0x6e,0x67,0x73,0x28,0x63,0x68,0x65,0x63,0x6b,
0x62,0x6f,0x78,0x2c,0x20,0x64,0x69,0x76,0x5f,0x69,0x64,0x29,0x20,0x7b,0x0a,0x20,
0x20,0x20,0x20,0x20,0x20,0x20,0x20,0x63,0x6f,0x6e,0x73,0x74,0x20,0x64,0x69,0x76,
0x20,0x3d,0x20,0x64,0x6f,0x63,0x75,0x6d,0x65,0x6e,0x74,0x2e,0x67,0x65,0x74,0x45,
0x6c,0x65,0x6d,0x65,0x6e,0x74,0x42,0x79,0x49,0x64,0x28,0x22,0x70,0x75,0x62,0x6c,
0x69,0x73,0x68,0x5f,0x73,0x65,0x74,0x74,0x69,0x6e,0x67,0x73,0x5f,0x22,0x20,0x2b,
0x20,0x64,0x69,0x76,0x5f,0x69,0x64,0x29,0x3b,0x0a,0x20,0x20,0x20,0x20,0x20,0x20,
0x20,0x20,0x69,0x66,0x20,0x28,0x63,0x68,0x65,0x63,0x6b,0x62,0x6f,0x78,0x2e,0x63,
0x68,0x65,0x63,0x6b,0x65,0x64,0x20,0x3d,0x3d,0x20,0x74,0x72,0x75,0x65,0x29,0x20,
0x7b,0x0a,0x20,0x20,0x20,0x20,0x20,0x20,0x20,0x20,0x20,0x20,0x20,0x20,0x64,0x69,
0x76,0x2e,0x73,0x74,0x79,0x6c,0x65,0x2e,0x64,0x69,0x73,0x70,0x6c,0x61,0x79,0x20,
0x3d,0x20,0x22,0x62,0x6c,0x6f,0x63,0x6b,0x22,0x3b,0x0a,0x20,0x20,0x20,0x20,0x20,
0x20,0x20,0x20,0x7d,0x20,0x65,0x6c,0x73,0x65,0x20,0x7b,0x0a,0x20,0x20,0x20,0x20,
0x20,0x20,0x20,0x20,0x20,0x20,0x20,0x20,0x64,0x69,0x76,0x2e,0x73,0x74,0x79,0x6c,
0x65,0x2e,0x64,0x69,0x73,0x70,0x6c,0x61,0x79,0x20,0x3d,0x20,0x22,0x6e,0x6f,0x6e,
0x65,0x22,0x3b,0x0a,0x20,0x20,0x20,0x20,0x20,0x20,0x20,0x20,0x7d,0x0a,0x20,0x20,
0x20,0x20,0x7d,0x0a,0x0a,0x20,0x20,0x20,0x20,0x66,0x75,0x6e,0x63,0x74,0x69,0x6f,
0x6e,0x20,0x74,0x6f,0x67,0x67,0x6c,0x65,0x5f,0x6e,0x75,0x6d,0x65,0x72,0x69,0x63,
0x5f,0x73,0x65,0x74,0x74,0x69,0x6e,0x67,0x73,0x28,0x63,0x68,0x65,0x63,0x6b,0x62,
0x6f,0x78,0x2c,0x20,0x73,0x65,0x6e,0x73,0x6f,0x72,0x5f,0x6e,0x75,0x6d,0x2c,0x20,
0x70,0x75,0x62,0x6c,0x69,0x73,0x68,0x5f,0x73,0x65,0x74,0x74,0x69,0x6e,0x67,0x5f,
0x6e,0x75,0x6d,0x29,0x20,0x7b,0x0a,0x20,0x20,0x20,0x20,0x20,0x20,0x20,0x20,0x6c,
0x65,0x74,0x20,0x73,0x63,0x61,0x6c,0x65,0x5f,0x69,0x6e,0x70,0x75,0x74,0x5f,0x69,
0x64,0x20,0x3d,0x20,0x63,0x68,0x65,0x63,0x6b,0x62,0x6f,0x78,0x2e,0x6e,0x61,0x6d,
0x65,0x2e,0x72,0x65,0x70,0x6c,0x61,0x63,0x65,0x28,0x22,0x69,0x73,0x5f,0x6e,0x75,
0x6d,0x22,0x2c,0x20,0x22,0x73,0x63,0x61,0x6c,0x65,0x22,0x29,0x3b,0x0a,0x20,0x20,
0x20,0x20,0x20,0x20,0x20,0x20,0x6c,0x65,0x74,0x20,0x61,0x76,0x67,0x5f,0x63,0x6e,
0x74,0x5f,0x69,0x6e,0x70,0x75,0x74,0x5f,0x69,0x64,0x20,0x3d,0x20,0x63,0x68,0x65,
0x63,0x6b,0x62,0x6f,0x78,0x2e,0x6e,0x61,0x6d,0x65,0x2e,0x72,0x65,0x70,0x6c,0x61,
0x63,0x65,0x28,0x22,0x69,0x73,0x5f,0x6e,0x75,0x6d,0x22,0x2c,0x20,0x22,0x61,0x76,
0x67,0x5f,0x63,0x6e,0x74,0x22,0x29,0x3b,0x0a,0x20,0x20,0x20,0x20,0x20,0x20,0x20,
0x20,0x66,0x6f,0x72,0x20,0x28,0x69,0x20,0x3d,0x20,0x30,0x3b,0x20,0x69,0x20,0x3c,
0x20,0x32,0x3b,0x20,0x69,0x2b,0x2b,0x29,0x20,0x7b,0x20,0x20,0x20,0x2f,0x2f,0x20,
0x4d,0x6f,0x64,0x61,0x6c,0x20,0x65,0x64,0x69,0x74,0x20,0x64,0x75,0x70,0x6c,0x69,
0x63,0x61,0x74,0x65,0x73,0x20,0x74,0x68,0x65,0x20,0x69,0x6e,0x70,0x75,0x74,0x73,
0x2e,0x2e,0x2e,0x0a,0x20,0x20,0x20,0x20,0x20,0x20,0x20,0x20,0x20,0x20,0x20,0x20,
0x69,0x66,0x20,0x28,0x63,0x68,0x65,0x63,0x6b,0x62,0x6f,0x78,0x2e,0x63,0x68,0x65,
0x63,0x6b,0x65,0x64,0x20,0x3d,0x3d,0x20,0x74,0x72,0x75,0x65,0x29,0x20,0x7b,0x0a,
0x20,0x20,0x20,0x20,0x20,0x20,0x20,0x20,0x20,0x20,0x20,0x20,0x20,0x20,0x20,0x20,
0x64,0x6f,0x63,0x75,0x6d,0x65,0x6e,0x74,0x2e,0x67,0x65,0x74,0x45,0x6c,0x65,0x6d,
0x65,0x6e,0x74,0x73,0x42,0x79,0x4e,0x61,0x6d,0x65,0x28,0x73,0x63,0x61,0x6c,0x65,
0x5f,0x69,0x6e,0x70,0x75,0x74,0x5f,0x69,0x64,0x29,0x5b,0x69,0x5d,0x2e,0x64,0x69,
0x73,0x61,0x62,0x6c,0x65,0x64,0x20,0x3d,0x20,0x66,0x61,0x6c,0x73,0x65,0x3b,0x0a,
0x20,0x20,0x20,0x20,0x20,0x20,0x20,0x20,0x20,0x20,0x20,0x20,0x20,0x20,0x20,0x20,
0x64,0x6f,0x63,0x75,0x6d,0x65,0x6e,0x74,0x2e,0x67,0x65,0x74,0x45,0x6c,0x65,0x6d,
0x65,0x6e,0x74,0x73,0x42,0x79,0x4e,0x61,0x6d,0x65,0x28,0x61,0x76,0x67,0x5f,0x63,
0x6e,0x74,0x5f,0x69,0x6e,0x70,0x75,0x74,0x5f,0x69,0x64,0x29,0x5b,0x69,0x5d,0x2e,
0x64,0x69,0x73,0x61,0x62,0x6c,0x65,0x64,0x20,0x3d,0x20,0x66,0x61,0x6c,0x73,0x65,
0x3b,0x0a,0x20,0x20,0x20,0x20,0x20,0x20,0x20,0x20,0x20,0x20,0x20,0x20,0x7d,0x20,
0x65,0x6c,0x73,0x65,0x20,0x7b,0x0a,0x20,0x20,0x20,0x20,0x20,0x20,0x20,0x20,0x20,
0x20,0x20,0x20,0x20,0x20,0x20,0x20,0x64,0x6f,0x63,0x75,0x6d,0x65,0x6e,0x74,0x2e,
0x67,0x65,0x74,0x45,0x6c,0x65,0x6d,0x65,0x6e,0x74,0x73,0x42,0x79,0x4e,0x61,0x6d,
0x65,0x28,0x73,0x63,0x61,0x6c,0x65,0x5f,0x69,0x6e,0x70,0x75,0x74,0x5f,0x69,0x64,
0x29,0x5b,0x69,0x5d,0x2e,0x64,0x69,0x73,0x61,0x62,0x6c,0x65,0x64,0x20,0x3d,0x20,
0x74,0x72,0x75,0x65,0x3b,0x0a,0x20,0x20,0x20,0x20,0x20,0x20,0x20,0x20,0x20,0x20,
0x20,0x20,0x20,0x20,0x20,0x20,0x64,0x6f,0x63,0x75,0x6d,0x65,0x6e,0x74,0x2e,0x67,
0x65,0x74,0x45,0x6c,0x65,0x6d,0x65,0x6e,0x74,0x73,0x42,0x79,0x4e,0x61,0x6d,0x65,
0x28,0x61,0x76,0x67,0x5f,0x63,0x6e,0x74,0x5f,0x69,0x6e,0x70,0x75,0x74,0x5f,0x69,
0x64,0x29,0x5b,0x69,0x5d,0x2e,0x64,0x69,0x73,0x61,0x62,0x6c,0x65,0x64,0x20,0x3d,
0x20,0x74,0x72,0x75,0x65,0x3b,0x0a,0x20,0x20,0x20,0x20,0x20,0x20,0x20,0x20,0x20,
0x20,0x20,0x20,0x7d,0x0a,0x20,0x20,0x20,0x20,0x20,0x20,0x20,0x20,0x7d,0x0a,0x20,
0x20,0x20,0x20,0x7d,0x0a,0x0a,0x0a,0x20,0x20,0x20,0x20,0x66,0x75,0x6e,0x63,0x74,
0x69,0x6f,0x6e,0x20,0x74,0x6f,0x67,0x67,0x6c,0x65,0x5f,0x69,0x70,0x5f,0x73,0x65,
0x74,0x74,0x69,0x6e,0x67,0x73,0x28,0x63,0x68,0x65,0x63,0x6b,0x62,0x6f,0x78,0x29,
0x20,0x7b,0x0a,0x20,0x20,0x20,0x20,0x20,0x20,0x20,0x20,0x63,0x6f,0x6e,0x73,0x74,
0x20,0x73,0x65,0x74,0x74,0x69,0x6e,0x67,0x73,0x5f,0x66,0x6f,0x72,0x6d,0x20,0x3d,
0x20,0x64,0x6f,0x63,0x75,0x6d,0x65,0x6e,0x74,0x2e,0x67,0x65,0x74,0x45,0x6c,0x65,
0x6d,0x65,0x6e,0x74,0x42,0x79,0x49,0x64,0x28,0x27,0x73,0x65,0x74,0x74,0x69,0x6e,
0x67,0x73,0x5f,0x66,0x6f,0x72,0x6d,0x27,0x29,0x3b,0x0a,0x20,0x20,0x20,0x20,0x20,
0x20,0x20,0x20,0x69,0x66,0x20,0x28,0x63,0x68,0x65,0x63,0x6b,0x62,0x6f,0x78,0x2e,
0x63,0x68,0x65,0x63,0x6b,0x65,0x64,0x29,0x20,0x7b,0x0a,0x20,0x20,0x20,0x20,0x20,
0x20,0x20,0x20,0x20,0x20,0x20,0x20,0x73,0x65,0x74,0x74,0x69,0x6e,0x67,0x73,0x5f,
0x66,0x6f,0x72,0x6d,0x2e,0x65,0x6c,0x65,0x6d,0x65,0x6e,0x74,0x73,0x5b,0x22,0x77,
0x69,0x66,0x69,0x2e,0x69,0x70,0x22,0x5d,0x2e,0x64,0x69,0x73,0x61,0x62,0x6c,0x65,
0x64,0x20,0x3d,0x20,0x74,0x72,0x75,0x65,0x3b,0x0a,0x20,0x20,0x20,0x20,0x20,0x20,
0x20,0x20,0x20,0x20,0x20,0x20,0x73,0x65,0x74,0x74,0x69,0x6e,0x67,0x73,0x5f,0x66,
0x6f,0x72,0x6d,0x2e,0x65,0x6c,0x65,0x6d,0x65,0x6e,0x74,0x73,0x5b,0x22,0x77,0x69,
0x66,0x69,0x2e,0x6e,0x6d,0x22,0x5d,0x2e,0x64,0x69,0x73,0x61,0x62,0x6c,0x65,0x64,
0x20,0x3d,0x20,0x74,0x72,0x75,0x65,0x3b,0x0a,0x20,0x20,0x20,0x20,0x20,0x20,0x20,
0x20,0x20,0x20,0x20,0x20,0x73,0x65,0x74,0x74,0x69,0x6e,0x67,0x73,0x5f,0x66,0x6f,
0x72,0x6d,0x2e,0x65,0x6c,0x65,0x6d,0x65,0x6e,0x74,0x73,0x5b,0x22,0x77,0x69,0x66,
0x69,0x2e,0x67,0x77,0x22,0x5d,0x2e,0x64,0x69,0x73,0x61,0x62,0x6c,0x65,0x64,0x20,
0x3d,0x20,0x74,0x72,0x75,0x65,0x3b,0x0a,0x20,0x20,0x20,0x20,0x20,0x20,0x20,0x20,
0x7d,0x20,0x65,0x6c,0x73,0x65,0x20,0x7b,0x0a,0x20,0x20,0x20,0x20,0x20,0x20,0x20,
0x20,0x20,0x20,0x20,0x20,0x73,0x65,0x74,0x74,0x69,0x6e,0x67,0x73,0x5f,0x66,0x6f,
0x72,0x6d,0x2e,0x65,0x6c,0x65,0x6d,0x65,0x6e,0x74,0x73,0x5b,0x22,0x77,0x69,0x66,
0x69,0x2e,0x69,0x70,0x22,0x5d,0x2e,0x64,0x69,0x73,0x61,0x62,0x6c,0x65,0x64,0x20,
0x3d,0x20,0x66,0x61,0x6c,0x73,0x65,0x3b,0x0a,0x20,0x20,0x20,0x20,0x20,0x20,0x20,
0x20,0x20,0x20,0x20,0x20,0x73,0x65,0x74,0x74,0x69,0x6e,0x67,0x73,0x5f,0x66,0x6f,
0x72,0x6d,0x2e,0x65,0x6c,0x65,0x6d,0x65,0x6e,0x74,0x73,0x5b,0x22,0x77,0x69,0x66,
0x69,0x2e,0x6e,0x6d,0x22,0x5d,0x2e,0x64,0x69,0x73,0x61,0x62,0x6c,0x65,0x64,0x20,
0x3d,0x20,0x66,0x61,0x6c,0x73,0x65,0x3b,0x0a,0x20,0x20,0x20,0x20,0x20,0x20,0x20,
0x20,0x20,0x20,0x20,0x20,0x73,0x65,0x74,0x74,0x69,0x6e,0x67,0x73,0x5f,0x66,0x6f,
0x72,0x6d,0x2e,0x65,0x6c,0x65,0x6d,0x65,0x6e,0x74,0x73,0x5b,0x22,0x77,0x69,0x66,
0x69,0x2e,0x67,0x77,0x22,0x5d,0x2e,0x64,0x69,0x73,0x61,0x62,0x6c,0x65,0x64,0x20,
0x3d,0x20,0x66,0x61,0x6c,0x73,0x65,0x3b,0x0a,0x20,0x20,0x20,0x20,0x20,0x20,0x20,
0x20,0x7d,0x0a,0x20,0x20,0x20,0x20,0x7d,0x0a,0x0a,0x20,0x20,0x20,0x20,0x66,0x75,
0x6e,0x63,0x74,0x69,0x6f,0x6e,0x20,0x63,0x72,0x65,0x61,0x74,0x65,0x5f,0x62,0x61,
0x75,0x64,0x5f,0x6f,0x70,0x74,0x69,0x6f,0x6e,0x28,0x73,0x65,0x6e,0x73,0x6f,0x72,
0x2c,0x20,0x62,0x61,0x75,0x64,0x72,0x61,0x74,0x65,0x29,0x20,0x7b,0x0a,0x20,0x20,
0x20,0x20,0x20,0x20,0x20,0x20,0x6c,0x65,0x74,0x20,0x72,0x65,0x73,0x20,0x3d,0x20,
0x22,0x22,0x3b,0x0a,0x20,0x20,0x20,0x20,0x20,0x20,0x20,0x20,0x76,0x61,0x72,0x20,
0x62,0x61,0x75,0x64,0x5f,0x74,0x61,0x62,0x6c,0x65,0x20,0x3d,0x20,0x5b,0x33,0x30,
0x30,0x2c,0x20,0x36,0x30,0x30,0x2c,0x20,0x31,0x32,0x30,0x30,0x2c,0x20,0x32,0x34,
0x30,0x30,0x2c,0x20,0x34,0x38,0x30,0x30,0x2c,0x20,0x39,0x36,0x30,0x30,0x2c,0x20,
0x31,0x34,0x34,0x30,0x30,0x2c,0x20,0x31,0x39,0x32,0x30,0x30,0x2c,0x20,0x33,0x38,
0x34,0x30,0x30,0x2c,0x20,0x35,0x37,0x36,0x30,0x30,0x2c,0x20,0x31,0x31,0x35,0x32,
0x30,0x30,0x5d,0x3b,0x0a,0x0a,0x20,0x20,0x20,0x20,0x20,0x20,0x20,0x20,0x72,0x65,
0x73,0x20,0x2b,0x3d,0x20,0x60,0x3c,0x73,0x65,0x6c,0x65,0x63,0x74,0x20,0x6e,0x61,
0x6d,0x65,0x3d,0x22,0x73,0x5f,0x73,0x5b,0x24,0x7b,0x73,0x65,0x6e,0x73,0x6f,0x72,
0x7d,0x5d,0x2e,0x62,0x61,0x75,0x64,0x22,0x3e,0x60,0x3b,0x0a,0x20,0x20,0x20,0x20,
0x20,0x20,0x20,0x20,0x62,0x61,0x75,0x64,0x5f,0x74,0x61,0x62,0x6c,0x65,0x2e,0x66,
0x6f,0x72,0x45,0x61,0x63,0x68,0x28,0x28,0x62,0x61,0x75,0x64,0x29,0x20,0x3d,0x3e,
0x20,0x7b,0x0a,0x20,0x20,0x20,0x20,0x20,0x20,0x20,0x20,0x20,0x20,0x20,0x20,0x72,
0x65,0x73,0x20,0x2b,0x3d,0x20,0x60,0x3c,0x6f,0x70,0x74,0x69,0x6f,0x6e,0x20,0x76,
0x61,0x6c,0x75,0x65,0x3d,0x22,0x24,0x7b,0x62,0x61,0x75,0x64,0x7d,0x22,0x20,0x24,
0x7b,0x62,0x61,0x75,0x64,0x20,0x3d,0x3d,0x20,0x62,0x61,0x75,0x64,0x72,0x61,0x74,
0x65,0x20,0x3f,0x20,0x22,0x73,0x65,0x6c,0x65,0x63,0x74,0x65,0x64,0x22,0x20,0x3a,
0x20,0x22,0x22,0x7d,0x3e,0x24,0x7b,0x62,0x61,0x75,0x64,0x7d,0x3c,0x2f,0x6f,0x70,
0x74,0x69,0x6f,0x6e,0x3e,0x60,0x3b,0x0a,0x20,0x20,0x20,0x20,0x20,0x20,0x20,0x20,
0x7d,0x29,0x3b,0x0a,0x20,0x20,0x20,0x20,0x20,0x20,0x20,0x20,0x72,0x65,0x73,0x20,
0x2b,0x3d,0x20,0x60,0x3c,0x2f,0x73,0x65,0x6c,0x65,0x63,0x74,0x3e,0x60,0x3b,0x0a,
0x20,0x20,0x20,0x20,0x20,0x20,0x20,0x20,0x72,0x65,0x74,0x75,0x72,0x6e,0x20,0x72,
0x65,0x73,0x3b,0x0a,0x20,0x20,0x20,0x20,0x7d,0x0a,0x0a,0x20,0x20,0x20,0x20,0x66,
0x75,0x6e,0x63,0x74,0x69,0x6f,0x6e,0x20,0x73,0x65,0x74,0x74,0x69,0x6e,0x67,0x73,
0x5f,0x70,0x6f,0x70,0x75,0x6c,0x61,0x74,0x65,0x28,0x73,0x65,0x74,0x74,0x69,0x6e,
0x67,0x73,0x5f,0x6a,0x73,0x6f,0x6e,0x29,0x20,0x7b,0x0a,0x20,0x20,0x20,0x20,0x20,
0x20,0x20,0x20,0x64,0x6f,0x63,0x75,0x6d,0x65,0x6e,0x74,0x2e,0x67,0x65,0x74,0x45,
0x6c,0x65,0x6d,0x65,0x6e,0x74,0x42,0x79,0x49,0x64,0x28,0x27,0x6d,0x61,0x63,0x5f,
0x61,0x64,0x64,0x72,0x65,0x73,0x73,0x27,0x29,0x2e,0x69,0x6e,0x6e,0x65,0x72,0x48,
0x54,0x4d,0x4c,0x20,0x3d,0x20,0x73,0x65,0x74,0x74,0x69,0x6e,0x67,0x73,0x5f,0x6a,
0x73,0x6f,0x6e,0x5b,0x22,0x6d,0x61,0x63,0x5f,0x61,0x64,0x64,0x72,0x65,0x73,0x73,
0x22,0x5d,0x3b,0x0a,0x0a,0x20,0x20,0x20,0x20,0x20,0x20,0x20,0x20,0x63,0x6f,0x6e,
0x73,0x74,0x20,0x73,0x65,0x74,0x74,0x69,0x6e,0x67,0x73,0x5f,0x66,0x6f,0x72,0x6d,
0x20,0x3d,0x20,0x64,0x6f,0x63,0x75,0x6d,0x65,0x6e,0x74,0x2e,0x67,0x65,0x74,0x45,
0x6c,0x65,0x6d,0x65,0x6e,0x74,0x42,0x79,0x49,0x64,0x28,0x27,0x73,0x65,0x74,0x74,
0x69,0x6e,0x67,0x73,0x5f,0x66,0x6f,0x72,0x6d,0x27,0x29,0x3b,0x0a,0x20,0x20,0x20,
0x20,0x20,0x20,0x20,0x20,0x73,0x65,0x74,0x74,0x69,0x6e,0x67,0x73,0x5f,0x66,0x6f,
0x72,0x6d,0x2e,0x65,0x6c,0x65,0x6d,0x65,0x6e,0x74,0x73,0x5b,0x22,0x77,0x69,0x66,
0x69,0x2e,0x73,0x73,0x69,0x64,0x22,0x5d,0x2e,0x76,0x61,0x6c,0x75,0x65,0x20,0x3d,
0x20,0x73,0x65,0x74,0x74,0x69,0x6e,0x67,0x73,0x5f,0x6a,0x73,0x6f,0x6e,0x5b,0x22,
0x77,0x69,0x66,0x69,0x22,0x5d,0x5b,0x22,0x73,0x73,0x69,0x64,0x22,0x5d,0x3b,0x0a,
0x20,0x20,0x20,0x20,0x20,0x20,0x20,0x20,0x73,0x65,0x74,0x74,0x69,0x6e,0x67,0x73,
0x5f,0x66,0x6f,0x72,0x6d,0x2e,0x65,0x6c,0x65,0x6d,0x65,0x6e,0x74,0x73,0x5b,0x22,
0x77,0x69,0x66,0x69,0x2e,0x61,0x75,0x74,0x68,0x5f,0x6d,0x6f,0x64,0x65,0x22,0x5d,
0x2e,0x76,0x61,0x6c,0x75,0x65,0x20,0x3d,0x20,0x73,0x65,0x74,0x74,0x69,0x6e,0x67,
0x73,0x5f,0x6a,0x73,0x6f,0x6e,0x5b,0x22,0x77,0x69,0x66,0x69,0x22,0x5d,0x5b,0x22,
0x61,0x75,0x74,0x68,0x5f,0x6d,0x6f,0x64,0x65,0x22,0x5d,0x3b,0x0a,0x20,0x20,0x20,
0x20,0x20,0x20,0x20,0x20,0x73,0x65,0x74,0x74,0x69,0x6e,0x67,0x73,0x5f,0x66,0x6f,
0x72,0x6d,0x2e,0x65,0x6c,0x65,0x6d,0x65,0x6e,0x74,0x73,0x5b,0x22,0x77,0x69,0x66,
0x69,0x2e,0x70,0x61,0x73,0x73,0x77,0x6f,0x72,0x64,0x22,0x5d,0x2e,0x76,0x61,0x6c,
0x75,0x65,0x20,0x3d,0x20,0x73,0x65,0x74,0x74,0x69,0x6e,0x67,0x73,0x5f,0x6a,0x73,
0x6f,0x6e,0x5b,0x22,0x77,0x69,0x66,0x69,0x22,0x5d,0x5b,0x22,0x70,0x61,0x73,0x73,
0x77,0x6f,0x72,0x64,0x22,0x5d,0x3b,0x0a,0x20,0x20,0x20,0x20,0x20,0x20,0x20,0x20,
0x73,0x65,0x74,0x74,0x69,0x6e,0x67,0x73,0x5f,0x66,0x6f,0x72,0x6d,0x2e,0x65,0x6c,
0x65,0x6d,0x65,0x6e,0x74,0x73,0x5b,0x22,0x77,0x69,0x66,0x69,0x2e,0x64,0x68,0x63,
0x70,0x22,0x5d,0x2e,0x63,0x68,0x65,0x63,0x6b,0x65,0x64,0x20,0x3d,0x20,0x73,0x65,
0x74,0x74,0x69,0x6e,0x67,0x73,0x5f,0x6a,0x73,0x6f,0x6e,0x5b,0x22,0x77,0x69,0x66,
0x69,0x22,0x5d,0x5b,0x22,0x64,0x68,0x63,0x70,0x22,0x5d,0x3b,0x0a,0x20,0x20,0x20,
0x20,0x20,0x20,0x20,0x20,0x74,0x6f,0x67,0x67,0x6c,0x65,0x5f,0x69,0x70,0x5f,0x73,
0x65,0x74,0x74,0x69,0x6e,0x67,0x73,0x28,0x73,0x65,0x74,0x74,0x69,0x6e,0x67,0x73,
0x5f,0x66,0x6f,0x72,0x6d,0x2e,0x65,0x6c,0x65,0x6d,0x65,0x6e,0x74,0x73,0x5b,0x22,
0x77,0x69,0x66,0x69,0x2e,0x64,0x68,0x63,0x70,0x22,0x5d,0x29,0x3b,0x0a,0x0a,0x20,
0x20,0x20,0x20,0x20,0x20,0x20,0x20,0x73,0x65,0x74,0x74,0x69,0x6e,0x67,0x73,0x5f,
0x66,0x6f,0x72,0x6d,0x2e,0x65,0x6c,0x65,0x6d,0x65,0x6e,0x74,0x73,0x5b,0x22,0x77,
0x69,0x66,0x69,0x2e,0x69,0x70,0x22,0x5d,0x2e,0x76,0x61,0x6c,0x75,0x65,0x20,0x3d,
0x20,0x75,0x69,0x6e,0x74,0x33,0x32,0x54,0x6f,0x49,0x70,0x28,0x73,0x65,0x74,0x74,
0x69,0x6e,0x67,0x73,0x5f,0x6a,0x73,0x6f,0x6e,0x5b,0x22,0x77,0x69,0x66,0x69,0x22,
0x5d,0x5b,0x22,0x69,0x70,0x22,0x5d,0x29,0x3b,0x0a,0x20,0x20,0x20,0x20,0x20,0x20,
0x20,0x20,0x73,0x65,0x74,0x74,0x69,0x6e,0x67,0x73,0x5f,0x66,0x6f,0x72,0x6d,0x2e,
0x65,0x6c,0x65,0x6d,0x65,0x6e,0x74,0x73,0x5b,0x22,0x77,0x69,0x66,0x69,0x2e,0x6e,
0x6d,0x22,0x5d,0x2e,0x76,0x61,0x6c,0x75,0x65,0x20,0x3d,0x20,0x75,0x69,0x6e,0x74,
0x33,0x32,0x54,0x6f,0x49,0x70,0x28,0x73,0x65,0x74,0x74,0x69,0x6e,0x67,0x73,0x5f,
0x6a,0x73,0x6f,0x6e,0x5b,0x22,0x77,0x69,0x66,0x69,0x22,0x5d,0x5b,0x22,0x6e,0x6d,
0x22,0x5d,0x29,0x3b,0x0a,0x20,0x20,0x20,0x20,0x20,0x20,0x20,0x20,0x73,0x65,0x74,
0x74,0x69,0x6e,0x67,0x73,0x5f,0x66,0x6f,0x72,0x6d,0x2e,0x65,0x6c,0x65,0x6d,0x65,
0x6e,0x74,0x73,0x5b,0x22,0x77,0x69,0x66,0x69,0x2e,0x67,0x77,0x22,0x5d,0x2e,0x76,
0x61,0x6c,0x75,0x65,0x20,0x3d,0x20,0x75,0x69,0x6e,0x74,0x33,0x32,0x54,0x6f,0x49,
0x70,0x28,0x73,0x65,0x74,0x74,0x69,0x6e,0x67,0x73,0x5f,0x6a,0x73,0x6f,0x6e,0x5b,
0x22,0x77,0x69,0x66,0x69,0x22,0x5d,0x5b,0x22,0x67,0x77,0x22,0x5d,0x29,0x3b,0x0a,
0x0a,0x20,0x20,0x20,0x20,0x20,0x20,0x20,0x20,0x73,0x65,0x74,0x74,0x69,0x6e,0x67,
0x73,0x5f,0x66,0x6f,0x72,0x6d,0x2e,0x65,0x6c,0x65,0x6d,0x65,0x6e,0x74,0x73,0x5b,
0x22,0x6d,0x71,0x74,0x74,0x2e,0x62,0x72,0x6f,0x6b,0x65,0x72,0x22,0x5d,0x2e,0x76,
0x61,0x6c,0x75,0x65,0x20,0x3d,0x20,0x73,0x65,0x74,0x74,0x69,0x6e,0x67,0x73,0x5f,
0x6a,0x73,0x6f,0x6e,0x5b,0x22,0x6d,0x71,0x74,0x74,0x22,0x5d,0x5b,0x22,0x62,0x72,
0x6f,0x6b,0x65,0x72,0x22,0x5d,0x3b,0x0a,0x20,0x20,0x20,0x20,0x20,0x20,0x20,0x20,
0x73,0x65,0x74,0x74,0x69,0x6e,0x67,0x73,0x5f,0x66,0x6f,0x72,0x6d,0x2e,0x65,0x6c,
0x65,0x6d,0x65,0x6e,0x74,0x73,0x5b,0x22,0x6d,0x71,0x74,0x74,0x2e,0x70,0x6f,0x72,
0x74,0x22,0x5d,0x2e,0x76,0x61,0x6c,0x75,0x65,0x20,0x3d,0x20,0x73,0x65,0x74,0x74,
0x69,0x6e,0x67,0x73,0x5f,0x6a,0x73,0x6f,0x6e,0x5b,0x22,0x6d,0x71,0x74,0x74,0x22,
0x5d,0x5b,0x22,0x70,0x6f,0x72,0x74,0x22,0x5d,0x3b,0x0a,0x20,0x20,0x20,0x20,0x20,
0x20,0x20,0x20,0x73,0x65,0x74,0x74,0x69,0x6e,0x67,0x73,0x5f,0x66,0x6f,0x72,0x6d,
0x2e,0x65,0x6c,0x65,0x6d,0x65,0x6e,0x74,0x73,0x5b,0x22,0x6d,0x71,0x74,0x74,0x2e,
0x75,0x73,0x65,0x72,0x6e,0x61,0x6d,0x65,0x22,0x5d,0x2e,0x76,0x61,0x6c,0x75,0x65,
0x20,0x3d,0x20,0x73,0x65,0x74,0x74,0x69,0x6e,0x67,0x73,0x5f,0x6a,0x73,0x6f,0x6e,
0x5b,0x22,0x6d,0x71,0x74,0x74,0x22,0x5d,0x5b,0x22,0x75,0x73,0x65,0x72,0x6e,0x61,
0x6d,0x65,0x22,0x5d,0x3b,0x0a,0x20,0x20,0x20,0x20,0x20,0x20,0x20,0x20,0x73,0x65,
0x74,0x74,0x69,0x6e,0x67,0x73,0x5f,0x66,0x6f,0x72,0x6d,0x2e,0x65,0x6c,0x65,0x6d,
0x65,0x6e,0x74,0x73,0x5b,0x22,0x6d,0x71,0x74,0x74,0x2e,0x70,0x61,0x73,0x73,0x77,
0x6f,0x72,0x64,0x22,0x5d,0x2e,0x76,0x61,0x6c,0x75,0x65,0x20,0x3d,0x20,0x73,0x65,
0x74,0x74,0x69,0x6e,0x67,0x73,0x5f,0x6a,0x73,0x6f,0x6e,0x5b,0x22,0x6d,0x71,0x74,
0x74,0x22,0x5d,0x5b,0x22,0x70,0x61,0x73,0x73,0x77,0x6f,0x72,0x64,0x22,0x5d,0x3b,
0x0a,0x0a,0x20,0x20,0x20,0x20,0x20,0x20,0x20,0x20,0x63,0x6f,0x6e,0x73,0x74,0x20,
0x73,0x65,0x6e,0x73,0x6f,0x72,0x73,0x5f,0x64,0x69,0x76,0x20,0x3d,0x20,0x64,0x6f,
0x63,0x75,0x6d,0x65,0x6e,0x74,0x2e,0x71,0x75,0x65,0x72,0x79,0x53,0x65,0x6c,0x65,
0x63,0x74,0x6f,0x72,0x28,0x22,0x23,0x73,0x65,0x6e,0x73,0x6f,0x72,0x73,0x5f,0x64,
0x69,0x76,0x22,0x29,0x3b,0x0a,0x20,0x20,0x20,0x20,0x20,0x20,0x20,0x20,0x73,0x65,
0x74,0x74,0x69,0x6e,0x67,0x73,0x5f,0x6a,0x73,0x6f,0x6e,0x2e,0x73,0x65,0x6e,0x73,
0x6f,0x72,0x5f,0x73,0x65,0x74,0x74,0x69,0x6e,0x67,0x73,0x2e,0x66,0x6f,0x72,0x45,
0x61,0x63,0x68,0x28,0x28,0x69,0x74,0x65,0x6d,0x2c,0x20,0x69,0x6e,0x64,0x65,0x78,
0x5f,0x73,0x65,0x6e,0x73,0x6f,0x72,0x29,0x20,0x3d,0x3e,0x20,0x7b,0x0a,0x20,0x20,
0x20,0x20,0x20,0x20,0x20,0x20,0x20,0x20,0x20,0x20,0x63,0x6f,0x6e,0x73,0x74,0x20,
0x73,0x65,0x6e,0x73,0x6f,0x72,0x5f,0x64,0x69,0x76,0x20,0x3d,0x20,0x64,0x6f,0x63,
0x75,0x6d,0x65,0x6e,0x74,0x2e,0x63,0x72,0x65,0x61,0x74,0x65,0x45,0x6c,0x65,0x6d,
0x65,0x6e,0x74,0x28,0x22,0x64,0x69,0x76,0x22,0x29,0x3b,0x0a,0x0a,0x20,0x20,0x20,
0x20,0x20,0x20,0x20,0x20,0x20,0x20,0x20,0x20,0x73,0x65,0x6e,0x73,0x6f,0x72,0x5f,
0x64,0x69,0x76,0x2e,0x69,0x6e,0x6e,0x65,0x72,0x48,0x54,0x4d,0x4c,0x20,0x3d,0x20,
0x60,0x0a,0x20,0x20,0x20,0x20,0x20,0x20,0x20,0x20,0x20,0x20,0x20,0x20,0x20,0x20,
0x20,0x20,0x20,0x20,0x20,0x20,0x20,0x20,0x20,0x20,0x20,0x20,0x20,0x20,0x20,0x20,
0x20,0x20,0x23,0x24,0x7b,0x69,0x6e,0x64,0x65,0x78,0x5f,0x73,0x65,0x6e,0x73,0x6f,
0x72,0x20,0x2b,0x20,0x31,0x7d,0x20,0x0a,0x20,0x20,0x20,0x20,0x20,0x20,0x20,0x20,
0x20,0x20,0x20,0x20,0x20,0x20,0x20,0x20,0x20,0x20,0x20,0x20,0x20,0x20,0x20,0x20,
0x20,0x20,0x20,0x20,0x20,0x20,0x20,0x20,0x45,0x6e,0x61,0x62,0x6c,0x65,0x64,0x3a,
0x0a,0x20,0x20,0x20,0x20,0x20,0x20,0x20,0x20,0x20,0x20,0x20,0x20,0x20,0x20,0x20,
0x20,0x20,0x20,0x20,0x20,0x20,0x20,0x20,0x20,0x20,0x20,0x20,0x20,0x20,0x20,0x20,
0x20,0x3c,0x69,0x6e,0x70,0x75,0x74,0x20,0x6e,0x61,0x6d,0x65,0x3d,0x22,0x73,0x5f,
0x73,0x5b,0x24,0x7b,0x69,0x6e,0x64,0x65,0x78,0x5f,0x73,0x65,0x6e,0x73,0x6f,0x72,
0x7d,0x5d,0x2e,0x65,0x6e,0x61,0x62,0x6c,0x65,0x64,0x22,0x20,0x74,0x79,0x70,0x65,
0x3d,0x22,0x63,0x68,0x65,0x63,0x6b,0x62,0x6f,0x78,0x22,0x20,0x24,0x7b,0x69,0x74,
0x65,0x6d,0x2e,0x65,0x6e,0x61,0x62,0x6c,0x65,0x64,0x20,0x3f,0x20,0x22,0x63,0x68,
0x65,0x63,0x6b,0x65,0x64,0x22,0x20,0x3a,0x20,0x22,0x22,0x7d,0x20,0x6f,0x6e,0x63,
0x68,0x61,0x6e,0x67,0x65,0x3d,0x22,0x74,0x6f,0x67,0x67,0x6c,0x65,0x5f,0x73,0x65,
0x72,0x69,0x61,0x6c,0x5f,0x73,0x65,0x74,0x74,0x69,0x6e,0x67,0x73,0x28,0x74,0x68,
0x69,0x73,0x2c,0x20,0x24,0x7b,0x69,0x6e,0x64,0x65,0x78,0x5f,0x73,0x65,0x6e,0x73,
0x6f,0x72,0x7d,0x29,0x22,0x3e,0x20,0x20,0x20,0x20,0x20,0x20,0x20,0x20,0x20,0x20,
0x20,0x20,0x20,0x20,0x20,0x20,0x20,0x20,0x20,0x20,0x20,0x20,0x20,0x20,0x20,0x20,
0x20,0x20,0x20,0x20,0x20,0x20,0x20,0x20,0x20,0x20,0x0a,0x20,0x20,0x20,0x20,0x20,
0x20,0x20,0x20,0x20,0x20,0x20,0x20,0x20,0x20,0x20,0x20,0x20,0x20,0x20,0x20,0x20,
0x20,0x20,0x20,0x20,0x20,0x20,0x20,0x20,0x20,0x20,0x20,0x42,0x61,0x75,0x64,0x3a,
0x20,0x24,0x7b,0x63,0x72,0x65,0x61,0x74,0x65,0x5f,0x62,0x61,0x75,0x64,0x5f,0x6f,
0x70,0x74,0x69,0x6f,0x6e,0x28,0x69,0x6e,0x64,0x65,0x78,0x5f,0x73,0x65,0x6e,0x73,
0x6f,0x72,0x2c,0x20,0x69,0x74,0x65,0x6d,0x2e,0x62,0x61,0x75,0x64,0x72,0x61,0x74,
0x65,0x29,0x7d,0x0a,0x20,0x20,0x20,0x20,0x20,0x20,0x20,0x20,0x20,0x20,0x20,0x20,
0x20,0x20,0x20,0x20,0x20,0x20,0x20,0x20,0x20,0x20,0x20,0x20,0x20,0x20,0x20,0x20,
0x20,0x20,0x20,0x60,0x3b,0x0a,0x0a,0x0a,0x20,0x20,0x20,0x20,0x20,0x20,0x20,0x20,
0x20,0x20,0x20,0x20,0x63,0x6f,0x6e,0x73,0x74,0x20,0x70,0x75,0x62,0x6c,0x69,0x73,
0x68,0x5f,0x73,0x65,0x74,0x74,0x69,0x6e,0x67,0x73,0x5f,0x74,0x61,0x62,0x6c,0x65,
0x20,0x3d,0x20,0x64,0x6f,0x63,0x75,0x6d,0x65,0x6e,0x74,0x2e,0x63,0x72,0x65,0x61,
0x74,0x65,0x45,0x6c,0x65,0x6d,0x65,0x6e,0x74,0x28,0x22,0x74,0x61,0x62,0x6c,0x65,
0x22,0x29,0x3b,0x0a,0x20,0x20,0x20,0x20,0x20,0x20,0x20,0x20,0x20,0x20,0x20,0x20,
0x70,0x75,0x62,0x6c,0x69,0x73,0x68,0x5f,0x73,0x65,0x74,0x74,0x69,0x6e,0x67,0x73,
0x5f,0x74,0x61,0x62,0x6c,0x65,0x2e,0x69,0x6e,0x6e,0x65,0x72,0x48,0x54,0x4d,0x4c,
0x20,0x3d,0x20,0x60,0x0a,0x20,0x20,0x20,0x20,0x20,0x20,0x20,0x20,0x20,0x20,0x20,
0x20,0x20,0x20,0x20,0x20,0x20,0x20,0x20,0x20,0x20,0x20,0x20,0x20,0x20,0x20,0x20,
0x20,0x20,0x20,0x20,0x20,0x20,0x20,0x20,0x20,0x20,0x20,0x20,0x20,0x20,0x20,0x20,
0x20,0x20,0x20,0x20,0x20,0x3c,0x74,0x68,0x65,0x61,0x64,0x3e,0x0a,0x20,0x20,0x20,
0x20,0x20,0x20,0x20,0x20,0x20,0x20,0x20,0x20,0x20,0x20,0x20,0x20,0x20,0x20,0x20,
0x20,0x20,0x20,0x20,0x20,0x20,0x20,0x20,0x20,0x20,0x20,0x20,0x20,0x20,0x20,0x20,
0x20,0x20,0x20,0x20,0x20,0x20,0x20,0x20,0x20,0x20,0x20,0x20,0x20,0x20,0x20,0x20,
0x20,0x3c,0x74,0x72,0x3e,0x0a,0x20,0x20,0x20,0x20,0x20,0x20,0x20,0x20,0x20,0x20,
0x20,0x20,0x20,0x20,0x20,0x20,0x20,0x20,0x20,0x20,0x20,0x20,0x20,0x20,0x20,0x20,
0x20,0x20,0x20,0x20,0x20,0x20,0x20,0x20,0x20,0x20,0x20,0x20,0x20,0x20,0x20,0x20,
0x20,0x20,0x20,0x20,0x20,0x20,0x20,0x20,0x20,0x20,0x20,0x20,0x20,0x20,0x3c,0x74,
0x68,0x20,0x73,0x74,0x79,0x6c,0x65,0x3d,0x22,0x74,0x65,0x78,0x74,0x2d,0x61,0x6c,
0x69,0x67,0x6e,0x3a,0x20,0x63,0x65,0x6e,0x74,0x65,0x72,0x3b,0x22,0x3e,0x23,0x3c,
0x2f,0x74,0x68,0x3e,0x0a,0x20,0x20,0x20,0x20,0x20,0x20,0x20,0x20,0x20,0x20,0x20,
0x20,0x20,0x20,0x20,0x20,0x20,0x20,0x20,0x20,0x20,0x20,0x20,0x20,0x20,0x20,0x20,
0x20,0x20,0x20,0x20,0x20,0x20,0x20,0x20,0x20,0x20,0x20,0x20,0x20,0x20,0x20,0x20,
0x20,0x20,0x20,0x20,0x20,0x20,0x20,0x20,0x20,0x20,0x20,0x20,0x20,0x3c,0x74,0x68,
0x20,0x73,0x74,0x79,0x6c,0x65,0x3d,0x22,0x74,0x65,0x78,0x74,0x2d,0x61,0x6c,0x69,
0x67,0x6e,0x3a,0x20,0x63,0x65,0x6e,0x74,0x65,0x72,0x3b,0x22,0x3e,0x45,0x6e,0x61,
0x62,0x6c,0x65,0x64,0x3c,0x2f,0x74,0x68,0x3e,0x0a,0x20,0x20,0x20,0x20,0x20,0x20,
0x20,0x20,0x20,0x20,0x20,0x20,0x20,0x20,0x20,0x20,0x20,0x20,0x20,0x20,0x20,0x20,
0x20,0x20,0x20,0x20,0x20,0x20,0x20,0x20,0x20,0x20,0x20,0x20,0x20,0x20,0x20,0x20,
0x20,0x20,0x20,0x20,0x20,0x20,0x20,0x20,0x20,0x20,0x20,0x20,0x20,0x20,0x20,0x20,
0x20,0x20,0x3c,0x74,0x68,0x20,0x73,0x74,0x79,0x6c,0x65,0x3d,0x22,0x74,0x65,0x78,
0x74,0x2d,0x61,0x6c,0x69,0x67,0x6e,0x3a,0x20,0x63,0x65,0x6e,0x74,0x65,0x72,0x3b,
0x22,0x3e,0x4e,0x61,0x6d,0x65,0x3c,0x2f,0x74,0x68,0x3e,0x0a,0x20,0x20,0x20,0x20,
0x20,0x20,0x20,0x20,0x20,0x20,0x20,0x20,0x20,0x20,0x20,0x20,0x20,0x20,0x20,0x20,
0x20,0x20,0x20,0x20,0x20,0x20,0x20,0x20,0x20,0x20,0x20,0x20,0x20,0x20,0x20,0x20,
0x20,0x20,0x20,0x20,0x20,0x20,0x20,0x20,0x20,0x20,0x20,0x20,0x20,0x20,0x20,0x20,
0x20,0x20,0x20,0x20,0x3c,0x74,0x68,0x20,0x73,0x74,0x79,0x6c,0x65,0x3d,0x22,0x74,
0x65,0x78,0x74,0x2d,0x61,0x6c,0x69,0x67,0x6e,0x3a,0x20,0x63,0x65,0x6e,0x74,0x65,
0x72,0x3b,0x22,0x20,0x63,0x6c,0x61,0x73,0x73,0x3d,0x22,0x68,0x69,0x64,0x65,0x2d,
0x6f,0x6e,0x2d,0x73,0x6d,0x61,0x6c,0x6c,0x22,0x3e,0x53,0x74,0x61,0x72,0x74,0x3c,
0x2f,0x74,0x68,0x3e,0x0a,0x20,0x20,0x20,0x20,0x20,0x20,0x20,0x20,0x20,0x20,0x20,
0x20,0x20,0x20,0x20,0x20,0x20,0x20,0x20,0x20,0x20,0x20,0x20,0x20,0x20,0x20,0x20,
0x20,0x20,0x20,0x20,0x20,0x20,0x20,0x20,0x20,0x20,0x20,0x20,0x20,0x20,0x20,0x20,
0x20,0x20,0x20,0x20,0x20,0x20,0x20,0x20,0x20,0x20,0x20,0x20,0x20,0x3c,0x74,0x68,
0x20,0x73,0x74,0x79,0x6c,0x65,0x3d,0x22,0x74,0x65,0x78,0x74,0x2d,0x61,0x6c,0x69,
0x67,0x6e,0x3a,0x20,0x63,0x65,0x6e,0x74,0x65,0x72,0x3b,0x22,0x20,0x63,0x6c,0x61,
0x73,0x73,0x3d,0x22,0x68,0x69,0x64,0x65,0x2d,0x6f,0x6e,0x2d,0x73,0x6d,0x61,0x6c,
0x6c,0x22,0x3e,0x45,0x6e,0x64,0x3c,0x2f,0x74,0x68,0x3e,0x0a,0x20,0x20,0x20,0x20,
0x20,0x20,0x20,0x20,0x20,0x20,0x20,0x20,0x20,0x20,0x20,0x20,0x20,0x20,0x20,0x20,
0x20,0x20,0x20,0x20,0x20,0x20,0x20,0x20,0x20,0x20,0x20,0x20,0x20,0x20,0x20,0x20,
0x20,0x20,0x20,0x20,0x20,0x20,0x20,0x20,0x20,0x20,0x20,0x20,0x20,0x20,0x20,0x20,
0x20,0x20,0x20,0x20,0x3c,0x74,0x68,0x20,0x73,0x74,0x79,0x6c,0x65,0x3d,0x22,0x74,
0x65,0x78,0x74,0x2d,0x61,0x6c,0x69,0x67,0x6e,0x3a,0x20,0x63,0x65,0x6e,0x74,0x65,
0x72,0x3b,0x22,0x20,0x63,0x6c,0x61,0x73,0x73,0x3d,0x22,0x68,0x69,0x64,0x65,0x2d,
0x6f,0x6e,0x2d,0x73,0x6d,0x61,0x6c,0x6c,0x22,0x3e,0x4e,0x75,0x6d,0x65,0x72,0x69,
0x63,0x3c,0x2f,0x74,0x68,0x3e,0x0a,0x20,0x20,0x20,0x20,0x20,0x20,0x20,0x20,0x20,
0x20,0x20,0x20,0x20,0x20,0x20,0x20,0x20,0x20,0x20,0x20,0x20,0x20,0x20,0x20,0x20,
0x20,0x20,0x20,0x20,0x20,0x20,0x20,0x20,0x20,0x20,0x20,0x20,0x20,0x20,0x20,0x20,
0x20,0x20,0x20,0x20,0x20,0x20,0x20,0x20,0x20,0x20,0x20,0x20,0x20,0x20,0x20,0x3c,
0x74,0x68,0x20,0x73,0x74,0x79,0x6c,0x65,0x3d,0x22,0x74,0x65,0x78,0x74,0x2d,0x61,
0x6c,0x69,0x67,0x6e,0x3a,0x20,0x63,0x65,0x6e,0x74,0x65,0x72,0x3b,0x22,0x20,0x63,
0x6c,0x61,0x73,0x73,0x3d,0x22,0x68,0x69,0x64,0x65,0x2d,0x6f,0x6e,0x2d,0x73,0x6d,
0x61,0x6c,0x6c,0x22,0x3e,0x53,0x63,0x61,0x6c,0x65,0x3c,0x2f,0x74,0x68,0x3e,0x0a,
0x20,0x20,0x20,0x20,0x20,0x20,0x20,0x20,0x20,0x20,0x20,0x20,0x20,0x20,0x20,0x20,
0x20,0x20,0x20,0x20,0x20,0x20,0x20,0x20,0x20,0x20,0x20,0x20,0x20,0x20,0x20,0x20,
0x20,0x20,0x20,0x20,0x20,0x20,0x20,0x20,0x20,0x20,0x20,0x20,0x20,0x20,0x20,0x20,
0x20,0x20,0x20,0x20,0x20,0x20,0x20,0x20,0x3c,0x74,0x68,0x20,0x73,0x74,0x79,0x6c,
0x65,0x3d,0x22,0x74,0x65,0x78,0x74,0x2d,0x61,0x6c,0x69,0x67,0x6e,0x3a,0x20,0x63,
0x65,0x6e,0x74,0x65,0x72,0x3b,0x22,0x20,0x63,0x6c,0x61,0x73,0x73,0x3d,0x22,0x68,
0x69,0x64,0x65,0x2d,0x6f,0x6e,0x2d,0x73,0x6d,0x61,0x6c,0x6c,0x22,0x3e,0x41,0x76,
0x65,0x72,0x61,0x67,0x65,0x3c,0x2f,0x74,0x68,0x3e,0x0a,0x20,0x20,0x20,0x20,0x20,
0x20,0x20,0x20,0x20,0x20,0x20,0x20,0x20,0x20,0x20,0x20,0x20,0x20,0x20,0x20,0x20,
0x20,0x20,0x20,0x20,0x20,0x20,0x20,0x20,0x20,0x20,0x20,0x20,0x20,0x20,0x20,0x20,
0x20,0x20,0x20,0x20,0x20,0x20,0x20,0x20,0x20,0x20,0x20,0x20,0x20,0x20,0x20,0x20,
0x20,0x20,0x20,0x3c,0x74,0x68,0x20,0x73,0x74,0x79,0x6c,0x65,0x3d,0x22,0x74,0x65,
0x78,0x74,0x2d,0x61,0x6c,0x69,0x67,0x6e,0x3a,0x20,0x63,0x65,0x6e,0x74,0x65,0x72,
0x3b,0x22,0x3e,0x54,0x6f,0x70,0x69,0x63,0x3c,0x2f,0x74,0x68,0x3e,0x0a,0x20,0x20,
0x20,0x20,0x20,0x20,0x20,0x20,0x20,0x20,0x20,0x20,0x20,0x20,0x20,0x20,0x20,0x20,
0x20,0x20,0x20,0x20,0x20,0x20,0x20,0x20,0x20,0x20,0x20,0x20,0x20,0x20,0x20,0x20,
0x20,0x20,0x20,0x20,0x20,0x20,0x20,0x20,0x20,0x20,0x20,0x20,0x20,0x20,0x20,0x20,
0x20,0x20,0x3c,0x2f,0x74,0x72,0x3e,0x0a,0x20,0x20,0x20,0x20,0x20,0x20,0x20,0x20,
0x20,0x20,0x20,0x20,0x20,0x20,0x20,0x20,0x20,0x20,0x20,0x20,0x20,0x20,0x20,0x20,
0x20,0x20,0x20,0x20,0x20,0x20,0x20,0x20,0x20,0x20,0x20,0x20,0x20,0x20,0x20,0x20,
0x20,0x20,0x20,0x20,0x20,0x20,0x20,0x20,0x3c,0x2f,0x74,0x68,0x65,0x61,0x64,0x3e,
0x0a,0x20,0x20,0x20,0x20,0x20,0x20,0x20,0x20,0x20,0x20,0x20,0x20,0x20,0x20,0x20,
0x20,0x20,0x20,0x20,0x20,0x20,0x20,0x20,0x20,0x20,0x20,0x20,0x20,0x20,0x20,0x20,
0x20,0x20,0x20,0x20,0x20,0x20,0x20,0x20,0x20,0x20,0x20,0x20,0x20,0x20,0x20,0x20,
0x20,0x3c,0x74,0x62,0x6f,0x64,0x79,0x3e,0x3c,0x2f,0x74,0x62,0x6f,0x64,0x79,0x3e,
0x0a,0x20,0x20,0x20,0x20,0x20,0x20,0x20,0x20,0x20,0x20,0x20,0x20,0x20,0x20,0x20,
0x20,0x20,0x20,0x20,0x20,0x20,0x20,0x20,0x20,0x20,0x20,0x20,0x20,0x20,0x20,0x20,
0x20,0x20,0x20,0x20,0x20,0x20,0x20,0x20,0x20,0x20,0x20,0x20,0x20,0x60,0x3b,0x0a,
0x0a,0x20,0x20,0x20,0x20,0x20,0x20,0x20,0x20,0x20,0x20,0x20,0x20,0x70,0x75,0x62,
0x6c,0x69,0x73,0x68,0x5f,0x73,0x65,0x74,0x74,0x69,0x6e,0x67,0x73,0x5f,0x74,0x61,
0x62,0x6c,0x65,0x2e,0x69,0x64,0x20,0x3d,0x20,0x60,0x70,0x75,0x62,0x6c,0x69,0x73,
0x68,0x5f,0x73,0x65,0x74,0x74,0x69,0x6e,0x67,0x73,0x5f,0x24,0x7b,0x69,0x6e,0x64,
0x65,0x78,0x5f,0x73,0x65,0x6e,0x73,0x6f,0x72,0x7d,0x60,0x3b,0x0a,0x20,0x20,0x20,
0x20,0x20,0x20,0x20,0x20,0x20,0x20,0x20,0x20,0x2f,0x2f,0x70,0x75,0x62,0x6c,0x69,
0x73,0x68,0x5f,0x73,0x65,0x74,0x74,0x69,0x6e,0x67,0x73,0x5f,0x74,0x61,0x62,0x6c,
0x65,0x2e,0x73,0x74,0x79,0x6c,0x65,0x2e,0x77,0x69,0x64,0x74,0x68,0x20,0x3d,0x20,
0x22,0x31,0x30,0x30,0x25,0x22,0x3b,0x0a,0x20,0x20,0x20,0x20,0x20,0x20,0x20,0x20,
0x20,0x20,0x20,0x20,0x70,0x75,0x62,0x6c,0x69,0x73,0x68,0x5f,0x73,0x65,0x74,0x74,
0x69,0x6e,0x67,0x73,0x5f,0x74,0x61,0x62,0x6c,0x65,0x2e,0x73,0x74,0x79,0x6c,0x65,
0x2e,0x64,0x69,0x73,0x70,0x6c,0x61,0x79,0x20,0x3d,0x20,0x69,0x74,0x65,0x6d,0x2e,
0x65,0x6e,0x61,0x62,0x6c,0x65,0x64,0x20,0x3f,0x20,0x22,0x62,0x6c,0x6f,0x63,0x6b,
0x22,0x20,0x3a,0x20,0x22,0x6e,0x6f,0x6e,0x65,0x22,0x3b,0x0a,0x20,0x20,0x20,0x20,
0x20,0x20,0x20,0x20,0x20,0x20,0x20,0x20,0x70,0x75,0x62,0x6c,0x69,0x73,0x68,0x5f,
0x73,0x65,0x74,0x74,0x69,0x6e,0x67,0x73,0x5f,0x74,0x61,0x62,0x6c,0x65,0x2e,0x63,
0x6c,0x61,0x73,0x73,0x4c,0x69,0x73,0x74,0x20,0x3d,0x20,0x5b,0x22,0x74,0x61,0x62,
0x6c,0x65,0x2d,0x6d,0x6f,0x64,0x61,0x6c,0x22,0x5d,0x3b,0x0a,0x0a,0x20,0x20,0x20,
0x20,0x20,0x20,0x20,0x20,0x20,0x20,0x20,0x20,0x73,0x65,0x74,0x74,0x69,0x6e,0x67,
0x73,0x5f,0x6a,0x73,0x6f,0x6e,0x2e,0x73,0x65,0x6e,0x73,0x6f,0x72,0x5f,0x73,0x65,
0x74,0x74,0x69,0x6e,0x67,0x73,0x5b,0x69,0x6e,0x64,0x65,0x78,0x5f,0x73,0x65,0x6e,
0x73,0x6f,0x72,0x5d,0x5b,0x22,0x70,0x75,0x62,0x6c,0x69,0x73,0x68,0x5f,0x73,0x65,
0x74,0x74,0x69,0x6e,0x67,0x73,0x22,0x5d,0x2e,0x66,0x6f,0x72,0x45,0x61,0x63,0x68,
0x28,0x28,0x69,0x74,0x65,0x6d,0x2c,0x20,0x69,0x6e,0x64,0x65,0x78,0x29,0x20,0x3d,
0x3e,0x20,0x7b,0x0a,0x20,0x20,0x20,0x20,0x20,0x20,0x20,0x20,0x20,0x20,0x20,0x20,
0x20,0x20,0x20,0x20,0x63,0x6f,0x6e,0x73,0x74,0x20,0x64,0x65,0x74,0x61,0x69,0x6c,
0x5f,0x72,0x6f,0x77,0x20,0x3d,0x20,0x64,0x6f,0x63,0x75,0x6d,0x65,0x6e,0x74,0x2e,
0x63,0x72,0x65,0x61,0x74,0x65,0x45,0x6c,0x65,0x6d,0x65,0x6e,0x74,0x28,0x22,0x74,
0x72,0x22,0x29,0x3b,0x0a,0x0a,0x20,0x20,0x20,0x20,0x20,0x20,0x20,0x20,0x20,0x20,
0x20,0x20,0x20,0x20,0x20,0x20,0x64,0x65,0x74,0x61,0x69,0x6c,0x5f,0x72,0x6f,0x77,
0x2e,0x69,0x6e,0x6e,0x65,0x72,0x48,0x54,0x4d,0x4c,0x20,0x3d,0x20,0x60,0x0a,0x20,
0x20,0x20,0x20,0x20,0x20,0x20,0x20,0x20,0x20,0x20,0x20,0x20,0x20,0x20,0x20,0x20,
0x20,0x20,0x20,0x20,0x20,0x20,0x20,0x20,0x20,0x20,0x20,0x20,0x20,0x20,0x20,0x20,
0x20,0x20,0x20,0x3c,0x74,0x64,0x3e,0x24,0x7b,0x69,0x6e,0x64,0x65,0x78,0x7d,0x3c,
0x2f,0x74,0x64,0x3e,0x0a,0x20,0x20,0x20,0x20,0x20,0x20,0x20,0x20,0x20,0x20,0x20,
0x20,0x20,0x20,0x20,0x20,0x20,0x20,0x20,0x20,0x20,0x20,0x20,0x20,0x20,0x20,0x20,
0x20,0x20,0x20,0x20,0x20,0x20,0x20,0x20,0x20,0x3c,0x74,0x64,0x20,0x73,0x74,0x79,
0x6c,0x65,0x3d,0x22,0x74,0x65,0x78,0x74,0x2d,0x61,0x6c,0x69,0x67,0x6e,0x3a,0x20,
0x63,0x65,0x6e,0x74,0x65,0x72,0x3b,0x22,0x3e,0x3c,0x69,0x6e,0x70,0x75,0x74,0x20,
0x6e,0x61,0x6d,0x65,0x3d,0x22,0x73,0x5f,0x73,0x5b,0x24,0x7b,0x69,0x6e,0x64,0x65,
0x78,0x5f,0x73,0x65,0x6e,0x73,0x6f,0x72,0x7d,0x5d,0x70,0x5f,0x73,0x5b,0x24,0x7b,
0x69,0x6e,0x64,0x65,0x78,0x7d,0x5d,0x2e,0x65,0x6e,0x61,0x62,0x6c,0x65,0x64,0x22,
0x20,0x74,0x79,0x70,0x65,0x3d,0x22,0x63,0x68,0x65,0x63,0x6b,0x62,0x6f,0x78,0x22,
0x20,0x24,0x7b,0x69,0x74,0x65,0x6d,0x2e,0x65,0x6e,0x61,0x62,0x6c,0x65,0x64,0x20,
0x3f,0x20,0x22,0x63,0x68,0x65,0x63,0x6b,0x65,0x64,0x22,0x20,0x3a,0x20,0x22,0x22,
0x7d,0x3e,0x3c,0x2f,0x61,0x3e,0x3c,0x2f,0x74,0x64,0x3e,0x0a,0x20,0x20,0x20,0x20,
0x20,0x20,0x20,0x20,0x20,0x20,0x20,0x20,0x20,0x20,0x20,0x20,0x20,0x20,0x20,0x20,
0x20,0x20,0x20,0x20,0x20,0x20,0x20,0x20,0x20,0x20,0x20,0x20,0x20,0x20,0x20,0x20,
0x3c,0x74,0x64,0x3e,0x3c,0x69,0x6e,0x70,0x75,0x74,0x20,0x6e,0x61,0x6d,0x65,0x3d,
0x22,0x73,0x5f,0x73,0x5b,0x24,0x7b,0x69,0x6e,0x64,0x65,0x78,0x5f,0x73,0x65,0x6e,
0x73,0x6f,0x72,0x7d,0x5d,0x70,0x5f,0x73,0x5b,0x24,0x7b,0x69,0x6e,0x64,0x65,0x78,
0x7d,0x5d,0x2e,0x6e,0x61,0x6d,0x65,0x22,0x20,0x73,0x69,0x7a,0x65,0x3d,0x22,0x36,
0x22,0x20,0x76,0x61,0x6c,0x75,0x65,0x3d,0x22,0x24,0x7b,0x69,0x74,0x65,0x6d,0x2e,
0x6e,0x61,0x6d,0x65,0x7d,0x22,0x3e,0x3c,0x2f,0x74,0x64,0x3e,0x0a,0x20,0x20,0x20,
0x20,0x20,0x20,0x20,0x20,0x20,0x20,0x20,0x20,0x20,0x20,0x20,0x20,0x20,0x20,0x20,
0x20,0x20,0x20,0x20,0x20,0x20,0x20,0x20,0x20,0x20,0x20,0x20,0x20,0x20,0x20,0x20,
0x20,0x3c,0x74,0x64,0x20,0x63,0x6c,0x61,0x73,0x73,0x3d,0x22,0x68,0x69,0x64,0x65,
0x2d,0x6f,0x6e,0x2d,0x73,0x6d,0x61,0x6c,0x6c,0x22,0x3e,0x3c,0x69,0x6e,0x70,0x75,
0x74,0x20,0x74,0x79,0x70,0x65,0x3d,0x22,0x6e,0x75,0x6d,0x62,0x65,0x72,0x22,0x20,
0x6e,0x61,0x6d,0x65,0x3d,0x22,0x73,0x5f,0x73,0x5b,0x24,0x7b,0x69,0x6e,0x64,0x65,
0x78,0x5f,0x73,0x65,0x6e,0x73,0x6f,0x72,0x7d,0x5d,0x70,0x5f,0x73,0x5b,0x24,0x7b,
0x69,0x6e,0x64,0x65,0x78,0x7d,0x5d,0x2e,0x73,0x74,0x61,0x72,0x74,0x22,0x20,0x6d,
0x69,0x6e,0x3d,0x22,0x30,0x22,0x20,0x73,0x74,0x79,0x6c,0x65,0x3d,0x22,0x77,0x69,
0x64,0x74,0x68,0x3a,0x20,0x33,0x65,0x6d,0x22,0x20,0x76,0x61,0x6c,0x75,0x65,0x3d,
0x22,0x24,0x7b,0x69,0x74,0x65,0x6d,0x2e,0x73,0x74,0x61,0x72,0x74,0x7d,0x22,0x3e,
0x3c,0x2f,0x74,0x64,0x3e,0x0a,0x20,0x20,0x20,0x20,0x20,0x20,0x20,0x20,0x20,0x20,
0x20,0x20,0x20,0x20,0x20,0x20,0x20,0x20,0x20,0x20,0x20,0x20,0x20,0x20,0x20,0x20,
0x20,0x20,0x20,0x20,0x20,0x20,0x20,0x20,0x20,0x20,0x3c,0x74,0x64,0x20,0x63,0x6c,
0x61,0x73,0x73,0x3d,0x22,0x68,0x69,0x64,0x65,0x2d,0x6f,0x6e,0x2d,0x73,0x6d,0x61,
0x6c,0x6c,0x22,0x3e,0x3c,0x69,0x6e,0x70,0x75,0x74,0x20,0x74,0x79,0x70,0x65,0x3d,
0x22,0x6e,0x75,0x6d,0x62,0x65,0x72,0x22,0x20,0x6e,0x61,0x6d,0x65,0x3d,0x22,0x73,
0x5f,0x73,0x5b,0x24,0x7b,0x69,0x6e,0x64,0x65,0x78,0x5f,0x73,0x65,0x6e,0x73,0x6f,
0x72,0x7d,0x5d,0x70,0x5f,0x73,0x5b,0x24,0x7b,0x69,0x6e,0x64,0x65,0x78,0x7d,0x5d,
0x2e,0x65,0x6e,0x64,0x22,0x20,0x6d,0x69,0x6e,0x3d,0x22,0x30,0x22,0x20,0x73,0x74,
0x79,0x6c,0x65,0x3d,0x22,0x77,0x69,0x64,0x74,0x68,0x3a,0x20,0x33,0x65,0x6d,0x22,
0x20,0x76,0x61,0x6c,0x75,0x65,0x3d,0x22,0x24,0x7b,0x69,0x74,0x65,0x6d,0x2e,0x65,
0x6e,0x64,0x7d,0x22,0x3e,0x3c,0x2f,0x74,0x64,0x3e,0x0a,0x20,0x20,0x20,0x20,0x20,
0x20,0x20,0x20,0x20,0x20,0x20,0x20,0x20,0x20,0x20,0x20,0x20,0x20,0x20,0x20,0x20,
0x20,0x20,0x20,0x20,0x20,0x20,0x20,0x20,0x20,0x20,0x20,0x20,0x20,0x20,0x20,0x3c,
0x74,0x64,0x20,0x63,0x6c,0x61,0x73,0x73,0x3d,0x22,0x68,0x69,0x64,0x65,0x2d,0x6f,
0x6e,0x2d,0x73,0x6d,0x61,0x6c,0x6c,0x22,0x20,0x73,0x74,0x79,0x6c,0x65,0x3d,0x22,
0x74,0x65,0x78,0x74,0x2d,0x61,0x6c,0x69,0x67,0x6e,0x3a,0x20,0x63,0x65,0x6e,0x74,
0x65,0x72,0x3b,0x22,0x3e,0x3c,0x69,0x6e,0x70,0x75,0x74,0x20,0x6e,0x61,0x6d,0x65,
0x3d,0x22,0x73,0x5f,0x73,0x5b,0x24,0x7b,0x69,0x6e,0x64,0x65,0x78,0x5f,0x73,0x65,
0x6e,0x73,0x6f,0x72,0x7d,0x5d,0x70,0x5f,0x73,0x5b,0x24,0x7b,0x69,0x6e,0x64,0x65,
0x78,0x7d,0x5d,0x2e,0x69,0x73,0x5f,0x6e,0x75,0x6d,0x22,0x20,0x74,0x79,0x70,0x65,
0x3d,0x22,0x63,0x68,0x65,0x63,0x6b,0x62,0x6f,0x78,0x22,0x20,0x24,0x7b,0x69,0x74,
0x65,0x6d,0x2e,0x69,0x73,0x5f,0x6e,0x75,0x6d,0x20,0x3f,0x20,0x22,0x63,0x68,0x65,
0x63,0x6b,0x65,0x64,0x22,0x20,0x3a,0x20,0x22,0x22,0x7d,0x20,0x6f,0x6e,0x63,0x68,
0x61,0x6e,0x67,0x65,0x3d,0x22,0x74,0x6f,0x67,0x67,0x6c,0x65,0x5f,0x6e,0x75,0x6d,
0x65,0x72,0x69,0x63,0x5f,0x73,0x65,0x74,0x74,0x69,0x6e,0x67,0x73,0x28,0x74,0x68,
0x69,0x73,0x2c,0x20,0x24,0x7b,0x69,0x6e,0x64,0x65,0x78,0x5f,0x73,0x65,0x6e,0x73,
0x6f,0x72,0x7d,0x2c,0x20,0x24,0x7b,0x69,0x6e,0x64,0x65,0x78,0x7d,0x29,0x22,0x3e,
0x3c,0x2f,0x74,0x64,0x3e,0x0a,0x20,0x20,0x20,0x20,0x20,0x20,0x20,0x20,0x20,0x20,
0x20,0x20,0x20,0x20,0x20,0x20,0x20,0x20,0x20,0x20,0x20,0x20,0x20,0x20,0x20,0x20,
0x20,0x20,0x20,0x20,0x20,0x20,0x20,0x20,0x20,0x20,0x3c,0x74,0x64,0x20,0x63,0x6c,
0x61,0x73,0x73,0x3d,0x22,0x68,0x69,0x64,0x65,0x2d,0x6f,0x6e,0x2d,0x73,0x6d,0x61,
0x6c,0x6c,0x22,0x3e,0x3c,0x69,0x6e,0x70,0x75,0x74,0x20,0x74,0x79,0x70,0x65,0x3d,
0x22,0x6e,0x75,0x6d,0x62,0x65,0x72,0x22,0x20,0x6e,0x61,0x6d,0x65,0x3d,0x22,0x73,
0x5f,0x73,0x5b,0x24,0x7b,0x69,0x6e,0x64,0x65,0x78,0x5f,0x73,0x65,0x6e,0x73,0x6f,
0x72,0x7d,0x5d,0x70,0x5f,0x73,0x5b,0x24,0x7b,0x69,0x6e,0x64,0x65,0x78,0x7d,0x5d,
0x2e,0x73,0x63,0x61,0x6c,0x65,0x22,0x20,0x73,0x74,0x65,0x70,0x3d,0x22,0x61,0x6e,
0x79,0x22,0x20,0x73,0x74,0x79,0x6c,0x65,0x3d,0x22,0x77,0x69,0x64,0x74,0x68,0x3a,
0x20,0x34,0x65,0x6d,0x22,0x20,0x24,0x7b,0x69,0x74,0x65,0x6d,0x2e,0x69,0x73,0x5f,
0x6e,0x75,0x6d,0x20,0x3f,0x20,0x22,0x22,0x20,0x3a,0x20,0x22,0x64,0x69,0x73,0x61,
0x62,0x6c,0x65,0x64,0x22,0x7d,0x20,0x76,0x61,0x6c,0x75,0x65,0x3d,0x22,0x24,0x7b,
0x4d,0x61,0x74,0x68,0x2e,0x72,0x6f,0x75,0x6e,0x64,0x28,0x28,0x69,0x74,0x65,0x6d,
0x2e,0x73,0x63,0x61,0x6c,0x65,0x20,0x2b,0x20,0x4e,0x75,0x6d,0x62,0x65,0x72,0x2e,
0x45,0x50,0x53,0x49,0x4c,0x4f,0x4e,0x29,0x20,0x2a,0x20,0x31,0x30,0x30,0x30,0x30,
0x29,0x20,0x2f,0x20,0x31,0x30,0x30,0x30,0x30,0x7d,0x22,0x3e,0x3c,0x2f,0x74,0x64,
0x3e,0x0a,0x20,0x20,0x20,0x20,0x20,0x20,0x20,0x20,0x20,0x20,0x20,0x20,0x20,0x20,
0x20,0x20,0x20,0x20,0x20,0x20,0x20,0x20,0x20,0x20,0x20,0x20,0x20,0x20,0x20,0x20,
0x20,0x20,0x20,0x20,0x20,0x20,0x3c,0x74,0x64,0x20,0x63,0x6c,0x61,0x73,0x73,0x3d,
0x22,0x68,0x69,0x64,0x65,0x2d,0x6f,0x6e,0x2d,0x73,0x6d,0x61,0x6c,0x6c,0x22,0x3e,
0x3c,0x69,0x6e,0x70,0x75,0x74,0x20,0x74,0x79,0x70,0x65,0x3d,0x22,0x6e,0x75,0x6d,
0x62,0x65,0x72,0x22,0x20,0x6e,0x61,0x6d,0x65,0x3d,0x22,0x73,0x5f,0x73,0x5b,0x24,
0x7b,0x69,0x6e,0x64,0x65,0x78,0x5f,0x73,0x65,0x6e,0x73,0x6f,0x72,0x7d,0x5d,0x70,
0x5f,0x73,0x5b,0x24,0x7b,0x69,0x6e,0x64,0x65,0x78,0x7d,0x5d,0x2e,0x61,0x76,0x67,
0x5f,0x63,0x6e,0x74,0x22,0x20,0x6d,0x69,0x6e,0x3d,0x22,0x30,0x22,0x20,0x73,0x74,
0x79,0x6c,0x65,0x3d,0x22,0x77,0x69,0x64,0x74,0x68,0x3a,0x20,0x34,0x65,0x6d,0x22,
0x20,0x24,0x7b,0x69,0x74,0x65,0x6d,0x2e,0x69,0x73,0x5f,0x6e,0x75,0x6d,0x20,0x3f,
0x20,0x22,0x22,0x20,0x3a,0x20,0x22,0x64,0x69,0x73,0x61,0x62,0x6c,0x65,0x64,0x22,
0x7d,0x20,0x76,0x61,0x6c,0x75,0x65,0x3d,0x22,0x24,0x7b,0x69,0x74,0x65,0x6d,0x2e,
0x61,0x76,0x67,0x5f,0x63,0x6e,0x74,0x7d,0x22,0x3e,0x3c,0x2f,0x74,0x64,0x3e,0x0a,
0x20,0x20,0x20,0x20,0x20,0x20,0x20,0x20,0x20,0x20,0x20,0x20,0x20,0x20,0x20,0x20,
0x20,0x20,0x20,0x20,0x20,0x20,0x20,0x20,0x20,0x20,0x20,0x20,0x20,0x20,0x20,0x20,
0x20,0x20,0x20,0x20,0x3c,0x74,0x64,0x3e,0x3c,0x69,0x6e,0x70,0x75,0x74,0x20,0x6e,
0x61,0x6d,0x65,0x3d,0x22,0x73,0x5f,0x73,0x5b,0x24,0x7b,0x69,0x6e,0x64,0x65,0x78,
0x5f,0x73,0x65,0x6e,0x73,0x6f,0x72,0x7d,0x5d,0x70,0x5f,0x73,0x5b,0x24,0x7b,0x69,
0x6e,0x64,0x65,0x78,0x7d,0x5d,0x2e,0x74,0x6f,0x70,0x69,0x63,0x22,0x20,0x73,0x69,
0x7a,0x65,0x3d,0x22,0x36,0x22,0x20,0x76,0x61,0x6c,0x75,0x65,0x3d,0x22,0x24,0x7b,
0x69,0x74,0x65,0x6d,0x2e,0x74,0x6f,0x70,0x69,0x63,0x7d,0x22,0x3e,0x3c,0x2f,0x74,
0x64,0x3e,0x0a,0x20,0x20,0x20,0x20,0x20,0x20,0x20,0x20,0x20,0x20,0x20,0x20,0x20,
0x20,0x20,0x20,0x20,0x20,0x20,0x20,0x20,0x20,0x20,0x20,0x20,0x20,0x20,0x20,0x20,
0x20,0x20,0x20,0x20,0x20,0x20,0x60,0x3b,0x0a,0x0a,0x20,0x20,0x20,0x20,0x20,0x20,
0x20,0x20,0x20,0x20,0x20,0x20,0x20,0x20,0x20,0x20,0x6c,0x65,0x74,0x20,0x74,0x62,
0x6f,0x64,0x79,0x20,0x3d,0x20,0x70,0x75,0x62,0x6c,0x69,0x73,0x68,0x5f,0x73,0x65,
0x74,0x74,0x69,0x6e,0x67,0x73,0x5f,0x74,0x61,0x62,0x6c,0x65,0x2e,0x71,0x75,0x65,
0x72,0x79,0x53,0x65,0x6c,0x65,0x63,0x74,0x6f,0x72,0x28,0x22,0x74,0x62,0x6f,0x64,
0x79,0x22,0x29,0x0a,0x20,0x20,0x20,0x20,0x20,0x20,0x20,0x20,0x20,0x20,0x20,0x20,
0x20,0x20,0x20,0x20,0x74,0x62,0x6f,0x64,0x79,0x2e,0x61,0x70,0x70,0x65,0x6e,0x64,
0x43,0x68,0x69,0x6c,0x64,0x28,0x64,0x65,0x74,0x61,0x69,0x6c,0x5f,0x72,0x6f,0x77,
0x29,0x3b,0x0a,0x0a,0x20,0x20,0x20,0x20,0x20,0x20,0x20,0x20,0x20,0x20,0x20,0x20,
0x20,0x20,0x20,0x20,0x73,0x65,0x6e,0x73,0x6f,0x72,0x5f,0x64,0x69,0x76,0x2e,0x61,
0x70,0x70,0x65,0x6e,0x64,0x43,0x68,0x69,0x6c,0x64,0x28,0x70,0x75,0x62,0x6c,0x69,
0x73,0x68,0x5f,0x73,0x65,0x74,0x74,0x69,0x6e,0x67,0x73,0x5f,0x74,0x61,0x62,0x6c,
0x65,0x29,0x3b,0x0a,0x20,0x20,0x20,0x20,0x20,0x20,0x20,0x20,0x20,0x20,0x20,0x20,
0x7d,0x29,0x3b,0x0a,0x0a,0x20,0x20,0x20,0x20,0x20,0x20,0x20,0x20,0x20,0x20,0x20,
0x20,0x73,0x65,0x6e,0x73,0x6f,0x72,0x73,0x5f,0x64,0x69,0x76,0x2e,0x61,0x70,0x70,
0x65,0x6e,0x64,0x43,0x68,0x69,0x6c,0x64,0x28,0x73,0x65,0x6e,0x73,0x6f,0x72,0x5f,
0x64,0x69,0x76,0x29,0x3b,0x0a,0x20,0x20,0x20,0x20,0x20,0x20,0x20,0x20,0x20,0x20,
0x20,0x20,0x73,0x65,0x6e,0x73,0x6f,0x72,0x73,0x5f,0x64,0x69,0x76,0x2e,0x61,0x70,
0x70,0x65,0x6e,0x64,0x43,0x68,0x69,0x6c,0x64,0x28,0x64,0x6f,0x63,0x75,0x6d,0x65,
0x6e,0x74,0x2e,0x63,0x72,0x65,0x61,0x74,0x65,0x45,0x6c,0x65,0x6d,0x65,0x6e,0x74,
0x28,0x22,0x68,0x72,0x22,0x29,0x29,0x3b,0x0a,0x0a,0x20,0x20,0x20,0x20,0x20,0x20,
0x20,0x20,0x20,0x20,0x20,0x20,0x69,0x6e,0x69,0x74,0x69,0x61,0x6c,0x5f,0x63,0x6f,
0x6e,0x66,0x69,0x67,0x20,0x3d,0x20,0x73,0x65,0x74,0x74,0x69,0x6e,0x67,0x73,0x5f,
0x6a,0x73,0x6f,0x6e,0x5b,0x22,0x69,0x6e,0x69,0x74,0x69,0x61,0x6c,0x5f,0x63,0x6f,
0x6e,0x66,0x69,0x67,0x22,0x5d,0x3b,0x0a,0x20,0x20,0x20,0x20,0x20,0x20,0x20,0x20,
0x20,0x20,0x20,0x20,0x69,0x66,0x20,0x28,0x69,0x6e,0x69,0x74,0x69,0x61,0x6c,0x5f,
0x63,0x6f,0x6e,0x66,0x69,0x67,0x29,0x20,0x7b,0x0a,0x20,0x20,0x20,0x20,0x20,0x20,
0x20,0x20,0x20,0x20,0x20,0x20,0x20,0x20,0x20,0x20,0x65,0x6c,0x65,0x6d,0x65,0x6e,
0x74,0x73,0x5f,0x74,0x6f,0x5f,0x73,0x68,0x6f,0x77,0x20,0x3d,0x20,0x64,0x6f,0x63,
0x75,0x6d,0x65,0x6e,0x74,0x2e,0x67,0x65,0x74,0x45,0x6c,0x65,0x6d,0x65,0x6e,0x74,
0x73,0x42,0x79,0x43,0x6c,0x61,0x73,0x73,0x4e,0x61,0x6d,0x65,0x28,0x22,0x73,0x68,
0x6f,0x77,0x2d,0x6f,0x6e,0x2d,0x69,0x6e,0x69,0x74,0x69,0x61,0x6c,0x2d,0x63,0x6f,
0x6e,0x66,0x69,0x67,0x22,0x29,0x3b,0x0a,0x20,0x20,0x20,0x20,0x20,0x20,0x20,0x20,
0x20,0x20,0x20,0x20,0x20,0x20,0x20,0x20,0x66,0x6f,0x72,0x20,0x28,0x6c,0x65,0x74,
0x20,0x69,0x20,0x3d,0x20,0x30,0x3b,0x20,0x69,0x20,0x3c,0x20,0x65,0x6c,0x65,0x6d,
0x65,0x6e,0x74,0x73,0x5f,0x74,0x6f,0x5f,0x73,0x68,0x6f,0x77,0x2e,0x6c,0x65,0x6e,
0x67,0x74,0x68,0x3b,0x20,0x69,0x2b,0x2b,0x29,0x20,0x7b,0x0a,0x20,0x20,0x20,0x20,
0x20,0x20,0x20,0x20,0x20,0x20,0x20,0x20,0x20,0x20,0x20,0x20,0x20,0x20,0x20,0x20,
0x65,0x6c,0x65,0x6d,0x65,0x6e,0x74,0x73,0x5f,0x74,0x6f,0x5f,0x73,0x68,0x6f,0x77,
0x5b,0x69,0x5d,0x2e,0x73,0x74,0x79,0x6c,0x65,0x2e,0x64,0x69,0x73,0x70,0x6c,0x61,
0x79,0x20,0x3d,0x20,0x22,0x74,0x61,0x62,0x6c,0x65,0x2d,0x63,0x65,0x6c,0x6c,0x22,
0x3b,0x0a,0x20,0x20,0x20,0x20,0x20,0x20,0x20,0x20,0x20,0x20,0x20,0x20,0x20,0x20,
0x20,0x20,0x7d,0x0a,0x0a,0x20,0x20,0x20,0x20,0x20,0x20,0x20,0x20,0x20,0x20,0x20,
0x20,0x20,0x20,0x20,0x20,0x65,0x6c,0x65,0x6d,0x65,0x6e,0x74,0x73,0x5f,0x74,0x6f,
0x5f,0x68,0x69,0x64,0x65,0x20,0x3d,0x20,0x64,0x6f,0x63,0x75,0x6d,0x65,0x6e,0x74,
0x2e,0x67,0x65,0x74,0x45,0x6c,0x65,0x6d,0x65,0x6e,0x74,0x73,0x42,0x79,0x43,0x6c,
0x61,0x73,0x73,0x4e,0x61,0x6d,0x65,0x28,0x22,0x68,0x69,0x64,0x65,0x2d,0x6f,0x6e,
0x2d,0x69,0x6e,0x69,0x74,0x69,0x61,0x6c,0x2d,0x63,0x6f,0x6e,0x66,0x69,0x67,0x22,
0x29,0x3b,0x0a,0x20,0x20,0x20,0x20,0x20,0x20,0x20,0x20,0x20,0x20,0x20,0x20,0x20,
0x20,0x20,0x20,0x66,0x6f,0x72,0x20,0x28,0x6c,0x65,0x74,0x20,0x69,0x20,0x3d,0x20,
0x30,0x3b,0x20,0x69,0x20,0x3c,0x20,0x65,0x6c,0x65,0x6d,0x65,0x6e,0x74,0x73,0x5f,
0x74,0x6f,0x5f,0x68,0x69,0x64,0x65,0x2e,0x6c,0x65,0x6e,0x67,0x74,0x68,0x3b,0x20,
0x69,0x2b,0x2b,0x29,0x20,0x7b,0x0a,0x20,0x20,0x20,0x20,0x20,0x20,0x20,0x20,0x20,
0x20,0x20,0x20,0x20,0x20,0x20,0x20,0x20,0x20,0x20,0x20,0x65,0x6c,0x65,0x6d,0x65,
0x6e,0x74,0x73,0x5f,0x74,0x6f,0x5f,0x68,0x69,0x64,0x65,0x5b,0x69,0x5d,0x2e,0x73,
0x74,0x79,0x6c,0x65,0x2e,0x64,0x69,0x73,0x70,0x6c,0x61,0x79,0x20,0x3d,0x20,0x22,
0x6e,0x6f,0x6e,0x65,0x22,0x3b,0x0a,0x20,0x20,0x20,0x20,0x20,0x20,0x20,0x20,0x20,
0x20,0x20,0x20,0x20,0x20,0x20,0x20,0x7d,0x0a,0x20,0x20,0x20,0x20,0x20,0x20,0x20,
0x20,0x20,0x20,0x20,0x20,0x7d,0x20,0x20,0x20,0x20,0x20,0x20,0x20,0x20,0x20,0x20,
0x20,0x20,0x0a,0x20,0x20,0x20,0x20,0x20,0x20,0x20,0x20,0x7d,0x29,0x3b,0x0a,0x0a,
0x20,0x20,0x20,0x20,0x20,0x20,0x20,0x20,0x73,0x65,0x74,0x4d,0x6f,0x64,0x61,0x6c,
0x45,0x64,0x69,0x74,0x69,0x6e,0x67,0x28,0x29,0x3b,0x0a,0x0a,0x20,0x20,0x20,0x20,
0x20,0x20,0x20,0x20,0x63,0x6f,0x6e,0x73,0x74,0x20,0x72,0x65,0x61,0x64,0x69,0x6e,
0x67,0x73,0x5f,0x64,0x69,0x76,0x20,0x3d,0x20,0x64,0x6f,0x63,0x75,0x6d,0x65,0x6e,
0x74,0x2e,0x71,0x75,0x65,0x72,0x79,0x53,0x65,0x6c,0x65,0x63,0x74,0x6f,0x72,0x28,
0x22,0x23,0x72,0x65,0x61,0x64,0x69,0x6e,0x67,0x73,0x5f,0x64,0x69,0x76,0x22,0x29,
0x3b,0x0a,0x20,0x20,0x20,0x20,0x20,0x20,0x20,0x20,0x73,0x65,0x74,0x74,0x69,0x6e,
0x67,0x73,0x5f,0x6a,0x73,0x6f,0x6e,0x2e,0x73,0x65,0x6e,0x73,0x6f,0x72,0x5f,0x73,
0x65,0x74,0x74,0x69,0x6e,0x67,0x73,0x2e,0x66,0x6f,0x72,0x45,0x61,0x63,0x68,0x28,
0x28,0x69,0x74,0x65,0x6d,0x2c,0x20,0x69,0x6e,0x64,0x65,0x78,0x5f,0x73,0x65,0x6e,
0x73,0x6f,0x72,0x29,0x20,0x3d,0x3e,0x20,0x7b,0x0a,0x20,0x20,0x20,0x20,0x20,0x20,
0x20,0x20,0x20,0x20,0x20,0x20,0x69,0x66,0x20,0x28,0x69,0x74,0x65,0x6d,0x2e,0x65,
0x6e,0x61,0x62,0x6c,0x65,0x64,0x29,0x20,0x7b,0x0a,0x20,0x20,0x20,0x20,0x20,0x20,
0x20,0x20,0x20,0x20,0x20,0x20,0x20,0x20,0x20,0x20,0x63,0x6f,0x6e,0x73,0x74,0x20,
0x72,0x65,0x61,0x64,0x69,0x6e,0x67,0x73,0x5f,0x73,0x65,0x6e,0x73,0x6f,0x72,0x5f,
0x64,0x69,0x76,0x20,0x3d,0x20,0x64,0x6f,0x63,0x75,0x6d,0x65,0x6e,0x74,0x2e,0x63,
0x72,0x65,0x61,0x74,0x65,0x45,0x6c,0x65,0x6d,0x65,0x6e,0x74,0x28,0x22,0x64,0x69,
0x76,0x22,0x29,0x3b,0x0a,0x0a,0x20,0x20,0x20,0x20,0x20,0x20,0x20,0x20,0x20,0x20,
0x20,0x20,0x20,0x20,0x20,0x20,0x72,0x65,0x61,0x64,0x69,0x6e,0x67,0x73,0x5f,0x73,
0x65,0x6e,0x73,0x6f,0x72,0x5f,0x64,0x69,0x76,0x2e,0x69,0x6e,0x6e,0x65,0x72,0x48,
0x54,0x4d,0x4c,0x20,0x3d,0x20,0x60,0x53,0x65,0x72,0x69,0x61,0x6c,0x20,0x49,0x6e,
0x74,0x65,0x72,0x66,0x61,0x63,0x65,0x20,0x23,0x24,0x7b,0x69,0x6e,0x64,0x65,0x78,
0x5f,0x73,0x65,0x6e,0x73,0x6f,0x72,0x20,0x2b,0x20,0x31,0x7d,0x60,0x3b,0x0a,0x0a,
0x20,0x20,0x20,0x20,0x20,0x20,0x20,0x20,0x20,0x20,0x20,0x20,0x20,0x20,0x20,0x20,
0x63,0x6f,0x6e,0x73,0x74,0x20,0x72,0x65,0x61,0x64,0x69,0x6e,0x67,0x73,0x5f,0x74,
0x61,0x62,0x6c,0x65,0x20,0x3d,0x20,0x64,0x6f,0x63,0x75,0x6d,0x65,0x6e,0x74,0x2e,
0x63,0x72,0x65,0x61,0x74,0x65,0x45,0x6c,0x65,0x6d,0x65,0x6e,0x74,0x28,0x22,0x74,
0x61,0x62,0x6c,0x65,0x22,0x29,0x3b,0x0a,0x20,0x20,0x20,0x20,0x20,0x20,0x20,0x20,
0x20,0x20,0x20,0x20,0x20,0x20,0x20,0x20,0x72,0x65,0x61,0x64,0x69,0x6e,0x67,0x73,
0x5f,0x74,0x61,0x62,0x6c,0x65,0x2e,0x69,0x6e,0x6e,0x65,0x72,0x48,0x54,0x4d,0x4c,
0x20,0x3d,0x20,0x60,0x0a,0x20,0x20,0x20,0x20,0x20,0x20,0x20,0x20,0x20,0x20,0x20,
0x20,0x20,0x20,0x20,0x20,0x20,0x20,0x20,0x20,0x20,0x20,0x20,0x20,0x20,0x20,0x20,
0x20,0x20,0x20,0x20,0x20,0x20,0x20,0x20,0x20,0x20,0x20,0x20,0x20,0x3c,0x74,0x68,
0x65,0x61,0x64,0x3e,0x0a,0x20,0x20,0x20,0x20,0x20,0x20,0x20,0x20,0x20,0x20,0x20,
0x20,0x20,0x20,0x20,0x20,0x20,0x20,0x20,0x20,0x20,0x20,0x20,0x20,0x20,0x20,0x20,
0x20,0x20,0x20,0x20,0x20,0x20,0x20,0x20,0x20,0x20,0x20,0x20,0x20,0x20,0x20,0x20,
0x20,0x3c,0x74,0x72,0x3e,0x0a,0x20,0x20,0x20,0x20,0x20,0x20,0x20,0x20,0x20,0x20,
0x20,0x20,0x20,0x20,0x20,0x20,0x20,0x20,0x20,0x20,0x20,0x20,0x20,0x20,0x20,0x20,
0x20,0x20,0x20,0x20,0x20,0x20,0x20,0x20,0x20,0x20,0x20,0x20,0x20,0x20,0x20,0x20,
0x20,0x20,0x20,0x20,0x20,0x20,0x3c,0x74,0x68,0x20,0x73,0x74,0x79,0x6c,0x65,0x3d,
0x22,0x74,0x65,0x78,0x74,0x2d,0x61,0x6c,0x69,0x67,0x6e,0x3a,0x20,0x63,0x65,0x6e,
0x74,0x65,0x72,0x3b,0x22,0x3e,0x23,0x3c,0x2f,0x74,0x68,0x3e,0x0a,0x20,0x20,0x20,
0x20,0x20,0x20,0x20,0x20,0x20,0x20,0x20,0x20,0x20,0x20,0x20,0x20,0x20,0x20,0x20,
0x20,0x20,0x20,0x20,0x20,0x20,0x20,0x20,0x20,0x20,0x20,0x20,0x20,0x20,0x20,0x20,
0x20,0x20,0x20,0x20,0x20,0x20,0x20,0x20,0x20,0x20,0x20,0x20,0x20,0x3c,0x74,0x68,
0x20,0x73,0x74,0x79,0x6c,0x65,0x3d,0x22,0x74,0x65,0x78,0x74,0x2d,0x61,0x6c,0x69,
0x67,0x6e,0x3a,0x20,0x63,0x65,0x6e,0x74,0x65,0x72,0x3b,0x22,0x3e,0x4e,0x61,0x6d,
0x65,0x3c,0x2f,0x74,0x68,0x3e,0x0a,0x20,0x20,0x20,0x20,0x20,0x20,0x20,0x20,0x20,
0x20,0x20,0x20,0x20,0x20,0x20,0x20,0x20,0x20,0x20,0x20,0x20,0x20,0x20,0x20,0x20,
0x20,0x20,0x20,0x20,0x20,0x20,0x20,0x20,0x20,0x20,0x20,0x20,0x20,0x20,0x20,0x20,
0x20,0x20,0x20,0x20,0x20,0x20,0x20,0x3c,0x74,0x68,0x20,0x73,0x74,0x79,0x6c,0x65,
0x3d,0x22,0x74,0x65,0x78,0x74,0x2d,0x61,0x6c,0x69,0x67,0x6e,0x3a,0x20,0x63,0x65,
0x6e,0x74,0x65,0x72,0x3b,0x22,0x3e,0x56,0x61,0x6c,0x75,0x65,0x3c,0x2f,0x74,0x68,
0x3e,0x0a,0x20,0x20,0x20,0x20,0x20,0x20,0x20,0x20,0x20,0x20,0x20,0x20,0x20,0x20,
0x20,0x20,0x20,0x20,0x20,0x20,0x20,0x20,0x20,0x20,0x20,0x20,0x20,0x20,0x20,0x20,
0x20,0x20,0x20,0x20,0x20,0x20,0x20,0x20,0x20,0x20,0x20,0x20,0x20,0x20,0x20,0x20,
0x20,0x20,0x3c,0x74,0x68,0x20,0x73,0x74,0x79,0x6c,0x65,0x3d,0x22,0x74,0x65,0x78,
0x74,0x2d,0x61,0x6c,0x69,0x67,0x6e,0x3a,0x20,0x63,0x65,0x6e,0x74,0x65,0x72,0x3b,
0x22,0x3e,0x54,0x6f,0x70,0x69,0x63,0x3c,0x2f,0x74,0x68,0x3e,0x0a,0x20,0x20,0x20,
0x20,0x20,0x20,0x20,0x20,0x20,0x20,0x20,0x20,0x20,0x20,0x20,0x20,0x20,0x20,0x20,
0x20,0x20,0x20,0x20,0x20,0x20,0x20,0x20,0x20,0x20,0x20,0x20,0x20,0x20,0x20,0x20,
0x20,0x20,0x20,0x20,0x20,0x20,0x20,0x20,0x20,0x3c,0x2f,0x74,0x72,0x3e,0x0a,0x20,
0x20,0x20,0x20,0x20,0x20,0x20,0x20,0x20,0x20,0x20,0x20,0x20,0x20,0x20,0x20,0x20,
0x20,0x20,0x20,0x20,0x20,0x20,0x20,0x20,0x20,0x20,0x20,0x20,0x20,0x20,0x20,0x20,
0x20,0x20,0x20,0x20,0x20,0x20,0x20,0x3c,0x2f,0x74,0x68,0x65,0x61,0x64,0x3e,0x0a,
0x20,0x20,0x20,0x20,0x20,0x20,0x20,0x20,0x20,0x20,0x20,0x20,0x20,0x20,0x20,0x20,
0x20,0x20,0x20,0x20,0x20,0x20,0x20,0x20,0x20,0x20,0x20,0x20,0x20,0x20,0x20,0x20,
0x20,0x20,0x20,0x20,0x20,0x20,0x20,0x20,0x3c,0x74,0x62,0x6f,0x64,0x79,0x3e,0x3c,
0x2f,0x74,0x62,0x6f,0x64,0x79,0x3e,0x0a,0x20,0x20,0x20,0x20,0x20,0x20,0x20,0x20,
0x20,0x20,0x20,0x20,0x20,0x20,0x20,0x20,0x20,0x20,0x20,0x20,0x20,0x20,0x20,0x20,
0x20,0x20,0x20,0x20,0x20,0x20,0x20,0x20,0x20,0x20,0x20,0x20,0x60,0x3b,0x0a,0x0a,
0x20,0x20,0x20,0x20,0x20,0x20,0x20,0x20,0x20,0x20,0x20,0x20,0x20,0x20,0x20,0x20,
0x72,0x65,0x61,0x64,0x69,0x6e,0x67,0x73,0x5f,0x74,0x61,0x62,0x6c,0x65,0x2e,0x69,
0x64,0x20,0x3d,0x20,0x60,0x70,0x75,0x62,0x6c,0x69,0x73,0x68,0x5f,0x73,0x65,0x74,
0x74,0x69,0x6e,0x67,0x73,0x5f,0x24,0x7b,0x69,0x6e,0x64,0x65,0x78,0x5f,0x73,0x65,
0x6e,0x73,0x6f,0x72,0x7d,0x60,0x3b,0x0a,0x20,0x20,0x20,0x20,0x20,0x20,0x20,0x20,
0x20,0x20,0x20,0x20,0x20,0x20,0x20,0x20,0x72,0x65,0x61,0x64,0x69,0x6e,0x67,0x73,
0x5f,0x74,0x61,0x62,0x6c,0x65,0x2e,0x73,0x74,0x79,0x6c,0x65,0x20,0x3d,0x20,0x22,
0x77,0x69,0x64,0x74,0x68,0x3a,0x20,0x31,0x30,0x30,0x25,0x3b,0x20,0x6d,0x61,0x78,
0x2d,0x77,0x69,0x64,0x74,0x68,0x3a,0x20,0x34,0x30,0x30,0x70,0x78,0x3b,0x20,0x6d,
0x61,0x72,0x67,0x69,0x6e,0x3a,0x20,0x61,0x75,0x74,0x6f,0x3b,0x22,0x3b,0x0a,0x0a,
0x20,0x20,0x20,0x20,0x20,0x20,0x20,0x20,0x20,0x20,0x20,0x20,0x20,0x20,0x20,0x20,
0x73,0x65,0x74,0x74,0x69,0x6e,0x67,0x73,0x5f,0x6a,0x73,0x6f,0x6e,0x2e,0x73,0x65,
0x6e,0x73,0x6f,0x72,0x5f,0x73,0x65,0x74,0x74,0x69,0x6e,0x67,0x73,0x5b,0x69,0x6e,
0x64,0x65,0x78,0x5f,0x73,0x65,0x6e,0x73,0x6f,0x72,0x5d,0x5b,0x22,0x70,0x75,0x62,
0x6c,0x69,0x73,0x68,0x5f,0x73,0x65,0x74,0x74,0x69,0x6e,0x67,0x73,0x22,0x5d,0x2e,
0x66,0x6f,0x72,0x45,0x61,0x63,0x68,0x28,0x28,0x69,0x74,0x65,0x6d,0x2c,0x20,0x69,
0x6e,0x64,0x65,0x78,0x29,0x20,0x3d,0x3e,0x20,0x7b,0x0a,0x20,0x20,0x20,0x20,0x20,
0x20,0x20,0x20,0x20,0x20,0x20,0x20,0x20,0x20,0x20,0x20,0x20,0x20,0x20,0x20,0x69,
0x66,0x20,0x28,0x69,0x74,0x65,0x6d,0x2e,0x65,0x6e,0x61,0x62,0x6c,0x65,0x64,0x29,
0x20,0x7b,0x0a,0x20,0x20,0x20,0x20,0x20,0x20,0x20,0x20,0x20,0x20,0x20,0x20,0x20,
0x20,0x20,0x20,0x20,0x20,0x20,0x20,0x20,0x20,0x20,0x20,0x63,0x6f,0x6e,0x73,0x74,
0x20,0x64,0x65,0x74,0x61,0x69,0x6c,0x5f,0x72,0x6f,0x77,0x20,0x3d,0x20,0x64,0x6f,
0x63,0x75,0x6d,0x65,0x6e,0x74,0x2e,0x63,0x72,0x65,0x61,0x74,0x65,0x45,0x6c,0x65,
0x6d,0x65,0x6e,0x74,0x28,0x22,0x74,0x72,0x22,0x29,0x3b,0x0a,0x0a,0x20,0x20,0x20,
0x20,0x20,0x20,0x20,0x20,0x20,0x20,0x20,0x20,0x20,0x20,0x20,0x20,0x20,0x20,0x20,
0x20,0x20,0x20,0x20,0x20,0x64,0x65,0x74,0x61,0x69,0x6c,0x5f,0x72,0x6f,0x77,0x2e,
0x69,0x6e,0x6e,0x65,0x72,0x48,0x54,0x4d,0x4c,0x20,0x3d,0x20,0x60,0x0a,0x20,0x20,
0x20,0x20,0x20,0x20,0x20,0x20,0x20,0x20,0x20,0x20,0x20,0x20,0x20,0x20,0x20,0x20,
0x20,0x20,0x20,0x20,0x20,0x20,0x20,0x20,0x20,0x20,0x20,0x20,0x20,0x20,0x20,0x20,
0x20,0x20,0x20,0x20,0x20,0x20,0x3c,0x74,0x64,0x3e,0x24,0x7b,0x69,0x6e,0x64,0x65,
0x78,0x7d,0x3c,0x2f,0x74,0x64,0x3e,0x0a,0x20,0x20,0x20,0x20,0x20,0x20,0x20,0x20,
0x20,0x20,0x20,0x20,0x20,0x20,0x20,0x20,0x20,0x20,0x20,0x20,0x20,0x20,0x20,0x20,
0x20,0x20,0x20,0x20,0x20,0x20,0x20,0x20,0x20,0x20,0x20,0x20,0x20,0x20,0x20,0x20,
0x3c,0x74,0x64,0x3e,0x24,0x7b,0x69,0x74,0x65,0x6d,0x2e,0x6e,0x61,0x6d,0x65,0x7d,
0x3c,0x2f,0x74,0x64,0x3e,0x0a,0x20,0x20,0x20,0x20,0x20,0x20,0x20,0x20,0x20,0x20,
0x20,0x20,0x20,0x20,0x20,0x20,0x20,0x20,0x20,0x20,0x20,0x20,0x20,0x20,0x20,0x20,
0x20,0x20,0x20,0x20,0x20,0x20,0x20,0x20,0x20,0x20,0x20,0x20,0x20,0x20,0x3c,0x74,
0x64,0x20,0x69,0x64,0x3d,0x22,0x73,0x5f,0x73,0x5b,0x24,0x7b,0x69,0x6e,0x64,0x65,
0x78,0x5f,0x73,0x65,0x6e,0x73,0x6f,0x72,0x7d,0x5d,0x70,0x5f,0x73,0x5b,0x24,0x7b,
0x69,0x6e,0x64,0x65,0x78,0x7d,0x5d,0x2e,0x72,0x65,0x61,0x64,0x69,0x6e,0x67,0x22,
0x3e,0x3c,0x2f,0x74,0x64,0x3e,0x0a,0x20,0x20,0x20,0x20,0x20,0x20,0x20,0x20,0x20,
0x20,0x20,0x20,0x20,0x20,0x20,0x20,0x20,0x20,0x20,0x20,0x20,0x20,0x20,0x20,0x20,
0x20,0x20,0x20,0x20,0x20,0x20,0x20,0x20,0x20,0x20,0x20,0x20,0x20,0x20,0x20,0x3c,
0x74,0x64,0x3e,0x24,0x7b,0x69,0x74,0x65,0x6d,0x2e,0x74,0x6f,0x70,0x69,0x63,0x7d,
0x3c,0x2f,0x74,0x64,0x3e,0x0a,0x20,0x20,0x20,0x20,0x20,0x20,0x20,0x20,0x20,0x20,
0x20,0x20,0x20,0x20,0x20,0x20,0x20,0x20,0x20,0x20,0x20,0x20,0x20,0x20,0x20,0x20,
0x20,0x20,0x20,0x20,0x20,0x20,0x20,0x20,0x20,0x20,0x60,0x3b,0x0a,0x0a,0x20,0x20,
0x20,0x20,0x20,0x20,0x20,0x20,0x20,0x20,0x20,0x20,0x20,0x20,0x20,0x20,0x20,0x20,
0x20,0x20,0x20,0x20,0x20,0x20,0x6c,0x65,0x74,0x20,0x74,0x62,0x6f,0x64,0x79,0x20,
0x3d,0x20,0x72,0x65,0x61,0x64,0x69,0x6e,0x67,0x73,0x5f,0x74,0x61,0x62,0x6c,0x65,
0x2e,0x71,0x75,0x65,0x72,0x79,0x53,0x65,0x6c,0x65,0x63,0x74,0x6f,0x72,0x28,0x22,
0x74,0x62,0x6f,0x64,0x79,0x22,0x29,0x0a,0x20,0x20,0x20,0x20,0x20,0x20,0x20,0x20,
0x20,0x20,0x20,0x20,0x20,0x20,0x20,0x20,0x20,0x20,0x20,0x20,0x20,0x20,0x20,0x20,
0x74,0x62,0x6f,0x64,0x79,0x2e,0x61,0x70,0x70,0x65,0x6e,0x64,0x43,0x68,0x69,0x6c,
0x64,0x28,0x64,0x65,0x74,0x61,0x69,0x6c,0x5f,0x72,0x6f,0x77,0x29,0x3b,0x0a,0x0a,
0x20,0x20,0x20,0x20,0x20,0x20,0x20,0x20,0x20,0x20,0x20,0x20,0x20,0x20,0x20,0x20,
0x20,0x20,0x20,0x20,0x20,0x20,0x20,0x20,0x72,0x65,0x61,0x64,0x69,0x6e,0x67,0x73,
0x5f,0x73,0x65,0x6e,0x73,0x6f,0x72,0x5f,0x64,0x69,0x76,0x2e,0x61,0x70,0x70,0x65,
0x6e,0x64,0x43,0x68,0x69,0x6c,0x64,0x28,0x72,0x65,0x61,0x64,0x69,0x6e,0x67,0x73,
0x5f,0x74,0x61,0x62,0x6c,0x65,0x29,0x3b,0x0a,0x20,0x20,0x20,0x20,0x20,0x20,0x20,
0x20,0x20,0x20,0x20,0x20,0x20,0x20,0x20,0x20,0x20,0x20,0x20,0x20,0x7d,0x0a,0x20,
0x20,0x20,0x20,0x20,0x20,0x20,0x20,0x20,0x20,0x20,0x20,0x20,0x20,0x20,0x20,0x7d,
0x29,0x3b,0x0a,0x0a,0x20,0x20,0x20,0x20,0x20,0x20,0x20,0x20,0x20,0x20,0x20,0x20,
0x20,0x20,0x20,0x20,0x72,0x65,0x61,0x64,0x69,0x6e,0x67,0x73,0x5f,0x64,0x69,0x76,
0x2e,0x61,0x70,0x70,0x65,0x6e,0x64,0x43,0x68,0x69,0x6c,0x64,0x28,0x72,0x65,0x61,
0x64,0x69,0x6e,0x67,0x73,0x5f,0x73,0x65,0x6e,0x73,0x6f,0x72,0x5f,0x64,0x69,0x76,
0x29,0x3b,0x0a,0x20,0x20,0x20,0x20,0x20,0x20,0x20,0x20,0x20,0x20,0x20,0x20,0x20,
0x20,0x20,0x20,0x72,0x65,0x61,0x64,0x69,0x6e,0x67,0x73,0x5f,0x64,0x69,0x76,0x2e,
0x61,0x70,0x70,0x65,0x6e,0x64,0x43,0x68,0x69,0x6c,0x64,0x28,0x64,0x6f,0x63,0x75,
0x6d,0x65,0x6e,0x74,0x2e,0x63,0x72,0x65,0x61,0x74,0x65,0x45,0x6c,0x65,0x6d,0x65,
0x6e,0x74,0x28,0x22,0x68,0x72,0x22,0x29,0x29,0x3b,0x0a,0x20,0x20,0x20,0x20,0x20,
0x20,0x20,0x20,0x20,0x20,0x20,0x20,0x7d,0x0a,0x20,0x20,0x20,0x20,0x20,0x20,0x20,
0x20,0x7d,0x29,0x3b,0x0a,0x20,0x20,0x20,0x20,0x7d,0x0a,0x0a,0x0a,0x20,0x20,0x20,
0x20,0x66,0x75,0x6e,0x63,0x74,0x69,0x6f,0x6e,0x20,0x73,0x65,0x74,0x74,0x69,0x6e,
0x67,0x73,0x5f,0x67,0x65,0x74,0x28,0x29,0x20,0x7b,0x0a,0x20,0x20,0x20,0x20,0x20,
0x20,0x20,0x20,0x6c,0x65,0x74,0x20,0x78,0x68,0x72,0x20,0x3d,0x20,0x6e,0x65,0x77,
0x20,0x58,0x4d,0x4c,0x48,0x74,0x74,0x70,0x52,0x65,0x71,0x75,0x65,0x73,0x74,0x28,
0x29,0x3b,0x0a,0x20,0x20,0x20,0x20,0x20,0x20,0x20,0x20,0x78,0x68,0x72,0x2e,0x6f,
0x70,0x65,0x6e,0x28,0x22,0x50,0x4f,0x53,0x54,0x22,0x2c,0x20,0x27,0x2f,0x73,0x65,
0x74,0x74,0x69,0x6e,0x67,0x73,0x5f,0x67,0x65,0x74,0x2e,0x63,0x67,0x69,0x27,0x2c,
0x20,0x74,0x72,0x75,0x65,0x29,0x3b,0x0a,0x20,0x20,0x20,0x20,0x20,0x20,0x20,0x20,
0x78,0x68,0x72,0x2e,0x73,0x65,0x74,0x52,0x65,0x71,0x75,0x65,0x73,0x74,0x48,0x65,
0x61,0x64,0x65,0x72,0x28,0x22,0x43,0x6f,0x6e,0x74,0x65,0x6e,0x74,0x2d,0x54,0x79,
0x70,0x65,0x22,0x2c,0x20,0x22,0x61,0x70,0x70,0x6c,0x69,0x63,0x61,0x74,0x69,0x6f,
0x6e,0x2f,0x6a,0x73,0x6f,0x6e,0x22,0x29,0x3b,0x0a,0x0a,0x20,0x20,0x20,0x20,0x20,
0x20,0x20,0x20,0x2f,0x2f,0x20,0x55,0x73,0x65,0x20,0x6f,0x6e,0x72,0x65,0x61,0x64,
0x79,0x73,0x74,0x61,0x74,0x65,0x63,0x68,0x61,0x6e,0x67,0x65,0x20,0x69,0x6e,0x73,
0x74,0x65,0x61,0x64,0x20,0x6f,0x66,0x20,0x6f,0x6e,0x6c,0x6f,0x61,0x64,0x0a,0x20,
0x20,0x20,0x20,0x20,0x20,0x20,0x20,0x78,0x68,0x72,0x2e,0x6f,0x6e,0x72,0x65,0x61,
0x64,0x79,0x73,0x74,0x61,0x74,0x65,0x63,0x68,0x61,0x6e,0x67,0x65,0x20,0x3d,0x20,
0x66,0x75,0x6e,0x63,0x74,0x69,0x6f,0x6e,0x20,0x28,0x29,0x20,0x7b,0x0a,0x20,0x20,
0x20,0x20,0x20,0x20,0x20,0x20,0x20,0x20,0x20,0x20,0x69,0x66,0x20,0x28,0x78,0x68,
0x72,0x2e,0x72,0x65,0x61,0x64,0x79,0x53,0x74,0x61,0x74,0x65,0x20,0x3d,0x3d,0x3d,
0x20,0x34,0x29,0x20,0x7b,0x20,0x2f,0x2f,0x20,0x52,0x65,0x71,0x75,0x65,0x73,0x74,
0x20,0x69,0x73,0x20,0x63,0x6f,0x6d,0x70,0x6c,0x65,0x74,0x65,0x0a,0x20,0x20,0x20,
0x20,0x20,0x20,0x20,0x20,0x20,0x20,0x20,0x20,0x20,0x20,0x20,0x20,0x69,0x66,0x20,
0x28,0x78,0x68,0x72,0x2e,0x73,0x74,0x61,0x74,0x75,0x73,0x20,0x3e,0x3d,0x20,0x32,
0x30,0x30,0x20,0x26,0x26,0x20,0x78,0x68,0x72,0x2e,0x73,0x74,0x61,0x74,0x75,0x73,
0x20,0x3c,0x20,0x33,0x30,0x30,0x29,0x20,0x7b,0x0a,0x20,0x20,0x20,0x20,0x20,0x20,
0x20,0x20,0x20,0x20,0x20,0x20,0x20,0x20,0x20,0x20,0x20,0x20,0x20,0x20,0x2f,0x2f,
0x20,0x43,0x68,0x65,0x63,0x6b,0x20,0x69,0x66,0x20,0x72,0x65,0x73,0x70,0x6f,0x6e,
0x73,0x65,0x54,0x65,0x78,0x74,0x20,0x69,0x73,0x20,0x6e,0x6f,0x74,0x20,0x65,0x6d,
0x70,0x74,0x79,0x0a,0x20,0x20,0x20,0x20,0x20,0x20,0x20,0x20,0x20,0x20,0x20,0x20,
0x20,0x20,0x20,0x20,0x20,0x20,0x20,0x20,0x69,0x66,0x20,0x28,0x78,0x68,0x72,0x2e,
0x72,0x65,0x73,0x70,0x6f,0x6e,0x73,0x65,0x54,0x65,0x78,0x74,0x29,0x20,0x7b,0x0a,
0x20,0x20,0x20,0x20,0x20,0x20,0x20,0x20,0x20,0x20,0x20,0x20,0x20,0x20,0x20,0x20,
0x20,0x20,0x20,0x20,0x20,0x20,0x20,0x20,0x74,0x72,0x79,0x20,0x7b,0x0a,0x20,0x20,
0x20,0x20,0x20,0x20,0x20,0x20,0x20,0x20,0x20,0x20,0x20,0x20,0x20,0x20,0x20,0x20,
0x20,0x20,0x20,0x20,0x20,0x20,0x20,0x20,0x20,0x20,0x2f,0x2f,0x20,0x50,0x61,0x72,
0x73,0x65,0x20,0x74,0x68,0x65,0x20,0x4a,0x53,0x4f,0x4e,0x20,0x72,0x65,0x73,0x70,
0x6f,0x6e,0x73,0x65,0x0a,0x20,0x20,0x20,0x20,0x20,0x20,0x20,0x20,0x20,0x20,0x20,
0x20,0x20,0x20,0x20,0x20,0x20,0x20,0x20,0x20,0x20,0x20,0x20,0x20,0x20,0x20,0x20,
0x20,0x63,0x6f,0x6e,0x73,0x74,0x20,0x73,0x65,0x74,0x74,0x69,0x6e,0x67,0x73,0x5f,
0x6a,0x73,0x6f,0x6e,0x20,0x3d,0x20,0x4a,0x53,0x4f,0x4e,0x2e,0x70,0x61,0x72,0x73,
0x65,0x28,0x78,0x68,0x72,0x2e,0x72,0x65,0x73,0x70,0x6f,0x6e,0x73,0x65,0x54,0x65,
0x78,0x74,0x29,0x3b,0x0a,0x20,0x20,0x20,0x20,0x20,0x20,0x20,0x20,0x20,0x20,0x20,
0x20,0x20,0x20,0x20,0x20,0x20,0x20,0x20,0x20,0x20,0x20,0x20,0x20,0x20,0x20,0x20,
0x20,0x73,0x65,0x74,0x74,0x69,0x6e,0x67,0x73,0x5f,0x70,0x6f,0x70,0x75,0x6c,0x61,
0x74,0x65,0x28,0x73,0x65,0x74,0x74,0x69,0x6e,0x67,0x73,0x5f,0x6a,0x73,0x6f,0x6e,
0x29,0x0a,0x0a,0x20,0x20,0x20,0x20,0x20,0x20,0x20,0x20,0x20,0x20,0x20,0x20,0x20,
0x20,0x20,0x20,0x20,0x20,0x20,0x20,0x20,0x20,0x20,0x20,0x7d,0x20,0x63,0x61,0x74,
0x63,0x68,0x20,0x28,0x65,0x72,0x72,0x6f,0x72,0x29,0x20,0x7b,0x0a,0x20,0x20,0x20,
0x20,0x20,0x20,0x20,0x20,0x20,0x20,0x20,0x20,0x20,0x20,0x20,0x20,0x20,0x20,0x20,
0x20,0x20,0x20,0x20,0x20,0x20,0x20,0x20,0x20,0x63,0x6f,0x6e,0x73,0x6f,0x6c,0x65,
0x2e,0x65,0x72,0x72,0x6f,0x72,0x28,0x22,0x46,0x61,0x69,0x6c,0x65,0x64,0x20,0x74,
0x6f,0x20,0x70,0x61,0x72,0x73,0x65,0x20,0x4a,0x53,0x4f,0x4e,0x3a,0x22,0x2c,0x20,
0x65,0x72,0x72,0x6f,0x72,0x29,0x3b,0x0a,0x20,0x20,0x20,0x20,0x20,0x20,0x20,0x20,
0x20,0x20,0x20,0x20,0x20,0x20,0x20,0x20,0x20,0x20,0x20,0x20,0x20,0x20,0x20,0x20,
0x7d,0x0a,0x20,0x20,0x20,0x20,0x20,0x20,0x20,0x20,0x20,0x20,0x20,0x20,0x20,0x20,
0x20,0x20,0x20,0x20,0x20,0x20,0x7d,0x20,0x65,0x6c,0x73,0x65,0x20,0x7b,0x0a,0x20,
0x20,0x20,0x20,0x20,0x20,0x20,0x20,0x20,0x20,0x20,0x20,0x20,0x20,0x20,0x20,0x20,
0x20,0x20,0x20,0x20,0x20,0x20,0x20,0x63,0x6f,0x6e,0x73,0x6f,0x6c,0x65,0x2e,0x65,
0x72,0x72,0x6f,0x72,0x28,0x22,0x52,0x65,0x73,0x70,0x6f,0x6e,0x73,0x65,0x20,0x69,
0x73,0x20,0x65,0x6d,0x70,0x74,0x79,0x22,0x29,0x3b,0x0a,0x20,0x20,0x20,0x20,0x20,
0x20,0x20,0x20,0x20,0x20,0x20,0x20,0x20,0x20,0x20,0x20,0x20,0x20,0x20,0x20,0x7d,
0x0a,0x20,0x20,0x20,0x20,0x20,0x20,0x20,0x20,0x20,0x20,0x20,0x20,0x20,0x20,0x20,
0x20,0x7d,0x20,0x65,0x6c,0x73,0x65,0x20,0x7b,0x0a,0x20,0x20,0x20,0x20,0x20,0x20,
0x20,0x20,0x20,0x20,0x20,0x20,0x20,0x20,0x20,0x20,0x20,0x20,0x20,0x20,0x63,0x6f,
0x6e,0x73,0x6f,0x6c,0x65,0x2e,0x65,0x72,0x72,0x6f,0x72,0x28,0x22,0x52,0x65,0x71,
0x75,0x65,0x73,0x74,0x20,0x66,0x61,0x69,0x6c,0x65,0x64,0x20,0x77,0x69,0x74,0x68,
0x20,0x73,0x74,0x61,0x74,0x75,0x73,0x3a,0x22,0x2c,0x20,0x78,0x68,0x72,0x2e,0x73,
0x74,0x61,0x74,0x75,0x73,0x29,0x3b,0x0a,0x20,0x20,0x20,0x20,0x20,0x20,0x20,0x20,
0x20,0x20,0x20,0x20,0x20,0x20,0x20,0x20,0x7d,0x0a,0x20,0x20,0x20,0x20,0x20,0x20,
0x20,0x20,0x20,0x20,0x20,0x20,0x7d,0x0a,0x20,0x20,0x20,0x20,0x20,0x20,0x20,0x20,
0x7d,0x3b,0x0a,0x0a,0x20,0x20,0x20,0x20,0x20,0x20,0x20,0x20,0x78,0x68,0x72,0x2e,
0x73,0x65,0x6e,0x64,0x28,0x29,0x3b,0x0a,0x20,0x20,0x20,0x20,0x7d,0x0a,0x0a,0x20,
0x20,0x20,0x20,0x64,0x6f,0x63,0x75,0x6d,0x65,0x6e,0x74,0x2e,0x61,0x64,0x64,0x45,
0x76,0x65,0x6e,0x74,0x4c,0x69,0x73,0x74,0x65,0x6e,0x65,0x72,0x28,0x22,0x44,0x4f,
0x4d,0x43,0x6f,0x6e,0x74,0x65,0x6e,0x74,0x4c,0x6f,0x61,0x64,0x65,0x64,0x22,0x2c,
0x20,0x66,0x75,0x6e,0x63,0x74,0x69,0x6f,0x6e,0x20,0x28,0x29,0x20,0x7b,0x0a,0x20,
0x20,0x20,0x20,0x20,0x20,0x20,0x20,0x69,0x66,0x20,0x28,0x77,0x69,0x6e,0x64,0x6f,
0x77,0x2e,0x6c,0x6f,0x63,0x61,0x74,0x69,0x6f,0x6e,0x2e,0x70,0x72,0x6f,0x74,0x6f,
0x63,0x6f,0x6c,0x20,0x21,0x3d,0x20,0x27,0x66,0x69,0x6c,0x65,0x3a,0x27,0x29,0x20,
0x7b,0x0a,0x20,0x20,0x20,0x20,0x20,0x20,0x20,0x20,0x20,0x20,0x20,0x20,0x77,0x69,
0x66,0x69,0x5f,0x6e,0x65,0x74,0x77,0x6f,0x72,0x6b,0x73,0x5f,0x67,0x65,0x74,0x28,
0x29,0x3b,0x0a,0x20,0x20,0x20,0x20,0x20,0x20,0x20,0x20,0x20,0x20,0x20,0x20,0x73,
0x65,0x74,0x74,0x69,0x6e,0x67,0x73,0x5f,0x67,0x65,0x74,0x28,0x29,0x3b,0x0a,0x20,
0x20,0x20,0x20,0x20,0x20,0x20,0x20,0x7d,0x20,0x65,0x6c,0x73,0x65,0x20,0x7b,0x0a,
0x20,0x20,0x20,0x20,0x20,0x20,0x20,0x20,0x20,0x20,0x20,0x20,0x6c,0x65,0x74,0x20,
0x6e,0x65,0x74,0x77,0x6f,0x72,0x6b,0x73,0x5f,0x73,0x74,0x72,0x69,0x6e,0x67,0x20,
0x3d,0x20,0x27,0x5c,0x0a,0x20,0x20,0x20,0x20,0x20,0x20,0x20,0x20,0x5b,0x7b,0x22,
0x73,0x73,0x69,0x64,0x22,0x3a,0x22,0x43,0x4e,0x45,0x5f,0x49,0x43,0x49,0x22,0x2c,
0x22,0x72,0x73,0x73,0x69,0x22,0x3a,0x2d,0x36,0x35,0x2c,0x22,0x63,0x68,0x61,0x6e,
0x6e,0x22,0x3a,0x31,0x31,0x2c,0x20,0x22,0x61,0x75,0x74,0x68,0x5f,0x6d,0x6f,0x64,
0x65,0x22,0x3a,0x30,0x2c,0x22,0x62,0x73,0x73,0x69,0x64,0x22,0x3a,0x22,0x30,0x30,
0x3a,0x36,0x62,0x3a,0x66,0x31,0x3a,0x63,0x30,0x3a,0x39,0x34,0x3a,0x36,0x31,0x22,
0x7d,0x2c,0x5c,0x0a,0x20,0x20,0x20,0x20,0x20,0x20,0x20,0x20,0x7b,0x22,0x73,0x73,
0x69,0x64,0x22,0x3a,0x22,0x43,0x4e,0x45,0x5f,0x44,0x6f,0x73,0x69,0x6d,0x65,0x74,
0x72,0x69,0x61,0x22,0x2c,0x22,0x72,0x73,0x73,0x69,0x22,0x3a,0x2d,0x35,0x30,0x2c,
0x22,0x63,0x68,0x61,0x6e,0x6e,0x22,0x3a,0x31,0x31,0x2c,0x20,0x22,0x61,0x75,0x74,
0x68,0x5f,0x6d,0x6f,0x64,0x65,0x22,0x3a,0x30,0x2c,0x20,0x22,0x62,0x73,0x73,0x69,
0x64,0x22,0x3a,0x22,0x30,0x30,0x3a,0x36,0x62,0x3a,0x66,0x31,0x3a,0x63,0x30,0x3a,
0x39,0x34,0x3a,0x36,0x32,0x22,0x7d,0x2c,0x5c,0x0a,0x20,0x20,0x20,0x20,0x20,0x20,
0x20,0x20,0x7b,0x22,0x73,0x73,0x69,0x64,0x22,0x3a,0x22,0x43,0x4e,0x45,0x5f,0x54,
0x65,0x6c,0x65,0x66,0x6f,0x6e,0x69,0x61,0x22,0x2c,0x22,0x72,0x73,0x73,0x69,0x22,
0x3a,0x2d,0x35,0x33,0x2c,0x22,0x63,0x68,0x61,0x6e,0x6e,0x22,0x3a,0x31,0x31,0x2c,
0x20,0x22,0x61,0x75,0x74,0x68,0x5f,0x6d,0x6f,0x64,0x65,0x22,0x3a,0x32,0x2c,0x20,
0x22,0x62,0x73,0x73,0x69,0x64,0x22,0x3a,0x22,0x30,0x30,0x3a,0x36,0x62,0x3a,0x66,
0x31,0x3a,0x63,0x30,0x3a,0x39,0x34,0x3a,0x36,0x33,0x22,0x7d,0x2c,0x5c,0x0a,0x20,
0x20,0x20,0x20,0x20,0x20,0x20,0x20,0x7b,0x22,0x73,0x73,0x69,0x64,0x22,0x3a,0x22,
0x43,0x4e,0x45,0x5f,0x43,0x44,0x50,0x22,0x2c,0x22,0x72,0x73,0x73,0x69,0x22,0x3a,
0x2d,0x39,0x31,0x2c,0x22,0x63,0x68,0x61,0x6e,0x6e,0x22,0x3a,0x31,0x31,0x2c,0x20,
0x22,0x61,0x75,0x74,0x68,0x5f,0x6d,0x6f,0x64,0x65,0x22,0x3a,0x20,0x34,0x2c,0x20,
0x22,0x62,0x73,0x73,0x69,0x64,0x22,0x3a,0x22,0x30,0x30,0x3a,0x36,0x62,0x3a,0x66,
0x31,0x3a,0x63,0x30,0x3a,0x39,0x34,0x3a,0x36,0x36,0x22,0x7d,0x2c,0x5c,0x0a,0x20,
0x20,0x20,0x20,0x20,0x20,0x20,0x20,0x7b,0x22,0x73,0x73,0x69,0x64,0x22,0x3a,0x22,
0x43,0x4e,0x45,0x5f,0x52,0x61,0x64,0x69,0x6f,0x70,0x72,0x6f,0x74,0x65,0x63,0x63,
0x69,0x6f,0x6e,0x22,0x2c,0x22,0x72,0x73,0x73,0x69,0x22,0x3a,0x2d,0x31,0x30,0x2c,
0x22,0x63,0x68,0x61,0x6e,0x6e,0x22,0x3a,0x31,0x31,0x2c,0x20,0x22,0x61,0x75,0x74,
0x68,0x5f,0x6d,0x6f,0x64,0x65,0x22,0x3a,0x20,0x35,0x2c,0x20,0x22,0x62,0x73,0x73,
0x69,0x64,0x22,0x3a,0x22,0x30,0x30,0x3a,0x36,0x62,0x3a,0x66,0x31,0x3a,0x63,0x30,
0x3a,0x39,0x34,0x3a,0x36,0x38,0x22,0x7d,0x2c,0x5c,0x0a,0x20,0x20,0x20,0x20,0x20,
0x20,0x20,0x20,0x7b,0x22,0x73,0x73,0x69,0x64,0x22,0x3a,0x22,0x43,0x4e,0x45,0x5f,
0x49,0x6e,0x74,0x65,0x72,0x6e,0x65,0x74,0x22,0x2c,0x22,0x72,0x73,0x73,0x69,0x22,
0x3a,0x2d,0x35,0x31,0x2c,0x22,0x63,0x68,0x61,0x6e,0x6e,0x22,0x3a,0x31,0x31,0x2c,
0x22,0x61,0x75,0x74,0x68,0x5f,0x6d,0x6f,0x64,0x65,0x22,0x3a,0x20,0x33,0x2c,0x20,
0x22,0x62,0x73,0x73,0x69,0x64,0x22,0x3a,0x22,0x30,0x30,0x3a,0x36,0x62,0x3a,0x66,
0x31,0x3a,0x63,0x30,0x3a,0x39,0x34,0x3a,0x36,0x62,0x22,0x7d,0x2c,0x5c,0x0a,0x20,
0x20,0x20,0x20,0x20,0x20,0x20,0x20,0x7b,0x22,0x73,0x73,0x69,0x64,0x22,0x3a,0x22,
0x43,0x31,0x34,0x30,0x31,0x37,0x37,0x35,0x30,0x20,0x37,0x32,0x36,0x31,0x22,0x2c,
0x22,0x72,0x73,0x73,0x69,0x22,0x3a,0x2d,0x33,0x39,0x2c,0x22,0x63,0x68,0x61,0x6e,
0x6e,0x22,0x3a,0x36,0x2c,0x20,0x22,0x61,0x75,0x74,0x68,0x5f,0x6d,0x6f,0x64,0x65,
0x22,0x3a,0x20,0x33,0x2c,0x20,0x22,0x62,0x73,0x73,0x69,0x64,0x22,0x3a,0x22,0x63,
0x36,0x3a,0x30,0x33,0x3a,0x61,0x38,0x3a,0x65,0x36,0x3a,0x64,0x36,0x3a,0x33,0x33,
0x22,0x7d,0x5d,0x27,0x3b,0x0a,0x20,0x20,0x20,0x20,0x20,0x20,0x20,0x20,0x20,0x20,
0x20,0x20,0x77,0x69,0x66,0x69,0x5f,0x6e,0x65,0x74,0x77,0x6f,0x72,0x6b,0x73,0x5f,
0x70,0x6f,0x70,0x75,0x6c,0x61,0x74,0x65,0x28,0x4a,0x53,0x4f,0x4e,0x2e,0x70,0x61,
0x72,0x73,0x65,0x28,0x6e,0x65,0x74,0x77,0x6f,0x72,0x6b,0x73,0x5f,0x73,0x74,0x72,
0x69,0x6e,0x67,0x29,0x29,0x3b,0x0a,0x0a,0x20,0x20,0x20,0x20,0x20,0x20,0x20,0x20,
0x20,0x20,0x20,0x20,0x6c,0x65,0x74,0x20,0x73,0x65,0x74,0x74,0x69,0x6e,0x67,0x73,
0x5f,0x73,0x74,0x72,0x69,0x6e,0x67,0x20,0x3d,0x20,0x27,0x5c,0x7b,0x22,0x6d,0x61,
0x63,0x5f,0x61,0x64,0x64,0x72,0x65,0x73,0x73,0x22,0x20,0x3a,0x20,0x22,0x39,0x39,
0x3a,0x39,0x39,0x3a,0x39,0x39,0x3a,0x39,0x39,0x3a,0x39,0x39,0x3a,0x39,0x39,0x22,
0x2c,0x5c,0x0a,0x20,0x20,0x20,0x20,0x20,0x20,0x20,0x20,0x20,0x20,0x20,0x20,0x20,
0x20,0x20,0x20,0x22,0x69,0x6e,0x69,0x74,0x69,0x61,0x6c,0x5f,0x63,0x6f,0x6e,0x66,
0x69,0x67,0x22,0x20,0x3a,0x20,0x74,0x72,0x75,0x65,0x2c,0x5c,0x0a,0x20,0x20,0x20,
0x20,0x20,0x20,0x20,0x20,0x20,0x20,0x20,0x20,0x20,0x20,0x20,0x20,0x22,0x77,0x69,
0x66,0x69,0x22,0x3a,0x7b,0x22,0x73,0x73,0x69,0x64,0x22,0x3a,0x22,0x43,0x4e,0x45,
0x5f,0x52,0x61,0x64,0x69,0x6f,0x70,0x72,0x6f,0x74,0x65,0x63,0x63,0x69,0x6f,0x6e,
0x22,0x2c,0x22,0x70,0x61,0x73,0x73,0x77,0x6f,0x72,0x64,0x22,0x3a,0x22,0x73,0x65,
0x63,0x72,0x65,0x74,0x22,0x2c,0x22,0x64,0x68,0x63,0x70,0x22,0x3a,0x66,0x61,0x6c,
0x73,0x65,0x2c,0x22,0x69,0x70,0x22,0x3a,0x32,0x34,0x38,0x38,0x31,0x33,0x34,0x34,
0x2c,0x22,0x6e,0x6d,0x22,0x3a,0x31,0x36,0x37,0x37,0x37,0x32,0x31,0x35,0x2c,0x22,
0x67,0x77,0x22,0x3a,0x31,0x36,0x37,0x37,0x37,0x32,0x31,0x35,0x7d,0x2c,0x20,0x5c,
0x0a,0x20,0x20,0x20,0x20,0x20,0x20,0x20,0x20,0x20,0x20,0x20,0x20,0x20,0x20,0x20,
0x20,0x22,0x6d,0x71,0x74,0x74,0x22,0x3a,0x7b,0x22,0x62,0x72,0x6f,0x6b,0x65,0x72,
0x5f,0x61,0x64,0x64,0x72,0x65,0x73,0x73,0x22,0x3a,0x22,0x62,0x72,0x6f,0x6b,0x65,
0x72,0x20,0x61,0x64,0x64,0x72,0x65,0x73,0x73,0x22,0x2c,0x22,0x70,0x6f,0x72,0x74,
0x22,0x3a,0x39,0x39,0x39,0x39,0x2c,0x22,0x75,0x73,0x65,0x72,0x6e,0x61,0x6d,0x65,
0x22,0x3a,0x22,0x22,0x2c,0x22,0x70,0x61,0x73,0x73,0x77,0x6f,0x72,0x64,0x22,0x3a,
0x22,0x62,0x72,0x6f,0x6b,0x65,0x72,0x5f,0x70,0x61,0x73,0x73,0x22,0x7d,0x2c,0x5c,
0x0a,0x20,0x20,0x20,0x20,0x20,0x20,0x20,0x20,0x20,0x20,0x20,0x20,0x20,0x20,0x20,
0x20,0x22,0x73,0x65,0x6e,0x73,0x6f,0x72,0x5f,0x73,0x65,0x74,0x74,0x69,0x6e,0x67,
0x73,0x22,0x3a,0x5c,0x0a,0x20,0x20,0x20,0x20,0x20,0x20,0x20,0x20,0x20,0x20,0x20,
0x20,0x20,0x20,0x20,0x20,0x5b,0x7b,0x22,0x62,0x61,0x75,0x64,0x72,0x61,0x74,0x65,
0x22,0x3a,0x39,0x36,0x30,0x30,0x2c,0x20,0x22,0x65,0x6e,0x61,0x62,0x6c,0x65,0x64,
0x22,0x3a,0x20,0x74,0x72,0x75,0x65,0x2c,0x20,0x22,0x70,0x75,0x62,0x6c,0x69,0x73,
0x68,0x5f,0x73,0x65,0x74,0x74,0x69,0x6e,0x67,0x73,0x22,0x3a,0x20,0x5c,0x0a,0x20,
0x20,0x20,0x20,0x20,0x20,0x20,0x20,0x20,0x20,0x20,0x20,0x20,0x20,0x20,0x20,0x5b,
0x7b,0x22,0x65,0x6e,0x61,0x62,0x6c,0x65,0x64,0x22,0x3a,0x74,0x72,0x75,0x65,0x2c,
0x22,0x6e,0x61,0x6d,0x65,0x22,0x3a,0x22,0x48,0x33,0x22,0x2c,0x22,0x73,0x74,0x61,
0x72,0x74,0x22,0x3a,0x33,0x2c,0x22,0x65,0x6e,0x64,0x22,0x3a,0x39,0x2c,0x22,0x69,
0x73,0x5f,0x6e,0x75,0x6d,0x22,0x3a,0x74,0x72,0x75,0x65,0x2c,0x22,0x73,0x63,0x61,
0x6c,0x65,0x22,0x3a,0x30,0x2e,0x31,0x30,0x2c,0x22,0x61,0x76,0x67,0x5f,0x63,0x6e,
0x74,0x22,0x3a,0x30,0x2c,0x22,0x74,0x6f,0x70,0x69,0x63,0x22,0x3a,0x22,0x31,0x32,
0x33,0x34,0x35,0x22,0x7d,0x2c,0x5c,0x0a,0x20,0x20,0x20,0x20,0x20,0x20,0x20,0x20,
0x20,0x20,0x20,0x20,0x20,0x20,0x20,0x20,0x7b,0x22,0x65,0x6e,0x61,0x62,0x6c,0x65,
0x64,0x22,0x3a,0x74,0x72,0x75,0x65,0x2c,0x22,0x6e,0x61,0x6d,0x65,0x22,0x3a,0x22,
0x48,0x33,0x41,0x56,0x47,0x22,0x2c,0x22,0x73,0x74,0x61,0x72,0x74,0x22,0x3a,0x33,
0x2c,0x22,0x65,0x6e,0x64,0x22,0x3a,0x39,0x2c,0x22,0x69,0x73,0x5f,0x6e,0x75,0x6d,
0x22,0x3a,0x74,0x72,0x75,0x65,0x2c,0x22,0x73,0x63,0x61,0x6c,0x65,0x22,0x3a,0x30,
0x2e,0x31,0x30,0x2c,0x22,0x61,0x76,0x67,0x5f,0x63,0x6e,0x74,0x22,0x3a,0x31,0x38,
0x30,0x2c,0x22,0x74,0x6f,0x70,0x69,0x63,0x22,0x3a,0x22,0x72,0x2f,0x31,0x32,0x33,
0x34,0x35,0x22,0x7d,0x2c,0x5c,0x0a,0x20,0x20,0x20,0x20,0x20,0x20,0x20,0x20,0x20,
0x20,0x20,0x20,0x20,0x20,0x20,0x20,0x7b,0x22,0x65,0x6e,0x61,0x62,0x6c,0x65,0x64,
0x22,0x3a,0x66,0x61,0x6c,0x73,0x65,0x2c,0x22,0x6e,0x61,0x6d,0x65,0x22,0x3a,0x22,
0x22,0x2c,0x22,0x73,0x74,0x61,0x72,0x74,0x22,0x3a,0x30,0x2c,0x22,0x65,0x6e,0x64,
0x22,0x3a,0x30,0x2c,0x22,0x69,0x73,0x5f,0x6e,0x75,0x6d,0x22,0x3a,0x66,0x61,0x6c,
0x73,0x65,0x2c,0x22,0x73,0x63,0x61,0x6c,0x65,0x22,0x3a,0x30,0x2c,0x22,0x61,0x76,
0x67,0x5f,0x63,0x6e,0x74,0x22,0x3a,0x30,0x2c,0x22,0x74,0x6f,0x70,0x69,0x63,0x22,
0x3a,0x22,0x22,0x7d,0x2c,0x5c,0x0a,0x20,0x20,0x20,0x20,0x20,0x20,0x20,0x20,0x20,
0x20,0x20,0x20,0x20,0x20,0x20,0x20,0x7b,0x22,0x65,0x6e,0x61,0x62,0x6c,0x65,0x64,
0x22,0x3a,0x66,0x61,0x6c,0x73,0x65,0x2c,0x22,0x6e,0x61,0x6d,0x65,0x22,0x3a,0x22,
0x22,0x2c,0x22,0x73,0x74,0x61,0x72,0x74,0x22,0x3a,0x30,0x2c,0x22,0x65,0x6e,0x64,
0x22,0x3a,0x30,0x2c,0x22,0x69,0x73,0x5f,0x6e,0x75,0x6d,0x22,0x3a,0x66,0x61,0x6c,
0x73,0x65,0x2c,0x22,0x73,0x63,0x61,0x6c,0x65,0x22,0x3a,0x30,0x2c,0x22,0x61,0x76,
0x67,0x5f,0x63,0x6e,0x74,0x22,0x3a,0x30,0x2c,0x22,0x74,0x6f,0x70,0x69,0x63,0x22,
0x3a,0x22,0x22,0x7d,0x2c,0x5c,0x0a,0x20,0x20,0x20,0x20,0x20,0x20,0x20,0x20,0x20,
0x20,0x20,0x20,0x20,0x20,0x20,0x20,0x7b,0x22,0x65,0x6e,0x61,0x62,0x6c,0x65,0x64,
0x22,0x3a,0x66,0x61,0x6c,0x73,0x65,0x2c,0x22,0x6e,0x61,0x6d,0x65,0x22,0x3a,0x22,
0x22,0x2c,0x22,0x73,0x74,0x61,0x72,0x74,0x22,0x3a,0x30,0x2c,0x22,0x65,0x6e,0x64,
0x22,0x3a,0x30,0x2c,0x22,0x69,0x73,0x5f,0x6e,0x75,0x6d,0x22,0x3a,0x66,0x61,0x6c,
0x73,0x65,0x2c,0x22,0x73,0x63,0x61,0x6c,0x65,0x22,0x3a,0x30,0x2c,0x22,0x61,0x76,
0x67,0x5f,0x63,0x6e,0x74,0x22,0x3a,0x30,0x2c,0x22,0x74,0x6f,0x70,0x69,0x63,0x22,
0x3a,0x22,0x22,0x7d,0x2c,0x5c,0x0a,0x20,0x20,0x20,0x20,0x20,0x20,0x20,0x20,0x20,
0x20,0x20,0x20,0x20,0x20,0x20,0x20,0x7b,0x22,0x65,0x6e,0x61,0x62,0x6c,0x65,0x64,
0x22,0x3a,0x66,0x61,0x6c,0x73,0x65,0x2c,0x22,0x6e,0x61,0x6d,0x65,0x22,0x3a,0x22,
0x22,0x2c,0x22,0x73,0x74,0x61,0x72,0x74,0x22,0x3a,0x30,0x2c,0x22,0x65,0x6e,0x64,
0x22,0x3a,0x30,0x2c,0x22,0x69,0x73,0x5f,0x6e,0x75,0x6d,0x22,0x3a,0x66,0x61,0x6c,
0x73,0x65,0x2c,0x22,0x73,0x63,0x61,0x6c,0x65,0x22,0x3a,0x30,0x2c,0x22,0x61,0x76,
0x67,0x5f,0x63,0x6e,0x74,0x22,0x3a,0x30,0x2c,0x22,0x74,0x6f,0x70,0x69,0x63,0x22,
0x3a,0x22,0x22,0x7d,0x2c,0x5c,0x0a,0x20,0x20,0x20,0x20,0x20,0x20,0x20,0x20,0x20,
0x20,0x20,0x20,0x20,0x20,0x20,0x20,0x7b,0x22,0x65,0x6e,0x61,0x62,0x6c,0x65,0x64,
0x22,0x3a,0x66,0x61,0x6c,0x73,0x65,0x2c,0x22,0x6e,0x61,0x6d,0x65,0x22,0x3a,0x22,
0x22,0x2c,0x22,0x73,0x74,0x61,0x72,0x74,0x22,0x3a,0x30,0x2c,0x22,0x65,0x6e,0x64,
0x22,0x3a,0x30,0x2c,0x22,0x69,0x73,0x5f,0x6e,0x75,0x6d,0x22,0x3a,0x66,0x61,0x6c,
0x73,0x65,0x2c,0x22,0x73,0x63,0x61,0x6c,0x65,0x22,0x3a,0x30,0x2c,0x22,0x61,0x76,
0x67,0x5f,0x63,0x6e,0x74,0x22,0x3a,0x30,0x2c,0x22,0x74,0x6f,0x70,0x69,0x63,0x22,
0x3a,0x22,0x22,0x7d,0x2c,0x5c,0x0a,0x20,0x20,0x20,0x20,0x20,0x20,0x20,0x20,0x20,
0x20,0x20,0x20,0x20,0x20,0x20,0x20,0x7b,0x22,0x65,0x6e,0x61,0x62,0x6c,0x65,0x64,
0x22,0x3a,0x66,0x61,0x6c,0x73,0x65,0x2c,0x22,0x6e,0x61,0x6d,0x65,0x22,0x3a,0x22,
0x22,0x2c,0x22,0x73,0x74,0x61,0x72,0x74,0x22,0x3a,0x30,0x2c,0x22,0x65,0x6e,0x64,
0x22,0x3a,0x30,0x2c,0x22,0x69,0x73,0x5f,0x6e,0x75,0x6d,0x22,0x3a,0x66,0x61,0x6c,
0x73,0x65,0x2c,0x22,0x73,0x63,0x61,0x6c,0x65,0x22,0x3a,0x30,0x2c,0x22,0x61,0x76,
0x67,0x5f,0x63,0x6e,0x74,0x22,0x3a,0x30,0x2c,0x22,0x74,0x6f,0x70,0x69,0x63,0x22,
0x3a,0x22,0x22,0x7d,0x2c,0x5c,0x0a,0x20,0x20,0x20,0x20,0x20,0x20,0x20,0x20,0x20,
0x20,0x20,0x20,0x20,0x20,0x20,0x20,0x7b,0x22,0x65,0x6e,0x61,0x62,0x6c,0x65,0x64,
0x22,0x3a,0x66,0x61,0x6c,0x73,0x65,0x2c,0x22,0x6e,0x61,0x6d,0x65,0x22,0x3a,0x22,
0x22,0x2c,0x22,0x73,0x74,0x61,0x72,0x74,0x22,0x3a,0x30,0x2c,0x22,0x65,0x6e,0x64,
0x22,0x3a,0x30,0x2c,0x22,0x69,0x73,0x5f,0x6e,0x75,0x6d,0x22,0x3a,0x66,0x61,0x6c,
0x73,0x65,0x2c,0x22,0x73,0x63,0x61,0x6c,0x65,0x22,0x3a,0x30,0x2c,0x22,0x61,0x76,
0x67,0x5f,0x63,0x6e,0x74,0x22,0x3a,0x30,0x2c,0x22,0x74,0x6f,0x70,0x69,0x63,0x22,
0x3a,0x22,0x22,0x7d,0x2c,0x5c,0x0a,0x20,0x20,0x20,0x20,0x20,0x20,0x20,0x20,0x20,
0x20,0x20,0x20,0x20,0x20,0x20,0x20,0x7b,0x22,0x65,0x6e,0x61,0x62,0x6c,0x65,0x64,
0x22,0x3a,0x66,0x61,0x6c,0x73,0x65,0x2c,0x22,0x6e,0x61,0x6d,0x65,0x22,0x3a,0x22,
0x22,0x2c,0x22,0x73,0x74,0x61,0x72,0x74,0x22,0x3a,0x30,0x2c,0x22,0x65,0x6e,0x64,
0x22,0x3a,0x30,0x2c,0x22,0x69,0x73,0x5f,0x6e,0x75,0x6d,0x22,0x3a,0x66,0x61,0x6c,
0x73,0x65,0x2c,0x22,0x73,0x63,0x61,0x6c,0x65,0x22,0x3a,0x30,0x2c,0x22,0x61,0x76,
0x67,0x5f,0x63,0x6e,0x74,0x22,0x3a,0x30,0x2c,0x22,0x74,0x6f,0x70,0x69,0x63,0x22,
0x3a,0x22,0x22,0x7d,0x5d,0x7d,0x2c,0x5c,0x0a,0x20,0x20,0x20,0x20,0x20,0x20,0x20,
0x20,0x20,0x20,0x20,0x20,0x20,0x20,0x20,0x20,0x7b,0x22,0x62,0x61,0x75,0x64,0x72,
0x61,0x74,0x65,0x22,0x3a,0x30,0x2c,0x20,0x22,0x65,0x6e,0x61,0x62,0x6c,0x65,0x64,
0x22,0x3a,0x20,0x66,0x61,0x6c,0x73,0x65,0x2c,0x22,0x70,0x75,0x62,0x6c,0x69,0x73,
0x68,0x5f,0x73,0x65,0x74,0x74,0x69,0x6e,0x67,0x73,0x22,0x3a,0x5c,0x0a,0x20,0x20,
0x20,0x20,0x20,0x20,0x20,0x20,0x20,0x20,0x20,0x20,0x20,0x20,0x20,0x20,0x5b,0x7b,
0x22,0x65,0x6e,0x61,0x62,0x6c,0x65,0x64,0x22,0x3a,0x66,0x61,0x6c,0x73,0x65,0x2c,
0x22,0x6e,0x61,0x6d,0x65,0x22,0x3a,0x22,0x22,0x2c,0x22,0x73,0x74,0x61,0x72,0x74,
0x22,0x3a,0x30,0x2c,0x22,0x65,0x6e,0x64,0x22,0x3a,0x30,0x2c,0x22,0x69,0x73,0x5f,
0x6e,0x75,0x6d,0x22,0x3a,0x66,0x61,0x6c,0x73,0x65,0x2c,0x22,0x73,0x63,0x61,0x6c,
0x65,0x22,0x3a,0x30,0x2c,0x22,0x61,0x76,0x67,0x5f,0x63,0x6e,0x74,0x22,0x3a,0x30,
0x2c,0x22,0x74,0x6f,0x70,0x69,0x63,0x22,0x3a,0x22,0x22,0x7d,0x2c,0x5c,0x0a,0x20,
0x20,0x20,0x20,0x20,0x20,0x20,0x20,0x20,0x20,0x20,0x20,0x20,0x20,0x20,0x20,0x7b,
0x22,0x65,0x6e,0x61,0x62,0x6c,0x65,0x64,0x22,0x3a,0x66,0x61,0x6c,0x73,0x65,0x2c,
0x22,0x6e,0x61,0x6d,0x65,0x22,0x3a,0x22,0x22,0x2c,0x22,0x73,0x74,0x61,0x72,0x74,
0x22,0x3a,0x30,0x2c,0x22,0x65,0x6e,0x64,0x22,0x3a,0x30,0x2c,0x22,0x69,0x73,0x5f,
0x6e,0x75,0x6d,0x22,0x3a,0x66,0x61,0x6c,0x73,0x65,0x2c,0x22,0x73,0x63,0x61,0x6c,
0x65,0x22,0x3a,0x30,0x2c,0x22,0x61,0x76,0x67,0x5f,0x63,0x6e,0x74,0x22,0x3a,0x30,
0x2c,0x22,0x74,0x6f,0x70,0x69,0x63,0x22,0x3a,0x22,0x22,0x7d,0x2c,0x5c,0x0a,0x20,
0x20,0x20,0x20,0x20,0x20,0x20,0x20,0x20,0x20,0x20,0x20,0x20,0x20,0x20,0x20,0x7b,
0x22,0x65,0x6e,0x61,0x62,0x6c,0x65,0x64,0x22,0x3a,0x66,0x61,0x6c,0x73,0x65,0x2c,
0x22,0x6e,0x61,0x6d,0x65,0x22,0x3a,0x22,0x22,0x2c,0x22,0x73,0x74,0x61,0x72,0x74,
0x22,0x3a,0x30,0x2c,0x22,0x65,0x6e,0x64,0x22,0x3a,0x30,0x2c,0x22,0x69,0x73,0x5f,
0x6e,0x75,0x6d,0x22,0x3a,0x66,0x61,0x6c,0x73,0x65,0x2c,0x22,0x73,0x63,0x61,0x6c,
0x65,0x22,0x3a,0x30,0x2c,0x22,0x61,0x76,0x67,0x5f,0x63,0x6e,0x74,0x22,0x3a,0x30,
0x2c,0x22,0x74,0x6f,0x70,0x69,0x63,0x22,0x3a,0x22,0x22,0x7d,0x2c,0x5c,0x0a,0x20,
0x20,0x20,0x20,0x20,0x20,0x20,0x20,0x20,0x20,0x20,0x20,0x20,0x20,0x20,0x20,0x7b,
0x22,0x65,0x6e,0x61,0x62,0x6c,0x65,0x64,0x22,0x3a,0x66,0x61,0x6c,0x73,0x65,0x2c,
0x22,0x6e,0x61,0x6d,0x65,0x22,0x3a,0x22,0x22,0x2c,0x22,0x73,0x74,0x61,0x72,0x74,
0x22,0x3a,0x30,0x2c,0x22,0x65,0x6e,0x64,0x22,0x3a,0x30,0x2c,0x22,0x69,0x73,0x5f,
0x6e,0x75,0x6d,0x22,0x3a,0x66,0x61,0x6c,0x73,0x65,0x2c,0x22,0x73,0x63,0x61,0x6c,
0x65,0x22,0x3a,0x30,0x2c,0x22,0x61,0x76,0x67,0x5f,0x63,0x6e,0x74,0x22,0x3a,0x30,
0x2c,0x22,0x74,0x6f,0x70,0x69,0x63,0x22,0x3a,0x22,0x22,0x7d,0x2c,0x5c,0x0a,0x20,
0x20,0x20,0x20,0x20,0x20,0x20,0x20,0x20,0x20,0x20,0x20,0x20,0x20,0x20,0x20,0x7b,
0x22,0x65,0x6e,0x61,0x62,0x6c,0x65,0x64,0x22,0x3a,0x66,0x61,0x6c,0x73,0x65,0x2c,
0x22,0x6e,0x61,0x6d,0x65,0x22,0x3a,0x22,0x22,0x2c,0x22,0x73,0x74,0x61,0x72,0x74,
0x22,0x3a,0x30,0x2c,0x22,0x65,0x6e,0x64,0x22,0x3a,0x30,0x2c,0x22,0x69,0x73,0x5f,
0x6e,0x75,0x6d,0x22,0x3a,0x66,0x61,0x6c,0x73,0x65,0x2c,0x22,0x73,0x63,0x61,0x6c,
0x65,0x22,0x3a,0x30,0x2c,0x22,0x61,0x76,0x67,0x5f,0x63,0x6e,0x74,0x22,0x3a,0x30,
0x2c,0x22,0x74,0x6f,0x70,0x69,0x63,0x22,0x3a,0x22,0x22,0x7d,0x2c,0x5c,0x0a,0x20,
0x20,0x20,0x20,0x20,0x20,0x20,0x20,0x20,0x20,0x20,0x20,0x20,0x20,0x20,0x20,0x7b,
0x22,0x65,0x6e,0x61,0x62,0x6c,0x65,0x64,0x22,0x3a,0x66,0x61,0x6c,0x73,0x65,0x2c,
0x22,0x6e,0x61,0x6d,0x65,0x22,0x3a,0x22,0x22,0x2c,0x22,0x73,0x74,0x61,0x72,0x74,
0x22,0x3a,0x30,0x2c,0x22,0x65,0x6e,0x64,0x22,0x3a,0x30,0x2c,0x22,0x69,0x73,0x5f,
0x6e,0x75,0x6d,0x22,0x3a,0x66,0x61,0x6c,0x73,0x65,0x2c,0x22,0x73,0x63,0x61,0x6c,
0x65,0x22,0x3a,0x30,0x2c,0x22,0x61,0x76,0x67,0x5f,0x63,0x6e,0x74,0x22,0x3a,0x30,
0x2c,0x22,0x74,0x6f,0x70,0x69,0x63,0x22,0x3a,0x22,0x22,0x7d,0x2c,0x5c,0x0a,0x20,
0x20,0x20,0x20,0x20,0x20,0x20,0x20,0x20,0x20,0x20,0x20,0x20,0x20,0x20,0x20,0x7b,
0x22,0x65,0x6e,0x61,0x62,0x6c,0x65,0x64,0x22,0x3a,0x66,0x61,0x6c,0x73,0x65,0x2c,
0x22,0x6e,0x61,0x6d,0x65,0x22,0x3a,0x22,0x22,0x2c,0x22,0x73,0x74,0x61,0x72,0x74,
0x22,0x3a,0x30,0x2c,0x22,0x65,0x6e,0x64,0x22,0x3a,0x30,0x2c,0x22,0x69,0x73,0x5f,
0x6e,0x75,0x6d,0x22,0x3a,0x66,0x61,0x6c,0x73,0x65,0x2c,0x22,0x73,0x63,0x61,0x6c,
0x65,0x22,0x3a,0x30,0x2c,0x22,0x61,0x76,0x67,0x5f,0x63,0x6e,0x74,0x22,0x3a,0x30,
0x2c,0x22,0x74,0x6f,0x70,0x69,0x63,0x22,0x3a,0x22,0x22,0x7d,0x2c,0x5c,0x0a,0x20,
0x20,0x20,0x20,0x20,0x20,0x20,0x20,0x20,0x20,0x20,0x20,0x20,0x20,0x20,0x20,0x7b,
0x22,0x65,0x6e,0x61,0x62,0x6c,0x65,0x64,0x22,0x3a,0x66,0x61,0x6c,0x73,0x65,0x2c,
0x22,0x6e,0x61,0x6d,0x65,0x22,0x3a,0x22,0x22,0x2c,0x22,0x73,0x74,0x61,0x72,0x74,
0x22,0x3a,0x30,0x2c,0x22,0x65,0x6e,0x64,0x22,0x3a,0x30,0x2c,0x22,0x69,0x73,0x5f,
0x6e,0x75,0x6d,0x22,0x3a,0x66,0x61,0x6c,0x73,0x65,0x2c,0x22,0x73,0x63,0x61,0x6c,
0x65,0x22,0x3a,0x30,0x2c,0x22,0x61,0x76,0x67,0x5f,0x63,0x6e,0x74,0x22,0x3a,0x30,
0x2c,0x22,0x74,0x6f,0x70,0x69,0x63,0x22,0x3a,0x22,0x22,0x7d,0x2c,0x5c,0x0a,0x20,
0x20,0x20,0x20,0x20,0x20,0x20,0x20,0x20,0x20,0x20,0x20,0x20,0x20,0x20,0x20,0x7b,
0x22,0x65,0x6e,0x61,0x62,0x6c,0x65,0x64,0x22,0x3a,0x66,0x61,0x6c,0x73,0x65,0x2c,
0x22,0x6e,0x61,0x6d,0x65,0x22,0x3a,0x22,0x22,0x2c,0x22,0x73,0x74,0x61,0x72,0x74,
0x22,0x3a,0x30,0x2c,0x22,0x65,0x6e,0x64,0x22,0x3a,0x30,0x2c,0x22,0x69,0x73,0x5f,
0x6e,0x75,0x6d,0x22,0x3a,0x66,0x61,0x6c,0x73,0x65,0x2c,0x22,0x73,0x63,0x61,0x6c,
0x65,0x22,0x3a,0x30,0x2c,0x22,0x61,0x76,0x67,0x5f,0x63,0x6e,0x74,0x22,0x3a,0x30,
0x2c,0x22,0x74,0x6f,0x70,0x69,0x63,0x22,0x3a,0x22,0x22,0x7d,0x2c,0x5c,0x0a,0x20,
0x20,0x20,0x20,0x20,0x20,0x20,0x20,0x20,0x20,0x20,0x20,0x20,0x20,0x20,0x20,0x7b,
0x22,0x65,0x6e,0x61,0x62,0x6c,0x65,0x64,0x22,0x3a,0x66,0x61,0x6c,0x73,0x65,0x2c,
0x22,0x6e,0x61,0x6d,0x65,0x22,0x3a,0x22,0x22,0x2c,0x22,0x73,0x74,0x61,0x72,0x74,
0x22,0x3a,0x30,0x2c,0x22,0x65,0x6e,0x64,0x22,0x3a,0x30,0x2c,0x22,0x69,0x73,0x5f,
0x6e,0x75,0x6d,0x22,0x3a,0x66,0x61,0x6c,0x73,0x65,0x2c,0x22,0x73,0x63,0x61,0x6c,
0x65,0x22,0x3a,0x30,0x2c,0x22,0x61,0x76,0x67,0x5f,0x63,0x6e,0x74,0x22,0x3a,0x30,
0x2c,0x22,0x74,0x6f,0x70,0x69,0x63,0x22,0x3a,0x22,0x22,0x7d,0x5d,0x7d,0x2c,0x5c,
0x0a,0x20,0x20,0x20,0x20,0x20,0x20,0x20,0x20,0x20,0x20,0x20,0x20,0x20,0x20,0x20,
0x20,0x7b,0x22,0x62,0x61,0x75,0x64,0x72,0x61,0x74,0x65,0x22,0x3a,0x30,0x2c,0x20,
0x22,0x65,0x6e,0x61,0x62,0x6c,0x65,0x64,0x22,0x3a,0x20,0x66,0x61,0x6c,0x73,0x65,
0x2c,0x20,0x22,0x70,0x75,0x62,0x6c,0x69,0x73,0x68,0x5f,0x73,0x65,0x74,0x74,0x69,
0x6e,0x67,0x73,0x22,0x3a,0x5c,0x0a,0x20,0x20,0x20,0x20,0x20,0x20,0x20,0x20,0x20,
0x20,0x20,0x20,0x20,0x20,0x20,0x20,0x5b,0x7b,0x22,0x65,0x6e,0x61,0x62,0x6c,0x65,
0x64,0x22,0x3a,0x66,0x61,0x6c,0x73,0x65,0x2c,0x22,0x6e,0x61,0x6d,0x65,0x22,0x3a,
0x22,0x22,0x2c,0x22,0x73,0x74,0x61,0x72,0x74,0x22,0x3a,0x30,0x2c,0x22,0x65,0x6e,
0x64,0x22,0x3a,0x30,0x2c,0x22,0x69,0x73,0x5f,0x6e,0x75,0x6d,0x22,0x3a,0x66,0x61,
0x6c,0x73,0x65,0x2c,0x22,0x73,0x63,0x61,0x6c,0x65,0x22,0x3a,0x30,0x2c,0x22,0x61,
0x76,0x67,0x5f,0x63,0x6e,0x74,0x22,0x3a,0x30,0x2c,0x22,0x74,0x6f,0x70,0x69,0x63,
0x22,0x3a,0x22,0x22,0x7d,0x2c,0x5c,0x0a,0x20,0x20,0x20,0x20,0x20,0x20,0x20,0x20,
0x20,0x20,0x20,0x20,0x20,0x20,0x20,0x20,0x7b,0x22,0x65,0x6e,0x61,0x62,0x6c,0x65,
0x64,0x22,0x3a,0x66,0x61,0x6c,0x73,0x65,0x2c,0x22,0x6e,0x61,0x6d,0x65,0x22,0x3a,
0x22,0x22,0x2c,0x22,0x73,0x74,0x61,0x72,0x74,0x22,0x3a,0x30,0x2c,0x22,0x65,0x6e,
0x64,0x22,0x3a,0x30,0x2c,0x22,0x69,0x73,0x5f,0x6e,0x75,0x6d,0x22,0x3a,0x66,0x61,
0x6c,0x73,0x65,0x2c,0x22,0x73,0x63,0x61,0x6c,0x65,0x22,0x3a,0x30,0x2c,0x22,0x61,
0x76,0x67,0x5f,0x63,0x6e,0x74,0x22,0x3a,0x30,0x2c,0x22,0x74,0x6f,0x70,0x69,0x63,
0x22,0x3a,0x22,0x22,0x7d,0x2c,0x5c,0x0a,0x20,0x20,0x20,0x20,0x20,0x20,0x20,0x20,
0x20,0x20,0x20,0x20,0x20,0x20,0x20,0x20,0x7b,0x22,0x65,0x6e,0x61,0x62,0x6c,0x65,
0x64,0x22,0x3a,0x66,0x61,0x6c,0x73,0x65,0x2c,0x22,0x6e,0x61,0x6d,0x65,0x22,0x3a,
0x22,0x22,0x2c,0x22,0x73,0x74,0x61,0x72,0x74,0x22,0x3a,0x30,0x2c,0x22,0x65,0x6e,
0x64,0x22,0x3a,0x30,0x2c,0x22,0x69,0x73,0x5f,0x6e,0x75,0x6d,0x22,0x3a,0x66,0x61,
0x6c,0x73,0x65,0x2c,0x22,0x73,0x63,0x61,0x6c,0x65,0x22,0x3a,0x30,0x2c,0x22,0x61,
0x76,0x67,0x5f,0x63,0x6e,0x74,0x22,0x3a,0x30,0x2c,0x22,0x74,0x6f,0x70,0x69,0x63,
0x22,0x3a,0x22,0x22,0x7d,0x2c,0x5c,0x0a,0x20,0x20,0x20,0x20,0x20,0x20,0x20,0x20,
0x20,0x20,0x20,0x20,0x20,0x20,0x20,0x20,0x7b,0x22,0x65,0x6e,0x61,0x62,0x6c,0x65,
0x64,0x22,0x3a,0x66,0x61,0x6c,0x73,0x65,0x2c,0x22,0x6e,0x61,0x6d,0x65,0x22,0x3a,
0x22,0x22,0x2c,0x22,0x73,0x74,0x61,0x72,0x74,0x22,0x3a,0x30,0x2c,0x22,0x65,0x6e,
0x64,0x22,0x3a,0x30,0x2c,0x22,0x69,0x73,0x5f,0x6e,0x75,0x6d,0x22,0x3a,0x66,0x61,
0x6c,0x73,0x65,0x2c,0x22,0x73,0x63,0x61,0x6c,0x65,0x22,0x3a,0x30,0x2c,0x22,0x61,
0x76,0x67,0x5f,0x63,0x6e,0x74,0x22,0x3a,0x30,0x2c,0x22,0x74,0x6f,0x70,0x69,0x63,
0x22,0x3a,0x22,0x22,0x7d,0x2c,0x5c,0x0a,0x20,0x20,0x20,0x20,0x20,0x20,0x20,0x20,
0x20,0x20,0x20,0x20,0x20,0x20,0x20,0x20,0x7b,0x22,0x65,0x6e,0x61,0x62,0x6c,0x65,
0x64,0x22,0x3a,0x66,0x61,0x6c,0x73,0x65,0x2c,0x22,0x6e,0x61,0x6d,0x65,0x22,0x3a,
0x22,0x22,0x2c,0x22,0x73,0x74,0x61,0x72,0x74,0x22,0x3a,0x30,0x2c,0x22,0x65,0x6e,
0x64,0x22,0x3a,0x30,0x2c,0x22,0x69,0x73,0x5f,0x6e,0x75,0x6d,0x22,0x3a,0x66,0x61,
0x6c,0x73,0x65,0x2c,0x22,0x73,0x63,0x61,0x6c,0x65,0x22,0x3a,0x30,0x2c,0x22,0x61,
0x76,0x67,0x5f,0x63,0x6e,0x74,0x22,0x3a,0x30,0x2c,0x22,0x74,0x6f,0x70,0x69,0x63,
0x22,0x3a,0x22,0x22,0x7d,0x2c,0x5c,0x0a,0x20,0x20,0x20,0x20,0x20,0x20,0x20,0x20,
0x20,0x20,0x20,0x20,0x20,0x20,0x20,0x20,0x7b,0x22,0x65,0x6e,0x61,0x62,0x6c,0x65,
0x64,0x22,0x3a,0x66,0x61,0x6c,0x73,0x65,0x2c,0x22,0x6e,0x61,0x6d,0x65,0x22,0x3a,
0x22,0x22,0x2c,0x22,0x73,0x74,0x61,0x72,0x74,0x22,0x3a,0x30,0x2c,0x22,0x65,0x6e,
0x64,0x22,0x3a,0x30,0x2c,0x22,0x69,0x73,0x5f,0x6e,0x75,0x6d,0x22,0x3a,0x66,0x61,
0x6c,0x73,0x65,0x2c,0x22,0x73,0x63,0x61,0x6c,0x65,0x22,0x3a,0x30,0x2c,0x22,0x61,
0x76,0x67,0x5f,0x63,0x6e,0x74,0x22,0x3a,0x30,0x2c,0x22,0x74,0x6f,0x70,0x69,0x63,
0x22,0x3a,0x22,0x22,0x7d,0x2c,0x5c,0x0a,0x20,0x20,0x20,0x20,0x20,0x20,0x20,0x20,
0x20,0x20,0x20,0x20,0x20,0x20,0x20,0x20,0x7b,0x22,0x65,0x6e,0x61,0x62,0x6c,0x65,
0x64,0x22,0x3a,0x66,0x61,0x6c,0x73,0x65,0x2c,0x22,0x6e,0x61,0x6d,0x65,0x22,0x3a,
0x22,0x22,0x2c,0x22,0x73,0x74,0x61,0x72,0x74,0x22,0x3a,0x30,0x2c,0x22,0x65,0x6e,
0x64,0x22,0x3a,0x30,0x2c,0x22,0x69,0x73,0x5f,0x6e,0x75,0x6d,0x22,0x3a,0x66,0x61,
0x6c,0x73,0x65,0x2c,0x22,0x73,0x63,0x61,0x6c,0x65,0x22,0x3a,0x30,0x2c,0x22,0x61,
0x76,0x67,0x5f,0x63,0x6e,0x74,0x22,0x3a,0x30,0x2c,0x22,0x74,0x6f,0x70,0x69,0x63,
0x22,0x3a,0x22,0x22,0x7d,0x2c,0x5c,0x0a,0x20,0x20,0x20,0x20,0x20,0x20,0x20,0x20,
0x20,0x20,0x20,0x20,0x20,0x20,0x20,0x20,0x7b,0x22,0x65,0x6e,0x61,0x62,0x6c,0x65,
0x64,0x22,0x3a,0x66,0x61,0x6c,0x73,0x65,0x2c,0x22,0x6e,0x61,0x6d,0x65,0x22,0x3a,
0x22,0x22,0x2c,0x22,0x73,0x74,0x61,0x72,0x74,0x22,0x3a,0x30,0x2c,0x22,0x65,0x6e,
0x64,0x22,0x3a,0x30,0x2c,0x22,0x69,0x73,0x5f,0x6e,0x75,0x6d,0x22,0x3a,0x66,0x61,
0x6c,0x73,0x65,0x2c,0x22,0x73,0x63,0x61,0x6c,0x65,0x22,0x3a,0x30,0x2c,0x22,0x61,
0x76,0x67,0x5f,0x63,0x6e,0x74,0x22,0x3a,0x30,0x2c,0x22,0x74,0x6f,0x70,0x69,0x63,
0x22,0x3a,0x22,0x22,0x7d,0x2c,0x5c,0x0a,0x20,0x20,0x20,0x20,0x20,0x20,0x20,0x20,
0x20,0x20,0x20,0x20,0x20,0x20,0x20,0x20,0x7b,0x22,0x65,0x6e,0x61,0x62,0x6c,0x65,
0x64,0x22,0x3a,0x66,0x61,0x6c,0x73,0x65,0x2c,0x22,0x6e,0x61,0x6d,0x65,0x22,0x3a,
0x22,0x22,0x2c,0x22,0x73,0x74,0x61,0x72,0x74,0x22,0x3a,0x30,0x2c,0x22,0x65,0x6e,
0x64,0x22,0x3a,0x30,0x2c,0x22,0x69,0x73,0x5f,0x6e,0x75,0x6d,0x22,0x3a,0x66,0x61,
0x6c,0x73,0x65,0x2c,0x22,0x73,0x63,0x61,0x6c,0x65,0x22,0x3a,0x30,0x2c,0x22,0x61,
0x76,0x67,0x5f,0x63,0x6e,0x74,0x22,0x3a,0x30,0x2c,0x22,0x74,0x6f,0x70,0x69,0x63,
0x22,0x3a,0x22,0x22,0x7d,0x2c,0x5c,0x0a,0x20,0x20,0x20,0x20,0x20,0x20,0x20,0x20,
0x20,0x20,0x20,0x20,0x20,0x20,0x20,0x20,0x7b,0x22,0x65,0x6e,0x61,0x62,0x6c,0x65,
0x64,0x22,0x3a,0x66,0x61,0x6c,0x73,0x65,0x2c,0x22,0x6e,0x61,0x6d,0x65,0x22,0x3a,
0x22,0x22,0x2c,0x22,0x73,0x74,0x61,0x72,0x74,0x22,0x3a,0x30,0x2c,0x22,0x65,0x6e,
0x64,0x22,0x3a,0x30,0x2c,0x22,0x69,0x73,0x5f,0x6e,0x75,0x6d,0x22,0x3a,0x66,0x61,
0x6c,0x73,0x65,0x2c,0x22,0x73,0x63,0x61,0x6c,0x65,0x22,0x3a,0x30,0x2c,0x22,0x61,
0x76,0x67,0x5f,0x63,0x6e,0x74,0x22,0x3a,0x30,0x2c,0x22,0x74,0x6f,0x70,0x69,0x63,
0x22,0x3a,0x22,0x22,0x7d,0x5d,0x7d,0x5d,0x5c,0x0a,0x20,0x20,0x20,0x20,0x20,0x20,
0x20,0x20,0x20,0x20,0x20,0x20,0x7d,0x27,0x3b,0x0a,0x20,0x20,0x20,0x20,0x20,0x20,
0x20,0x20,0x20,0x20,0x20,0x20,0x73,0x65,0x74,0x74,0x69,0x6e,0x67,0x73,0x5f,0x70,
0x6f,0x70,0x75,0x6c,0x61,0x74,0x65,0x28,0x4a,0x53,0x4f,0x4e,0x2e,0x70,0x61,0x72,
0x73,0x65,0x28,0x73,0x65,0x74,0x74,0x69,0x6e,0x67,0x73,0x5f,0x73,0x74,0x72,0x69,
0x6e,0x67,0x29,0x29,0x3b,0x0a,0x20,0x20,0x20,0x20,0x20,0x20,0x20,0x20,0x7d,0x0a,
0x0a,0x20,0x20,0x20,0x20,0x7d,0x29,0x3b,0x0a,0x0a,0x20,0x20,0x20,0x20,0x73,0x65,
0x6e,0x73,0x6f,0x72,0x73,0x5f,0x74,0x65,0x6d,0x70,0x6c,0x61,0x74,0x65,0x73,0x20,
0x3d,0x20,0x7b,0x0a,0x20,0x20,0x20,0x20,0x20,0x20,0x20,0x20,0x22,0x45,0x6d,0x70,
0x74,0x79,0x22,0x3a,0x20,0x27,0x5b,0x7b,0x22,0x65,0x6e,0x61,0x62,0x6c,0x65,0x64,
0x22,0x3a,0x66,0x61,0x6c,0x73,0x65,0x2c,0x20,0x22,0x62,0x61,0x75,0x64,0x72,0x61,
0x74,0x65,0x22,0x3a,0x30,0x7d,0x2c,0x20,0x7b,0x22,0x65,0x6e,0x61,0x62,0x6c,0x65,
0x64,0x22,0x3a,0x66,0x61,0x6c,0x73,0x65,0x2c,0x20,0x22,0x62,0x61,0x75,0x64,0x72,
0x61,0x74,0x65,0x22,0x3a,0x30,0x7d,0x2c,0x20,0x7b,0x22,0x65,0x6e,0x61,0x62,0x6c,
0x65,0x64,0x22,0x3a,0x66,0x61,0x6c,0x73,0x65,0x2c,0x20,0x22,0x62,0x61,0x75,0x64,
0x72,0x61,0x74,0x65,0x22,0x3a,0x30,0x7d,0x5d,0x27,0x2c,0x0a,0x0a,0x20,0x20,0x20,
0x20,0x20,0x20,0x20,0x20,0x22,0x66,0x65,0x6d,0x74,0x6f,0x2d,0x54,0x45,0x43,0x48,
0x20,0x54,0x48,0x46,0x53,0x2d,0x34,0x30,0x30,0x22,0x3a,0x20,0x27,0x5c,0x5b,0x7b,
0x22,0x62,0x61,0x75,0x64,0x72,0x61,0x74,0x65,0x22,0x3a,0x39,0x36,0x30,0x30,0x2c,
0x22,0x65,0x6e,0x61,0x62,0x6c,0x65,0x64,0x22,0x3a,0x74,0x72,0x75,0x65,0x2c,0x22,
0x70,0x75,0x62,0x6c,0x69,0x73,0x68,0x5f,0x73,0x65,0x74,0x74,0x69,0x6e,0x67,0x73,
0x22,0x3a,0x5c,0x0a,0x20,0x20,0x20,0x20,0x20,0x20,0x20,0x20,0x20,0x20,0x20,0x20,
0x20,0x20,0x20,0x20,0x20,0x20,0x20,0x20,0x20,0x20,0x20,0x20,0x20,0x5b,0x7b,0x22,
0x65,0x6e,0x61,0x62,0x6c,0x65,0x64,0x22,0x3a,0x74,0x72,0x75,0x65,0x2c,0x22,0x6e,
0x61,0x6d,0x65,0x22,0x3a,0x22,0x48,0x33,0x22,0x2c,0x22,0x73,0x74,0x61,0x72,0x74,
0x22,0x3a,0x33,0x2c,0x22,0x65,0x6e,0x64,0x22,0x3a,0x39,0x2c,0x22,0x69,0x73,0x5f,
0x6e,0x75,0x6d,0x22,0x3a,0x74,0x72,0x75,0x65,0x2c,0x22,0x73,0x63,0x61,0x6c,0x65,
0x22,0x3a,0x30,0x2e,0x31,0x30,0x2c,0x22,0x61,0x76,0x67,0x5f,0x63,0x6e,0x74,0x22,
0x3a,0x30,0x2c,0x22,0x74,0x6f,0x70,0x69,0x63,0x22,0x3a,0x22,0x31,0x32,0x33,0x22,
0x7d,0x2c,0x5c,0x0a,0x20,0x20,0x20,0x20,0x20,0x20,0x20,0x20,0x20,0x20,0x20,0x20,
0x20,0x20,0x20,0x20,0x20,0x20,0x20,0x20,0x20,0x20,0x20,0x20,0x20,0x20,0x7b,0x22,
0x65,0x6e,0x61,0x62,0x6c,0x65,0x64,0x22,0x3a,0x74,0x72,0x75,0x65,0x2c,0x22,0x6e,
0x61,0x6d,0x65,0x22,0x3a,0x22,0x48,0x33,0x41,0x56,0x47,0x22,0x2c,0x22,0x73,0x74,
0x61,0x72,0x74,0x22,0x3a,0x33,0x2c,0x22,0x65,0x6e,0x64,0x22,0x3a,0x39,0x2c,0x22,
0x69,0x73,0x5f,0x6e,0x75,0x6d,0x22,0x3a,0x74,0x72,0x75,0x65,0x2c,0x22,0x73,0x63,
0x61,0x6c,0x65,0x22,0x3a,0x30,0x2e,0x31,0x30,0x2c,0x22,0x61,0x76,0x67,0x5f,0x63,
0x6e,0x74,0x22,0x3a,0x31,0x38,0x30,0x2c,0x22,0x74,0x6f,0x70,0x69,0x63,0x22,0x3a,
0x22,0x72,0x2f,0x31,0x32,0x33,0x22,0x7d,0x5c,0x0a,0x20,0x20,0x20,0x20,0x20,0x20,
0x20,0x20,0x20,0x20,0x20,0x20,0x20,0x20,0x20,0x20,0x20,0x20,0x20,0x20,0x20,0x20,
0x20,0x20,0x20,0x5d,0x5c,0x0a,0x20,0x20,0x20,0x20,0x20,0x20,0x20,0x20,0x20,0x20,
0x20,0x20,0x20,0x20,0x20,0x20,0x20,0x20,0x20,0x20,0x20,0x20,0x20,0x20,0x20,0x7d,
0x5c,0x0a,0x20,0x20,0x20,0x20,0x20,0x20,0x20,0x20,0x20,0x20,0x20,0x20,0x20,0x20,
0x20,0x20,0x20,0x20,0x20,0x20,0x20,0x5d,0x27,0x2c,0x0a,0x0a,0x20,0x20,0x20,0x20,
0x20,0x20,0x20,0x20,0x22,0x47,0x52,0x41,0x45,0x54,0x5a,0x20,0x57,0x53,0x30,0x35,
0x43,0x2d,0x33,0x22,0x3a,0x20,0x27,0x5c,0x5b,0x7b,0x22,0x62,0x61,0x75,0x64,0x72,
0x61,0x74,0x65,0x22,0x3a,0x39,0x36,0x30,0x30,0x2c,0x22,0x65,0x6e,0x61,0x62,0x6c,
0x65,0x64,0x22,0x3a,0x74,0x72,0x75,0x65,0x2c,0x22,0x70,0x75,0x62,0x6c,0x69,0x73,
0x68,0x5f,0x73,0x65,0x74,0x74,0x69,0x6e,0x67,0x73,0x22,0x3a,0x5c,0x0a,0x20,0x20,
0x20,0x20,0x20,0x20,0x20,0x20,0x20,0x20,0x20,0x20,0x20,0x20,0x20,0x20,0x20,0x20,
0x20,0x20,0x20,0x20,0x20,0x20,0x20,0x5b,0x7b,0x22,0x65,0x6e,0x61,0x62,0x6c,0x65,
0x64,0x22,0x3a,0x74,0x72,0x75,0x65,0x2c,0x22,0x6e,0x61,0x6d,0x65,0x22,0x3a,0x22,
0x47,0x41,0x4d,0x4d,0x41,0x22,0x2c,0x22,0x73,0x74,0x61,0x72,0x74,0x22,0x3a,0x33,
0x2c,0x22,0x65,0x6e,0x64,0x22,0x3a,0x39,0x2c,0x22,0x69,0x73,0x5f,0x6e,0x75,0x6d,
0x22,0x3a,0x74,0x72,0x75,0x65,0x2c,0x22,0x73,0x63,0x61,0x6c,0x65,0x22,0x3a,0x30,
0x2e,0x31,0x30,0x2c,0x22,0x61,0x76,0x67,0x5f,0x63,0x6e,0x74,0x22,0x3a,0x30,0x2c,
0x22,0x74,0x6f,0x70,0x69,0x63,0x22,0x3a,0x22,0x31,0x32,0x33,0x22,0x7d,0x2c,0x5c,
0x0a,0x20,0x20,0x20,0x20,0x20,0x20,0x20,0x20,0x20,0x20,0x20,0x20,0x20,0x20,0x20,
0x20,0x20,0x20,0x20,0x20,0x20,0x20,0x20,0x20,0x20,0x20,0x20,0x20,0x20,0x7b,0x22,
0x65,0x6e,0x61,0x62,0x6c,0x65,0x64,0x22,0x3a,0x74,0x72,0x75,0x65,0x2c,0x22,0x6e,
0x61,0x6d,0x65,0x22,0x3a,0x22,0x47,0x41,0x4d,0x4d,0x41,0x41,0x56,0x47,0x22,0x2c,
0x22,0x73,0x74,0x61,0x72,0x74,0x22,0x3a,0x33,0x2c,0x22,0x65,0x6e,0x64,0x22,0x3a,
0x39,0x2c,0x22,0x69,0x73,0x5f,0x6e,0x75,0x6d,0x22,0x3a,0x74,0x72,0x75,0x65,0x2c,
0x22,0x73,0x63,0x61,0x6c,0x65,0x22,0x3a,0x30,0x2e,0x31,0x30,0x2c,0x22,0x61,0x76,
0x67,0x5f,0x63,0x6e,0x74,0x22,0x3a,0x31,0x38,0x30,0x2c,0x22,0x74,0x6f,0x70,0x69,
0x63,0x22,0x3a,0x22,0x72,0x2f,0x31,0x32,0x33,0x22,0x7d,0x5c,0x0a,0x20,0x20,0x20,
0x20,0x20,0x20,0x20,0x20,0x20,0x20,0x20,0x20,0x20,0x20,0x20,0x20,0x20,0x20,0x20,
0x20,0x20,0x20,0x20,0x20,0x20,0x5d,0x7d,0x2c,0x5c,0x0a,0x20,0x20,0x20,0x20,0x20,
0x20,0x20,0x20,0x20,0x20,0x20,0x20,0x20,0x20,0x20,0x20,0x20,0x20,0x20,0x20,0x20,
0x20,0x20,0x20,0x20,0x7b,0x22,0x62,0x61,0x75,0x64,0x72,0x61,0x74,0x65,0x22,0x3a,
0x39,0x36,0x30,0x30,0x2c,0x22,0x65,0x6e,0x61,0x62,0x6c,0x65,0x64,0x22,0x3a,0x74,
0x72,0x75,0x65,0x2c,0x22,0x70,0x75,0x62,0x6c,0x69,0x73,0x68,0x5f,0x73,0x65,0x74,
0x74,0x69,0x6e,0x67,0x73,0x22,0x3a,0x5c,0x0a,0x20,0x20,0x20,0x20,0x20,0x20,0x20,
0x20,0x20,0x20,0x20,0x20,0x20,0x20,0x20,0x20,0x20,0x20,0x20,0x20,0x20,0x20,0x20,
0x20,0x20,0x5b,0x7b,0x22,0x65,0x6e,0x61,0x62,0x6c,0x65,0x64,0x22,0x3a,0x74,0x72,
0x75,0x65,0x2c,0x22,0x6e,0x61,0x6d,0x65,0x22,0x3a,0x22,0x47,0x41,0x4d,0x4d,0x41,
0x22,0x2c,0x22,0x73,0x74,0x61,0x72,0x74,0x22,0x3a,0x33,0x2c,0x22,0x65,0x6e,0x64,
0x22,0x3a,0x39,0x2c,0x22,0x69,0x73,0x5f,0x6e,0x75,0x6d,0x22,0x3a,0x74,0x72,0x75,
0x65,0x2c,0x22,0x73,0x63,0x61,0x6c,0x65,0x22,0x3a,0x30,0x2e,0x31,0x30,0x2c,0x22,
0x61,0x76,0x67,0x5f,0x63,0x6e,0x74,0x22,0x3a,0x30,0x2c,0x22,0x74,0x6f,0x70,0x69,
0x63,0x22,0x3a,0x22,0x34,0x35,0x36,0x22,0x7d,0x2c,0x5c,0x0a,0x20,0x20,0x20,0x20,
0x20,0x20,0x20,0x20,0x20,0x20,0x20,0x20,0x20,0x20,0x20,0x20,0x20,0x20,0x20,0x20,
0x20,0x20,0x20,0x20,0x20,0x20,0x20,0x20,0x20,0x7b,0x22,0x65,0x6e,0x61,0x62,0x6c,
0x65,0x64,0x22,0x3a,0x74,0x72,0x75,0x65,0x2c,0x22,0x6e,0x61,0x6d,0x65,0x22,0x3a,
0x22,0x47,0x41,0x4d,0x4d,0x41,0x41,0x56,0x47,0x22,0x2c,0x22,0x73,0x74,0x61,0x72,
0x74,0x22,0x3a,0x33,0x2c,0x22,0x65,0x6e,0x64,0x22,0x3a,0x39,0x2c,0x22,0x69,0x73,
0x5f,0x6e,0x75,0x6d,0x22,0x3a,0x74,0x72,0x75,0x65,0x2c,0x22,0x73,0x63,0x61,0x6c,
0x65,0x22,0x3a,0x30,0x2e,0x31,0x30,0x2c,0x22,0x61,0x76,0x67,0x5f,0x63,0x6e,0x74,
0x22,0x3a,0x31,0x38,0x30,0x2c,0x22,0x74,0x6f,0x70,0x69,0x63,0x22,0x3a,0x22,0x72,
0x2f,0x34,0x35,0x36,0x22,0x7d,0x5c,0x0a,0x20,0x20,0x20,0x20,0x20,0x20,0x20,0x20,
0x20,0x20,0x20,0x20,0x20,0x20,0x20,0x20,0x20,0x20,0x20,0x20,0x20,0x20,0x20,0x20,
0x20,0x5d,0x7d,0x2c,0x5c,0x0a,0x20,0x20,0x20,0x20,0x20,0x20,0x20,0x20,0x20,0x20,
0x20,0x20,0x20,0x20,0x20,0x20,0x20,0x20,0x20,0x20,0x20,0x20,0x20,0x20,0x20,0x7b,
0x22,0x62,0x61,0x75,0x64,0x72,0x61,0x74,0x65,0x22,0x3a,0x39,0x36,0x30,0x30,0x2c,
0x22,0x65,0x6e,0x61,0x62,0x6c,0x65,0x64,0x22,0x3a,0x74,0x72,0x75,0x65,0x2c,0x22,
0x70,0x75,0x62,0x6c,0x69,0x73,0x68,0x5f,0x73,0x65,0x74,0x74,0x69,0x6e,0x67,0x73,
0x22,0x3a,0x5c,0x0a,0x20,0x20,0x20,0x20,0x20,0x20,0x20,0x20,0x20,0x20,0x20,0x20,
0x20,0x20,0x20,0x20,0x20,0x20,0x20,0x20,0x20,0x20,0x20,0x20,0x20,0x5b,0x7b,0x22,
0x65,0x6e,0x61,0x62,0x6c,0x65,0x64,0x22,0x3a,0x74,0x72,0x75,0x65,0x2c,0x22,0x6e,
0x61,0x6d,0x65,0x22,0x3a,0x22,0x47,0x41,0x4d,0x4d,0x41,0x22,0x2c,0x22,0x73,0x74,
0x61,0x72,0x74,0x22,0x3a,0x33,0x2c,0x22,0x65,0x6e,0x64,0x22,0x3a,0x39,0x2c,0x22,
0x69,0x73,0x5f,0x6e,0x75,0x6d,0x22,0x3a,0x74,0x72,0x75,0x65,0x2c,0x22,0x73,0x63,
0x61,0x6c,0x65,0x22,0x3a,0x30,0x2e,0x31,0x30,0x2c,0x22,0x61,0x76,0x67,0x5f,0x63,
0x6e,0x74,0x22,0x3a,0x30,0x2c,0x22,0x74,0x6f,0x70,0x69,0x63,0x22,0x3a,0x22,0x37,
0x38,0x39,0x22,0x7d,0x2c,0x5c,0x0a,0x20,0x20,0x20,0x20,0x20,0x20,0x20,0x20,0x20,
0x20,0x20,0x20,0x20,0x20,0x20,0x20,0x20,0x20,0x20,0x20,0x20,0x20,0x20,0x20,0x20,
0x20,0x20,0x20,0x20,0x7b,0x22,0x65,0x6e,0x61,0x62,0x6c,0x65,0x64,0x22,0x3a,0x74,
0x72,0x75,0x65,0x2c,0x22,0x6e,0x61,0x6d,0x65,0x22,0x3a,0x22,0x47,0x41,0x4d,0x4d,
0x41,0x41,0x56,0x47,0x22,0x2c,0x22,0x73,0x74,0x61,0x72,0x74,0x22,0x3a,0x33,0x2c,
0x22,0x65,0x6e,0x64,0x22,0x3a,0x39,0x2c,0x22,0x69,0x73,0x5f,0x6e,0x75,0x6d,0x22,
0x3a,0x74,0x72,0x75,0x65,0x2c,0x22,0x73,0x63,0x61,0x6c,0x65,0x22,0x3a,0x30,0x2e,
0x31,0x30,0x2c,0x22,0x61,0x76,0x67,0x5f,0x63,0x6e,0x74,0x22,0x3a,0x31,0x38,0x30,
0x2c,0x22,0x74,0x6f,0x70,0x69,0x63,0x22,0x3a,0x22,0x72,0x2f,0x37,0x38,0x39,0x22,
0x7d,0x5c,0x0a,0x20,0x20,0x20,0x20,0x20,0x20,0x20,0x20,0x20,0x20,0x20,0x20,0x20,
0x20,0x20,0x20,0x20,0x20,0x20,0x20,0x20,0x20,0x20,0x20,0x20,0x5d,0x5c,0x0a,0x20,
0x20,0x20,0x20,0x20,0x20,0x20,0x20,0x20,0x20,0x20,0x20,0x20,0x20,0x20,0x20,0x20,
0x20,0x20,0x20,0x20,0x20,0x20,0x20,0x20,0x7d,0x5c,0x0a,0x20,0x20,0x20,0x20,0x20,
0x20,0x20,0x20,0x20,0x20,0x20,0x20,0x20,0x20,0x20,0x20,0x20,0x20,0x20,0x20,0x20,
0x20,0x20,0x20,0x5d,0x27,0x0a,0x20,0x20,0x20,0x20,0x7d,0x3b,0x0a,0x0a,0x20,0x20,
0x20,0x20,0x66,0x75,0x6e,0x63,0x74,0x69,0x6f,0x6e,0x20,0x72,0x65,0x73,0x65,0x74,
0x5f,0x73,0x65,0x6e,0x73,0x6f,0x72,0x73,0x5f,0x73,0x65,0x74,0x74,0x69,0x6e,0x67,
0x73,0x28,0x29,0x20,0x7b,0x0a,0x20,0x20,0x20,0x20,0x20,0x20,0x20,0x20,0x73,0x65,
0x74,0x74,0x69,0x6e,0x67,0x73,0x5f,0x66,0x6f,0x72,0x6d,0x20,0x3d,0x20,0x64,0x6f,
0x63,0x75,0x6d,0x65,0x6e,0x74,0x2e,0x67,0x65,0x74,0x45,0x6c,0x65,0x6d,0x65,0x6e,
0x74,0x42,0x79,0x49,0x64,0x28,0x22,0x73,0x65,0x74,0x74,0x69,0x6e,0x67,0x73,0x5f,
0x66,0x6f,0x72,0x6d,0x22,0x29,0x3b,0x0a,0x20,0x20,0x20,0x20,0x20,0x20,0x20,0x20,
0x69,0x6e,0x70,0x75,0x74,0x73,0x20,0x3d,0x20,0x73,0x65,0x74,0x74,0x69,0x6e,0x67,
0x73,0x5f,0x66,0x6f,0x72,0x6d,0x2e,0x71,0x75,0x65,0x72,0x79,0x53,0x65,0x6c,0x65,
0x63,0x74,0x6f,0x72,0x41,0x6c,0x6c,0x28,0x27,0x69,0x6e,0x70,0x75,0x74,0x5b,0x6e,
0x61,0x6d,0x65,0x5e,0x3d,0x22,0x73,0x5f,0x73,0x22,0x5d,0x27,0x29,0x3b,0x0a,0x20,
0x20,0x20,0x20,0x20,0x20,0x20,0x20,0x69,0x6e,0x70,0x75,0x74,0x73,0x2e,0x66,0x6f,
0x72,0x45,0x61,0x63,0x68,0x28,0x28,0x69,0x6e,0x70,0x75,0x74,0x2c,0x20,0x69,0x6e,
0x64,0x65,0x78,0x5f,0x69,0x6e,0x70,0x75,0x74,0x29,0x20,0x3d,0x3e,0x20,0x7b,0x0a,
0x20,0x20,0x20,0x20,0x20,0x20,0x20,0x20,0x20,0x20,0x20,0x20,0x69,0x66,0x20,0x28,
0x69,0x6e,0x70,0x75,0x74,0x2e,0x74,0x79,0x70,0x65,0x20,0x3d,0x3d,0x3d,0x20,0x22,
0x63,0x68,0x65,0x63,0x6b,0x62,0x6f,0x78,0x22,0x29,0x20,0x7b,0x0a,0x20,0x20,0x20,
0x20,0x20,0x20,0x20,0x20,0x20,0x20,0x20,0x20,0x20,0x20,0x20,0x20,0x69,0x6e,0x70,
0x75,0x74,0x2e,0x63,0x68,0x65,0x63,0x6b,0x65,0x64,0x20,0x3d,0x20,0x66,0x61,0x6c,
0x73,0x65,0x3b,0x0a,0x20,0x20,0x20,0x20,0x20,0x20,0x20,0x20,0x20,0x20,0x20,0x20,
0x7d,0x20,0x65,0x6c,0x73,0x65,0x20,0x7b,0x0a,0x20,0x20,0x20,0x20,0x20,0x20,0x20,
0x20,0x20,0x20,0x20,0x20,0x20,0x20,0x20,0x20,0x69,0x6e,0x70,0x75,0x74,0x2e,0x76,
0x61,0x6c,0x75,0x65,0x20,0x3d,0x20,0x22,0x22,0x3b,0x0a,0x20,0x20,0x20,0x20,0x20,
0x20,0x20,0x20,0x20,0x20,0x20,0x20,0x7d,0x0a,0x20,0x20,0x20,0x20,0x20,0x20,0x20,
0x20,0x7d,0x29,0x3b,0x0a,0x20,0x20,0x20,0x20,0x7d,0x0a,0x0a,0x20,0x20,0x20,0x20,
0x66,0x75,0x6e,0x63,0x74,0x69,0x6f,0x6e,0x20,0x74,0x65,0x6d,0x70,0x6c,0x61,0x74,
0x65,0x5f,0x70,0x6f,0x70,0x75,0x6c,0x61,0x74,0x65,0x28,0x74,0x65,0x6d,0x70,0x6c,
0x61,0x74,0x65,0x5f,0x6e,0x61,0x6d,0x65,0x29,0x20,0x7b,0x0a,0x20,0x20,0x20,0x20,
0x20,0x20,0x20,0x20,0x72,0x65,0x73,0x65,0x74,0x5f,0x73,0x65,0x6e,0x73,0x6f,0x72,
0x73,0x5f,0x73,0x65,0x74,0x74,0x69,0x6e,0x67,0x73,0x28,0x29,0x3b,0x0a,0x0a,0x20,
0x20,0x20,0x20,0x20,0x20,0x20,0x20,0x69,0x66,0x20,0x28,0x74,0x65,0x6d,0x70,0x6c,
0x61,0x74,0x65,0x5f,0x6e,0x61,0x6d,0x65,0x20,0x21,0x3d,0x20,0x22,0x22,0x29,0x20,
0x7b,0x0a,0x20,0x20,0x20,0x20,0x20,0x20,0x20,0x20,0x20,0x20,0x20,0x20,0x74,0x65,
0x6d,0x70,0x6c,0x61,0x74,0x65,0x5f,0x6a,0x73,0x6f,0x6e,0x20,0x3d,0x20,0x4a,0x53,
0x4f,0x4e,0x2e,0x70,0x61,0x72,0x73,0x65,0x28,0x73,0x65,0x6e,0x73,0x6f,0x72,0x73,
0x5f,0x74,0x65,0x6d,0x70,0x6c,0x61,0x74,0x65,0x73,0x5b,0x74,0x65,0x6d,0x70,0x6c,
0x61,0x74,0x65,0x5f,0x6e,0x61,0x6d,0x65,0x5d,0x29,0x3b,0x0a,0x0a,0x20,0x20,0x20,
0x20,0x20,0x20,0x20,0x20,0x20,0x20,0x20,0x20,0x73,0x65,0x74,0x74,0x69,0x6e,0x67,
0x73,0x5f,0x66,0x6f,0x72,0x6d,0x20,0x3d,0x20,0x64,0x6f,0x63,0x75,0x6d,0x65,0x6e,
0x74,0x2e,0x67,0x65,0x74,0x45,0x6c,0x65,0x6d,0x65,0x6e,0x74,0x42,0x79,0x49,0x64,
0x28,0x22,0x73,0x65,0x74,0x74,0x69,0x6e,0x67,0x73,0x5f,0x66,0x6f,0x72,0x6d,0x22,
0x29,0x3b,0x0a,0x20,0x20,0x20,0x20,0x20,0x20,0x20,0x20,0x20,0x20,0x20,0x20,0x74,
0x65,0x6d,0x70,0x6c,0x61,0x74,0x65,0x5f,0x6a,0x73,0x6f,0x6e,0x2e,0x66,0x6f,0x72,
0x45,0x61,0x63,0x68,0x28,0x28,0x73,0x65,0x6e,0x73,0x6f,0x72,0x5f,0x73,0x65,0x74,
0x74,0x69,0x6e,0x67,0x2c,0x20,0x69,0x6e,0x64,0x65,0x78,0x5f,0x73,0x65,0x6e,0x73,
0x6f,0x72,0x29,0x20,0x3d,0x3e,0x20,0x7b,0x0a,0x20,0x20,0x20,0x20,0x20,0x20,0x20,
0x20,0x20,0x20,0x20,0x20,0x20,0x20,0x20,0x20,0x63,0x68,0x65,0x63,0x6b,0x62,0x6f,
0x78,0x20,0x3d,0x20,0x64,0x6f,0x63,0x75,0x6d,0x65,0x6e,0x74,0x2e,0x67,0x65,0x74,
0x45,0x6c,0x65,0x6d,0x65,0x6e,0x74,0x73,0x42,0x79,0x4e,0x61,0x6d,0x65,0x28,0x22,
0x73,0x5f,0x73,0x5b,0x22,0x20,0x2b,0x20,0x69,0x6e,0x64,0x65,0x78,0x5f,0x73,0x65,
0x6e,0x73,0x6f,0x72,0x20,0x2b,0x20,0x22,0x5d,0x2e,0x65,0x6e,0x61,0x62,0x6c,0x65,
0x64,0x22,0x29,0x5b,0x30,0x5d,0x3b,0x0a,0x20,0x20,0x20,0x20,0x20,0x20,0x20,0x20,
0x20,0x20,0x20,0x20,0x20,0x20,0x20,0x20,0x63,0x68,0x65,0x63,0x6b,0x62,0x6f,0x78,
0x2e,0x63,0x68,0x65,0x63,0x6b,0x65,0x64,0x20,0x3d,0x20,0x73,0x65,0x6e,0x73,0x6f,
0x72,0x5f,0x73,0x65,0x74,0x74,0x69,0x6e,0x67,0x2e,0x65,0x6e,0x61,0x62,0x6c,0x65,
0x64,0x0a,0x20,0x20,0x20,0x20,0x20,0x20,0x20,0x20,0x20,0x20,0x20,0x20,0x20,0x20,
0x20,0x20,0x74,0x6f,0x67,0x67,0x6c,0x65,0x5f,0x73,0x65,0x72,0x69,0x61,0x6c,0x5f,
0x73,0x65,0x74,0x74,0x69,0x6e,0x67,0x73,0x28,0x63,0x68,0x65,0x63,0x6b,0x62,0x6f,
0x78,0x2c,0x20,0x69,0x6e,0x64,0x65,0x78,0x5f,0x73,0x65,0x6e,0x73,0x6f,0x72,0x29,
0x3b,0x0a,0x0a,0x20,0x20,0x20,0x20,0x20,0x20,0x20,0x20,0x20,0x20,0x20,0x20,0x20,
0x20,0x20,0x20,0x64,0x6f,0x63,0x75,0x6d,0x65,0x6e,0x74,0x2e,0x67,0x65,0x74,0x45,
0x6c,0x65,0x6d,0x65,0x6e,0x74,0x73,0x42,0x79,0x4e,0x61,0x6d,0x65,0x28,0x22,0x73,
0x5f,0x73,0x5b,0x22,0x20,0x2b,0x20,0x69,0x6e,0x64,0x65,0x78,0x5f,0x73,0x65,0x6e,
0x73,0x6f,0x72,0x20,0x2b,0x20,0x22,0x5d,0x2e,0x62,0x61,0x75,0x64,0x22,0x29,0x5b,
0x30,0x5d,0x2e,0x76,0x61,0x6c,0x75,0x65,0x20,0x3d,0x20,0x73,0x65,0x6e,0x73,0x6f,
0x72,0x5f,0x73,0x65,0x74,0x74,0x69,0x6e,0x67,0x2e,0x62,0x61,0x75,0x64,0x72,0x61,
0x74,0x65,0x3b,0x0a,0x20,0x20,0x20,0x20,0x20,0x20,0x20,0x20,0x20,0x20,0x20,0x20,
0x20,0x20,0x20,0x20,0x69,0x66,0x20,0x28,0x73,0x65,0x6e,0x73,0x6f,0x72,0x5f,0x73,
0x65,0x74,0x74,0x69,0x6e,0x67,0x5b,0x22,0x70,0x75,0x62,0x6c,0x69,0x73,0x68,0x5f,
0x73,0x65,0x74,0x74,0x69,0x6e,0x67,0x73,0x22,0x5d,0x29,0x20,0x7b,0x0a,0x20,0x20,
0x20,0x20,0x20,0x20,0x20,0x20,0x20,0x20,0x20,0x20,0x20,0x20,0x20,0x20,0x20,0x20,
0x20,0x20,0x73,0x65,0x6e,0x73,0x6f,0x72,0x5f,0x73,0x65,0x74,0x74,0x69,0x6e,0x67,
0x5b,0x22,0x70,0x75,0x62,0x6c,0x69,0x73,0x68,0x5f,0x73,0x65,0x74,0x74,0x69,0x6e,
0x67,0x73,0x22,0x5d,0x2e,0x66,0x6f,0x72,0x45,0x61,0x63,0x68,0x28,0x28,0x70,0x75,
0x62,0x6c,0x69,0x73,0x68,0x5f,0x73,0x65,0x74,0x74,0x69,0x6e,0x67,0x2c,0x20,0x69,
0x6e,0x64,0x65,0x78,0x5f,0x70,0x75,0x62,0x6c,0x69,0x73,0x68,0x29,0x20,0x3d,0x3e,
0x20,0x7b,0x0a,0x20,0x20,0x20,0x20,0x20,0x20,0x20,0x20,0x20,0x20,0x20,0x20,0x20,
0x20,0x20,0x20,0x20,0x20,0x20,0x20,0x20,0x20,0x20,0x20,0x64,0x6f,0x63,0x75,0x6d,
0x65,0x6e,0x74,0x2e,0x67,0x65,0x74,0x45,0x6c,0x65,0x6d,0x65,0x6e,0x74,0x73,0x42,
0x79,0x4e,0x61,0x6d,0x65,0x28,0x22,0x73,0x5f,0x73,0x5b,0x22,0x20,0x2b,0x20,0x69,
0x6e,0x64,0x65,0x78,0x5f,0x73,0x65,0x6e,0x73,0x6f,0x72,0x20,0x2b,0x20,0x22,0x5d,
0x70,0x5f,0x73,0x5b,0x22,0x20,0x2b,0x20,0x69,0x6e,0x64,0x65,0x78,0x5f,0x70,0x75,
0x62,0x6c,0x69,0x73,0x68,0x20,0x2b,0x20,0x22,0x5d,0x2e,0x65,0x6e,0x61,0x62,0x6c,
0x65,0x64,0x22,0x29,0x5b,0x30,0x5d,0x2e,0x63,0x68,0x65,0x63,0x6b,0x65,0x64,0x20,
0x3d,0x20,0x70,0x75,0x62,0x6c,0x69,0x73,0x68,0x5f,0x73,0x65,0x74,0x74,0x69,0x6e,
0x67,0x2e,0x65,0x6e,0x61,0x62,0x6c,0x65,0x64,0x3b,0x0a,0x20,0x20,0x20,0x20,0x20,
0x20,0x20,0x20,0x20,0x20,0x20,0x20,0x20,0x20,0x20,0x20,0x20,0x20,0x20,0x20,0x20,
0x20,0x20,0x20,0x64,0x6f,0x63,0x75,0x6d,0x65,0x6e,0x74,0x2e,0x67,0x65,0x74,0x45,
0x6c,0x65,0x6d,0x65,0x6e,0x74,0x73,0x42,0x79,0x4e,0x61,0x6d,0x65,0x28,0x22,0x73,
0x5f,0x73,0x5b,0x22,0x20,0x2b,0x20,0x69,0x6e,0x64,0x65,0x78,0x5f,0x73,0x65,0x6e,
0x73,0x6f,0x72,0x20,0x2b,0x20,0x22,0x5d,0x70,0x5f,0x73,0x5b,0x22,0x20,0x2b,0x20,
0x69,0x6e,0x64,0x65,0x78,0x5f,0x70,0x75,0x62,0x6c,0x69,0x73,0x68,0x20,0x2b,0x20,
0x22,0x5d,0x2e,0x6e,0x61,0x6d,0x65,0x22,0x29,0x5b,0x30,0x5d,0x2e,0x76,0x61,0x6c,
0x75,0x65,0x20,0x3d,0x20,0x70,0x75,0x62,0x6c,0x69,0x73,0x68,0x5f,0x73,0x65,0x74,
0x74,0x69,0x6e,0x67,0x2e,0x6e,0x61,0x6d,0x65,0x3b,0x0a,0x20,0x20,0x20,0x20,0x20,
0x20,0x20,0x20,0x20,0x20,0x20,0x20,0x20,0x20,0x20,0x20,0x20,0x20,0x20,0x20,0x20,
0x20,0x20,0x20,0x64,0x6f,0x63,0x75,0x6d,0x65,0x6e,0x74,0x2e,0x67,0x65,0x74,0x45,
0x6c,0x65,0x6d,0x65,0x6e,0x74,0x73,0x42,0x79,0x4e,0x61,0x6d,0x65,0x28,0x22,0x73,
0x5f,0x73,0x5b,0x22,0x20,0x2b,0x20,0x69,0x6e,0x64,0x65,0x78,0x5f,0x73,0x65,0x6e,
0x73,0x6f,0x72,0x20,0x2b,0x20,0x22,0x5d,0x70,0x5f,0x73,0x5b,0x22,0x20,0x2b,0x20,
0x69,0x6e,0x64,0x65,0x78,0x5f,0x70,0x75,0x62,0x6c,0x69,0x73,0x68,0x20,0x2b,0x20,
0x22,0x5d,0x2e,0x73,0x74,0x61,0x72,0x74,0x22,0x29,0x5b,0x30,0x5d,0x2e,0x76,0x61,
0x6c,0x75,0x65,0x20,0x3d,0x20,0x70,0x75,0x62,0x6c,0x69,0x73,0x68,0x5f,0x73,0x65,
0x74,0x74,0x69,0x6e,0x67,0x2e,0x73,0x74,0x61,0x72,0x74,0x3b,0x0a,0x20,0x20,0x20,
0x20,0x20,0x20,0x20,0x20,0x20,0x20,0x20,0x20,0x20,0x20,0x20,0x20,0x20,0x20,0x20,
0x20,0x20,0x20,0x20,0x20,0x64,0x6f,0x63,0x75,0x6d,0x65,0x6e,0x74,0x2e,0x67,0x65,
0x74,0x45,0x6c,0x65,0x6d,0x65,0x6e,0x74,0x73,0x42,0x79,0x4e,0x61,0x6d,0x65,0x28,
0x22,0x73,0x5f,0x73,0x5b,0x22,0x20,0x2b,0x20,0x69,0x6e,0x64,0x65,0x78,0x5f,0x73,
0x65,0x6e,0x73,0x6f,0x72,0x20,0x2b,0x20,0x22,0x5d,0x70,0x5f,0x73,0x5b,0x22,0x20,
0x2b,0x20,0x69,0x6e,0x64,0x65,0x78,0x5f,0x70,0x75,0x62,0x6c,0x69,0x73,0x68,0x20,
0x2b,0x20,0x22,0x5d,0x2e,0x65,0x6e,0x64,0x22,0x29,0x5b,0x30,0x5d,0x2e,0x76,0x61,
0x6c,0x75,0x65,0x20,0x3d,0x20,0x70,0x75,0x62,0x6c,0x69,0x73,0x68,0x5f,0x73,0x65,
0x74,0x74,0x69,0x6e,0x67,0x2e,0x65,0x6e,0x64,0x3b,0x0a,0x20,0x20,0x20,0x20,0x20,
0x20,0x20,0x20,0x20,0x20,0x20,0x20,0x20,0x20,0x20,0x20,0x20,0x20,0x20,0x20,0x20,
0x20,0x20,0x20,0x64,0x6f,0x63,0x75,0x6d,0x65,0x6e,0x74,0x2e,0x67,0x65,0x74,0x45,
0x6c,0x65,0x6d,0x65,0x6e,0x74,0x73,0x42,0x79,0x4e,0x61,0x6d,0x65,0x28,0x22,0x73,
0x5f,0x73,0x5b,0x22,0x20,0x2b,0x20,0x69,0x6e,0x64,0x65,0x78,0x5f,0x73,0x65,0x6e,
0x73,0x6f,0x72,0x20,0x2b,0x20,0x22,0x5d,0x70,0x5f,0x73,0x5b,0x22,0x20,0x2b,0x20,
0x69,0x6e,0x64,0x65,0x78,0x5f,0x70,0x75,0x62,0x6c,0x69,0x73,0x68,0x20,0x2b,0x20,
0x22,0x5d,0x2e,0x69,0x73,0x5f,0x6e,0x75,0x6d,0x22,0x29,0x5b,0x30,0x5d,0x2e,0x63,
0x68,0x65,0x63,0x6b,0x65,0x64,0x20,0x3d,0x20,0x70,0x75,0x62,0x6c,0x69,0x73,0x68,
0x5f,0x73,0x65,0x74,0x74,0x69,0x6e,0x67,0x2e,0x69,0x73,0x5f,0x6e,0x75,0x6d,0x3b,
0x0a,0x0a,0x20,0x20,0x20,0x20,0x20,0x20,0x20,0x20,0x20,0x20,0x20,0x20,0x20,0x20,
0x20,0x20,0x20,0x20,0x20,0x20,0x20,0x20,0x20,0x20,0x64,0x6f,0x63,0x75,0x6d,0x65,
0x6e,0x74,0x2e,0x67,0x65,0x74,0x45,0x6c,0x65,0x6d,0x65,0x6e,0x74,0x73,0x42,0x79,
0x4e,0x61,0x6d,0x65,0x28,0x22,0x73,0x5f,0x73,0x5b,0x22,0x20,0x2b,0x20,0x69,0x6e,
0x64,0x65,0x78,0x5f,0x73,0x65,0x6e,0x73,0x6f,0x72,0x20,0x2b,0x20,0x22,0x5d,0x70,
0x5f,0x73,0x5b,0x22,0x20,0x2b,0x20,0x69,0x6e,0x64,0x65,0x78,0x5f,0x70,0x75,0x62,
0x6c,0x69,0x73,0x68,0x20,0x2b,0x20,0x22,0x5d,0x2e,0x73,0x63,0x61,0x6c,0x65,0x22,
0x29,0x5b,0x30,0x5d,0x2e,0x76,0x61,0x6c,0x75,0x65,0x20,0x3d,0x20,0x70,0x75,0x62,
0x6c,0x69,0x73,0x68,0x5f,0x73,0x65,0x74,0x74,0x69,0x6e,0x67,0x2e,0x73,0x63,0x61,
0x6c,0x65,0x3b,0x0a,0x20,0x20,0x20,0x20,0x20,0x20,0x20,0x20,0x20,0x20,0x20,0x20,
0x20,0x20,0x20,0x20,0x20,0x20,0x20,0x20,0x20,0x20,0x20,0x20,0x64,0x6f,0x63,0x75,
0x6d,0x65,0x6e,0x74,0x2e,0x67,0x65,0x74,0x45,0x6c,0x65,0x6d,0x65,0x6e,0x74,0x73,
0x42,0x79,0x4e,0x61,0x6d,0x65,0x28,0x22,0x73,0x5f,0x73,0x5b,0x22,0x20,0x2b,0x20,
0x69,0x6e,0x64,0x65,0x78,0x5f,0x73,0x65,0x6e,0x73,0x6f,0x72,0x20,0x2b,0x20,0x22,
0x5d,0x70,0x5f,0x73,0x5b,0x22,0x20,0x2b,0x20,0x69,0x6e,0x64,0x65,0x78,0x5f,0x70,
0x75,0x62,0x6c,0x69,0x73,0x68,0x20,0x2b,0x20,0x22,0x5d,0x2e,0x73,0x63,0x61,0x6c,
0x65,0x22,0x29,0x5b,0x30,0x5d,0x2e,0x64,0x69,0x73,0x61,0x62,0x6c,0x65,0x64,0x20,
0x3d,0x20,0x21,0x70,0x75,0x62,0x6c,0x69,0x73,0x68,0x5f,0x73,0x65,0x74,0x74,0x69,
0x6e,0x67,0x2e,0x69,0x73,0x5f,0x6e,0x75,0x6d,0x3b,0x0a,0x0a,0x20,0x20,0x20,0x20,
0x20,0x20,0x20,0x20,0x20,0x20,0x20,0x20,0x20,0x20,0x20,0x20,0x20,0x20,0x20,0x20,
0x20,0x20,0x20,0x20,0x64,0x6f,0x63,0x75,0x6d,0x65,0x6e,0x74,0x2e,0x67,0x65,0x74,
0x45,0x6c,0x65,0x6d,0x65,0x6e,0x74,0x73,0x42,0x79,0x4e,0x61,0x6d,0x65,0x28,0x22,
0x73,0x5f,0x73,0x5b,0x22,0x20,0x2b,0x20,0x69,0x6e,0x64,0x65,0x78,0x5f,0x73,0x65,
0x6e,0x73,0x6f,0x72,0x20,0x2b,0x20,0x22,0x5d,0x70,0x5f,0x73,0x5b,0x22,0x20,0x2b,
0x20,0x69,0x6e,0x64,0x65,0x78,0x5f,0x70,0x75,0x62,0x6c,0x69,0x73,0x68,0x20,0x2b,
0x20,0x22,0x5d,0x2e,0x61,0x76,0x67,0x5f,0x63,0x6e,0x74,0x22,0x29,0x5b,0x30,0x5d,
0x2e,0x76,0x61,0x6c,0x75,0x65,0x20,0x3d,0x20,0x70,0x75,0x62,0x6c,0x69,0x73,0x68,
0x5f,0x73,0x65,0x74,0x74,0x69,0x6e,0x67,0x2e,0x61,0x76,0x67,0x5f,0x63,0x6e,0x74,
0x3b,0x0a,0x20,0x20,0x20,0x20,0x20,0x20,0x20,0x20,0x20,0x20,0x20,0x20,0x20,0x20,
0x20,0x20,0x20,0x20,0x20,0x20,0x20,0x20,0x20,0x20,0x64,0x6f,0x63,0x75,0x6d,0x65,
0x6e,0x74,0x2e,0x67,0x65,0x74,0x45,0x6c,0x65,0x6d,0x65,0x6e,0x74,0x73,0x42,0x79,
0x4e,0x61,0x6d,0x65,0x28,0x22,0x73,0x5f,0x73,0x5b,0x22,0x20,0x2b,0x20,0x69,0x6e,
0x64,0x65,0x78,0x5f,0x73,0x65,0x6e,0x73,0x6f,0x72,0x20,0x2b,0x20,0x22,0x5d,0x70,
0x5f,0x73,0x5b,0x22,0x20,0x2b,0x20,0x69,0x6e,0x64,0x65,0x78,0x5f,0x70,0x75,0x62,
0x6c,0x69,0x73,0x68,0x20,0x2b,0x20,0x22,0x5d,0x2e,0x61,0x76,0x67,0x5f,0x63,0x6e,
0x74,0x22,0x29,0x5b,0x30,0x5d,0x2e,0x64,0x69,0x73,0x61,0x62,0x6c,0x65,0x64,0x20,
0x3d,0x20,0x21,0x70,0x75,0x62,0x6c,0x69,0x73,0x68,0x5f,0x73,0x65,0x74,0x74,0x69,
0x6e,0x67,0x2e,0x69,0x73,0x5f,0x6e,0x75,0x6d,0x3b,0x0a,0x0a,0x20,0x20,0x20,0x20,
0x20,0x20,0x20,0x20,0x20,0x20,0x20,0x20,0x20,0x20,0x20,0x20,0x20,0x20,0x20,0x20,
0x20,0x20,0x20,0x20,0x64,0x6f,0x63,0x75,0x6d,0x65,0x6e,0x74,0x2e,0x67,0x65,0x74,
0x45,0x6c,0x65,0x6d,0x65,0x6e,0x74,0x73,0x42,0x79,0x4e,0x61,0x6d,0x65,0x28,0x22,
0x73,0x5f,0x73,0x5b,0x22,0x20,0x2b,0x20,0x69,0x6e,0x64,0x65,0x78,0x5f,0x73,0x65,
0x6e,0x73,0x6f,0x72,0x20,0x2b,0x20,0x22,0x5d,0x70,0x5f,0x73,0x5b,0x22,0x20,0x2b,
0x20,0x69,0x6e,0x64,0x65,0x78,0x5f,0x70,0x75,0x62,0x6c,0x69,0x73,0x68,0x20,0x2b,
0x20,0x22,0x5d,0x2e,0x74,0x6f,0x70,0x69,0x63,0x22,0x29,0x5b,0x30,0x5d,0x2e,0x76,
0x61,0x6c,0x75,0x65,0x20,0x3d,0x20,0x70,0x75,0x62,0x6c,0x69,0x73,0x68,0x5f,0x73,
0x65,0x74,0x74,0x69,0x6e,0x67,0x2e,0x74,0x6f,0x70,0x69,0x63,0x3b,0x0a,0x20,0x20,
0x20,0x20,0x20,0x20,0x20,0x20,0x20,0x20,0x20,0x20,0x20,0x20,0x20,0x20,0x20,0x20,
0x20,0x20,0x7d,0x29,0x3b,0x0a,0x20,0x20,0x20,0x20,0x20,0x20,0x20,0x20,0x20,0x20,
0x20,0x20,0x20,0x20,0x20,0x20,0x7d,0x0a,0x20,0x20,0x20,0x20,0x20,0x20,0x20,0x20,
0x20,0x20,0x20,0x20,0x7d,0x29,0x3b,0x0a,0x20,0x20,0x20,0x20,0x20,0x20,0x20,0x20,
0x7d,0x0a,0x20,0x20,0x20,0x20,0x7d,0x0a,0x0a,0x20,0x20,0x20,0x20,0x63,0x6f,0x6e,
0x73,0x74,0x20,0x6d,0x6f,0x64,0x61,0x6c,0x5f,0x72,0x65,0x62,0x6f,0x6f,0x74,0x20,
0x3d,0x20,0x64,0x6f,0x63,0x75,0x6d,0x65,0x6e,0x74,0x2e,0x67,0x65,0x74,0x45,0x6c,
0x65,0x6d,0x65,0x6e,0x74,0x42,0x79,0x49,0x64,0x28,0x22,0x72,0x65,0x62,0x6f,0x6f,
0x74,0x5f,0x70,0x6f,0x70,0x75,0x70,0x22,0x29,0x3b,0x0a,0x20,0x20,0x20,0x20,0x63,
0x6f,0x6e,0x73,0x74,0x20,0x63,0x6c,0x6f,0x73,0x65,0x4d,0x6f,0x64,0x61,0x6c,0x42,
0x74,0x6e,0x20,0x3d,0x20,0x64,0x6f,0x63,0x75,0x6d,0x65,0x6e,0x74,0x2e,0x67,0x65,
0x74,0x45,0x6c,0x65,0x6d,0x65,0x6e,0x74,0x42,0x79,0x49,0x64,0x28,0x22,0x63,0x6c,
0x6f,0x73,0x65,0x4d,0x6f,0x64,0x61,0x6c,0x42,0x74,0x6e,0x22,0x29,0x3b,0x0a,0x0a,
0x0a,0x20,0x20,0x20,0x20,0x2f,0x2f,0x20,0x57,0x68,0x65,0x6e,0x20,0x74,0x68,0x65,
0x20,0x75,0x73,0x65,0x72,0x20,0x63,0x6c,0x69,0x63,0x6b,0x73,0x20,0x6f,0x6e,0x20,
0x74,0x68,0x65,0x20,0x63,0x6c,0x6f,0x73,0x65,0x20,0x62,0x75,0x74,0x74,0x6f,0x6e,
0x2c,0x20,0x63,0x6c,0x6f,0x73,0x65,0x20,0x74,0x68,0x65,0x20,0x6d,0x6f,0x64,0x61,
0x6c,0x0a,0x20,0x20,0x20,0x20,0x63,0x6c,0x6f,0x73,0x65,0x4d,0x6f,0x64,0x61,0x6c,
0x42,0x74,0x6e,0x2e,0x61,0x64,0x64,0x45,0x76,0x65,0x6e,0x74,0x4c,0x69,0x73,0x74,
0x65,0x6e,0x65,0x72,0x28,0x22,0x63,0x6c,0x69,0x63,0x6b,0x22,0x2c,0x20,0x28,0x29,
0x20,0x3d,0x3e,0x20,0x7b,0x0a,0x20,0x20,0x20,0x20,0x20,0x20,0x20,0x20,0x6d,0x6f,
0x64,0x61,0x6c,0x5f,0x72,0x65,0x62,0x6f,0x6f,0x74,0x2e,0x73,0x74,0x79,0x6c,0x65,
0x2e,0x64,0x69,0x73,0x70,0x6c,0x61,0x79,0x20,0x3d,0x20,0x22,0x6e,0x6f,0x6e,0x65,
0x22,0x3b,0x0a,0x20,0x20,0x20,0x20,0x7d,0x29,0x3b,0x0a,0x0a,0x20,0x20,0x20,0x20,
0x2f,0x2f,0x20,0x57,0x68,0x65,0x6e,0x20,0x74,0x68,0x65,0x20,0x75,0x73,0x65,0x72,
0x20,0x63,0x6c,0x69,0x63,0x6b,0x73,0x20,0x61,0x6e,0x79,0x77,0x68,0x65,0x72,0x65,
0x20,0x6f,0x75,0x74,0x73,0x69,0x64,0x65,0x20,0x74,0x68,0x65,0x20,0x6d,0x6f,0x64,
0x61,0x6c,0x2c,0x20,0x63,0x6c,0x6f,0x73,0x65,0x20,0x69,0x74,0x0a,0x20,0x20,0x20,
0x20,0x77,0x69,0x6e,0x64,0x6f,0x77,0x2e,0x61,0x64,0x64,0x45,0x76,0x65,0x6e,0x74,
0x4c,0x69,0x73,0x74,0x65,0x6e,0x65,0x72,0x28,0x22,0x63,0x6c,0x69,0x63,0x6b,0x22,
0x2c,0x20,0x28,0x65,0x76,0x65,0x6e,0x74,0x29,0x20,0x3d,0x3e,0x20,0x7b,0x0a,0x20,
0x20,0x20,0x20,0x20,0x20,0x20,0x20,0x69,0x66,0x20,0x28,0x65,0x76,0x65,0x6e,0x74,
0x2e,0x74,0x61,0x72,0x67,0x65,0x74,0x20,0x3d,0x3d,0x3d,0x20,0x6d,0x6f,0x64,0x61,
0x6c,0x5f,0x72,0x65,0x62,0x6f,0x6f,0x74,0x29,0x20,0x7b,0x0a,0x20,0x20,0x20,0x20,
0x20,0x20,0x20,0x20,0x20,0x20,0x20,0x20,0x6d,0x6f,0x64,0x61,0x6c,0x5f,0x72,0x65,
0x62,0x6f,0x6f,0x74,0x2e,0x73,0x74,0x79,0x6c,0x65,0x2e,0x64,0x69,0x73,0x70,0x6c,
0x61,0x79,0x20,0x3d,0x20,0x22,0x6e,0x6f,0x6e,0x65,0x22,0x3b,0x0a,0x20,0x20,0x20,
0x20,0x20,0x20,0x20,0x20,0x7d,0x0a,0x20,0x20,0x20,0x20,0x7d,0x29,0x3b,0x0a,0x0a,
0x20,0x20,0x20,0x20,0x66,0x75,0x6e,0x63,0x74,0x69,0x6f,0x6e,0x20,0x69,0x73,0x56,
0x61,0x6c,0x69,0x64,0x49,0x50,0x28,0x69,0x70,0x29,0x20,0x7b,0x0a,0x20,0x20,0x20,
0x20,0x20,0x20,0x20,0x20,0x63,0x6f,0x6e,0x73,0x74,0x20,0x69,0x70,0x50,0x61,0x74,
0x74,0x65,0x72,0x6e,0x20,0x3d,0x20,0x2f,0x5e,0x28,0x32,0x35,0x5b,0x30,0x2d,0x35,
0x5d,0x7c,0x32,0x5b,0x30,0x2d,0x34,0x5d,0x5b,0x30,0x2d,0x39,0x5d,0x7c,0x31,0x5b,
0x30,0x2d,0x39,0x5d,0x7b,0x32,0x7d,0x7c,0x5b,0x31,0x2d,0x39,0x5d,0x3f,0x5b,0x30,
0x2d,0x39,0x5d,0x29,0x28,0x5c,0x2e,0x28,0x32,0x35,0x5b,0x30,0x2d,0x35,0x5d,0x7c,
0x32,0x5b,0x30,0x2d,0x34,0x5d,0x5b,0x30,0x2d,0x39,0x5d,0x7c,0x31,0x5b,0x30,0x2d,
0x39,0x5d,0x7b,0x32,0x7d,0x7c,0x5b,0x31,0x2d,0x39,0x5d,0x3f,0x5b,0x30,0x2d,0x39,
0x5d,0x29,0x29,0x7b,0x33,0x7d,0x24,0x2f,0x3b,0x0a,0x20,0x20,0x20,0x20,0x20,0x20,
0x20,0x20,0x72,0x65,0x74,0x75,0x72,0x6e,0x20,0x69,0x70,0x50,0x61,0x74,0x74,0x65,
0x72,0x6e,0x2e,0x74,0x65,0x73,0x74,0x28,0x69,0x70,0x29,0x3b,0x0a,0x20,0x20,0x20,
0x20,0x7d,0x0a,0x0a,0x20,0x20,0x20,0x20,0x64,0x6f,0x63,0x75,0x6d,0x65,0x6e,0x74,
0x2e,0x61,0x64,0x64,0x45,0x76,0x65,0x6e,0x74,0x4c,0x69,0x73,0x74,0x65,0x6e,0x65,
0x72,0x28,0x22,0x44,0x4f,0x4d,0x43,0x6f,0x6e,0x74,0x65,0x6e,0x74,0x4c,0x6f,0x61,
0x64,0x65,0x64,0x22,0x2c,0x20,0x28,0x29,0x20,0x3d,0x3e,0x20,0x7b,0x0a,0x20,0x20,
0x20,0x20,0x20,0x20,0x20,0x20,0x69,0x70,0x5f,0x69,0x6e,0x70,0x75,0x74,0x73,0x20,
0x3d,0x20,0x64,0x6f,0x63,0x75,0x6d,0x65,0x6e,0x74,0x2e,0x71,0x75,0x65,0x72,0x79,
0x53,0x65,0x6c,0x65,0x63,0x74,0x6f,0x72,0x41,0x6c,0x6c,0x28,0x22,0x2e,0x69,0x70,
0x2d,0x61,0x64,0x64,0x72,0x22,0x29,0x3b,0x0a,0x20,0x20,0x20,0x20,0x20,0x20,0x20,
0x20,0x69,0x70,0x5f,0x69,0x6e,0x70,0x75,0x74,0x73,0x2e,0x66,0x6f,0x72,0x45,0x61,
0x63,0x68,0x28,0x69,0x70,0x5f,0x69,0x6e,0x70,0x75,0x74,0x20,0x3d,0x3e,0x20,0x7b,
0x0a,0x20,0x20,0x20,0x20,0x20,0x20,0x20,0x20,0x20,0x20,0x20,0x20,0x69,0x70,0x5f,
0x69,0x6e,0x70,0x75,0x74,0x2e,0x61,0x64,0x64,0x45,0x76,0x65,0x6e,0x74,0x4c,0x69,
0x73,0x74,0x65,0x6e,0x65,0x72,0x28,0x22,0x69,0x6e,0x70,0x75,0x74,0x22,0x2c,0x20,
0x28,0x29,0x20,0x3d,0x3e,0x20,0x7b,0x0a,0x20,0x20,0x20,0x20,0x20,0x20,0x20,0x20,
0x20,0x20,0x20,0x20,0x20,0x20,0x20,0x20,0x69,0x66,0x20,0x28,0x69,0x73,0x56,0x61,
0x6c,0x69,0x64,0x49,0x50,0x28,0x69,0x70,0x5f,0x69,0x6e,0x70,0x75,0x74,0x2e,0x76,
0x61,0x6c,0x75,0x65,0x29,0x29,0x20,0x7b,0x0a,0x20,0x20,0x20,0x20,0x20,0x20,0x20,
0x20,0x20,0x20,0x20,0x20,0x20,0x20,0x20,0x20,0x20,0x20,0x20,0x20,0x69,0x70,0x5f,
0x69,0x6e,0x70,0x75,0x74,0x2e,0x73,0x74,0x79,0x6c,0x65,0x2e,0x62,0x6f,0x72,0x64,
0x65,0x72,0x20,0x3d,0x20,0x22,0x32,0x70,0x78,0x20,0x73,0x6f,0x6c,0x69,0x64,0x20,
0x67,0x72,0x65,0x65,0x6e,0x22,0x3b,0x0a,0x20,0x20,0x20,0x20,0x20,0x20,0x20,0x20,
0x20,0x20,0x20,0x20,0x20,0x20,0x20,0x20,0x7d,0x20,0x65,0x6c,0x73,0x65,0x20,0x7b,
0x0a,0x20,0x20,0x20,0x20,0x20,0x20,0x20,0x20,0x20,0x20,0x20,0x20,0x20,0x20,0x20,
0x20,0x20,0x20,0x20,0x20,0x69,0x70,0x5f,0x69,0x6e,0x70,0x75,0x74,0x2e,0x73,0x74,
0x79,0x6c,0x65,0x2e,0x62,0x6f,0x72,0x64,0x65,0x72,0x20,0x3d,0x20,0x22,0x32,0x70,
0x78,0x20,0x73,0x6f,0x6c,0x69,0x64,0x20,0x72,0x65,0x64,0x22,0x3b,0x0a,0x20,0x20,
0x20,0x20,0x20,0x20,0x20,0x20,0x20,0x20,0x20,0x20,0x20,0x20,0x20,0x20,0x7d,0x0a,
0x20,0x20,0x20,0x20,0x20,0x20,0x20,0x20,0x20,0x20,0x20,0x20,0x7d,0x29,0x3b,0x0a,
0x20,0x20,0x20,0x20,0x20,0x20,0x20,0x20,0x7d,0x29,0x3b,0x0a,0x20,0x20,0x20,0x20,
0x7d,0x29,0x3b,0x0a,0x0a,0x20,0x20,0x20,0x20,0x66,0x75,0x6e,0x63,0x74,0x69,0x6f,
0x6e,0x20,0x68,0x61,0x6e,0x64,0x6c,0x65,0x52,0x6f,0x77,0x43,0x6c,0x69,0x63,0x6b,
0x28,0x65,0x76,0x65,0x6e,0x74,0x29,0x20,0x7b,0x0a,0x20,0x20,0x20,0x20,0x20,0x20,
0x20,0x20,0x63,0x6f,0x6e,0x73,0x74,0x20,0x6d,0x6f,0x64,0x61,0x6c,0x43,0x6f,0x6e,
0x74,0x65,0x6e,0x74,0x20,0x3d,0x20,0x64,0x6f,0x63,0x75,0x6d,0x65,0x6e,0x74,0x2e,
0x67,0x65,0x74,0x45,0x6c,0x65,0x6d,0x65,0x6e,0x74,0x42,0x79,0x49,0x64,0x28,0x22,
0x6d,0x6f,0x64,0x61,0x6c,0x5f,0x63,0x6f,0x6e,0x74,0x65,0x6e,0x74,0x22,0x29,0x3b,
0x0a,0x20,0x20,0x20,0x20,0x20,0x20,0x20,0x20,0x63,0x6f,0x6e,0x73,0x74,0x20,0x6d,
0x6f,0x64,0x61,0x6c,0x46,0x6f,0x72,0x6d,0x20,0x3d,0x20,0x64,0x6f,0x63,0x75,0x6d,
0x65,0x6e,0x74,0x2e,0x67,0x65,0x74,0x45,0x6c,0x65,0x6d,0x65,0x6e,0x74,0x42,0x79,
0x49,0x64,0x28,0x22,0x6d,0x6f,0x64,0x61,0x6c,0x2d,0x66,0x6f,0x72,0x6d,0x22,0x29,
0x3b,0x0a,0x0a,0x20,0x20,0x20,0x20,0x20,0x20,0x20,0x20,0x69,0x66,0x20,0x28,0x77,
0x69,0x6e,0x64,0x6f,0x77,0x2e,0x69,0x6e,0x6e,0x65,0x72,0x57,0x69,0x64,0x74,0x68,
0x20,0x3e,0x20,0x73,0x6d,0x61,0x6c,0x6c,0x53,0x63,0x72,0x65,0x65,0x6e,0x4c,0x69,
0x6d,0x69,0x74,0x29,0x20,0x7b,0x0a,0x20,0x20,0x20,0x20,0x20,0x20,0x20,0x20,0x20,
0x20,0x20,0x20,0x72,0x65,0x74,0x75,0x72,0x6e,0x3b,0x20,0x2f,0x2f,0x20,0x44,0x6f,
0x6e,0x27,0x74,0x20,0x6f,0x70,0x65,0x6e,0x20,0x6d,0x6f,0x64,0x61,0x6c,0x20,0x6f,
0x6e,0x20,0x6c,0x61,0x72,0x67,0x65,0x20,0x73,0x63,0x72,0x65,0x65,0x6e,0x73,0x0a,
0x20,0x20,0x20,0x20,0x20,0x20,0x20,0x20,0x7d,0x0a,0x0a,0x20,0x20,0x20,0x20,0x20,
0x20,0x20,0x20,0x63,0x6f,0x6e,0x73,0x74,0x20,0x72,0x6f,0x77,0x20,0x3d,0x20,0x65,
0x76,0x65,0x6e,0x74,0x2e,0x63,0x75,0x72,0x72,0x65,0x6e,0x74,0x54,0x61,0x72,0x67,
0x65,0x74,0x3b,0x0a,0x20,0x20,0x20,0x20,0x20,0x20,0x20,0x20,0x6c,0x65,0x74,0x20,
0x68,0x65,0x61,0x64,0x65,0x72,0x73,0x20,0x3d,0x20,0x41,0x72,0x72,0x61,0x79,0x2e,
0x66,0x72,0x6f,0x6d,0x28,0x64,0x6f,0x63,0x75,0x6d,0x65,0x6e,0x74,0x2e,0x71,0x75,
0x65,0x72,0x79,0x53,0x65,0x6c,0x65,0x63,0x74,0x6f,0x72,0x41,0x6c,0x6c,0x28,0x22,
0x23,0x70,0x75,0x62,0x6c,0x69,0x73,0x68,0x5f,0x73,0x65,0x74,0x74,0x69,0x6e,0x67,
0x73,0x5f,0x30,0x20,0x74,0x68,0x65,0x61,0x64,0x20,0x74,0x68,0x22,0x29,0x29,0x2e,
0x6d,0x61,0x70,0x28,0x74,0x68,0x20,0x3d,0x3e,0x20,0x74,0x68,0x2e,0x69,0x6e,0x6e,
0x65,0x72,0x54,0x65,0x78,0x74,0x29,0x3b,0x0a,0x0a,0x20,0x20,0x20,0x20,0x20,0x20,
0x20,0x20,0x6d,0x6f,0x64,0x61,0x6c,0x46,0x6f,0x72,0x6d,0x2e,0x69,0x6e,0x6e,0x65,
0x72,0x48,0x54,0x4d,0x4c,0x20,0x3d,0x20,0x27,0x27,0x3b,0x20,0x2f,0x2f,0x20,0x43,
0x6c,0x65,0x61,0x72,0x20,0x70,0x72,0x65,0x76,0x69,0x6f,0x75,0x73,0x20,0x63,0x6f,
0x6e,0x74,0x65,0x6e,0x74,0x0a,0x0a,0x20,0x20,0x20,0x20,0x20,0x20,0x20,0x20,0x63,
0x6f,0x6e,0x73,0x74,0x20,0x74,0x64,0x73,0x20,0x3d,0x20,0x72,0x6f,0x77,0x2e,0x71,
0x75,0x65,0x72,0x79,0x53,0x65,0x6c,0x65,0x63,0x74,0x6f,0x72,0x41,0x6c,0x6c,0x28,
0x22,0x74,0x64,0x22,0x29,0x3b,0x0a,0x20,0x20,0x20,0x20,0x20,0x20,0x20,0x20,0x74,
0x64,0x73,0x2e,0x66,0x6f,0x72,0x45,0x61,0x63,0x68,0x28,0x28,0x74,0x64,0x2c,0x20,
0x69,0x6e,0x64,0x65,0x78,0x29,0x20,0x3d,0x3e,0x20,0x7b,0x0a,0x20,0x20,0x20,0x20,
0x20,0x20,0x20,0x20,0x20,0x20,0x20,0x20,0x6c,0x65,0x74,0x20,0x6c,0x61,0x62,0x65,
0x6c,0x20,0x3d,0x20,0x64,0x6f,0x63,0x75,0x6d,0x65,0x6e,0x74,0x2e,0x63,0x72,0x65,
0x61,0x74,0x65,0x45,0x6c,0x65,0x6d,0x65,0x6e,0x74,0x28,0x22,0x6c,0x61,0x62,0x65,
0x6c,0x22,0x29,0x3b,0x0a,0x20,0x20,0x20,0x20,0x20,0x20,0x20,0x20,0x20,0x20,0x20,
0x20,0x6c,0x61,0x62,0x65,0x6c,0x2e,0x69,0x6e,0x6e,0x65,0x72,0x54,0x65,0x78,0x74,
0x20,0x3d,0x20,0x68,0x65,0x61,0x64,0x65,0x72,0x73,0x5b,0x69,0x6e,0x64,0x65,0x78,
0x5d,0x20,0x2b,0x20,0x28,0x69,0x6e,0x64,0x65,0x78,0x20,0x3d,0x3d,0x20,0x30,0x20,
0x3f,0x20,0x22,0x22,0x20,0x3a,0x20,0x22,0x3a,0x22,0x29,0x3b,0x0a,0x20,0x20,0x20,
0x20,0x20,0x20,0x20,0x20,0x20,0x20,0x20,0x20,0x6c,0x61,0x62,0x65,0x6c,0x2e,0x73,
0x74,0x79,0x6c,0x65,0x20,0x3d,0x20,0x22,0x70,0x61,0x64,0x64,0x69,0x6e,0x67,0x2d,
0x72,0x69,0x67,0x68,0x74,0x3a,0x20,0x31,0x30,0x70,0x78,0x3b,0x22,0x0a,0x20,0x20,
0x20,0x20,0x20,0x20,0x20,0x20,0x20,0x20,0x20,0x20,0x6c,0x65,0x74,0x20,0x63,0x6c,
0x6f,0x6e,0x65,0x64,0x49,0x6e,0x70,0x75,0x74,0x0a,0x20,0x20,0x20,0x20,0x20,0x20,
0x20,0x20,0x20,0x20,0x20,0x20,0x69,0x66,0x20,0x28,0x74,0x64,0x2e,0x66,0x69,0x72,
0x73,0x74,0x43,0x68,0x69,0x6c,0x64,0x29,0x20,0x7b,0x0a,0x20,0x20,0x20,0x20,0x20,
0x20,0x20,0x20,0x20,0x20,0x20,0x20,0x20,0x20,0x20,0x20,0x63,0x6c,0x6f,0x6e,0x65,
0x64,0x49,0x6e,0x70,0x75,0x74,0x20,0x3d,0x20,0x74,0x64,0x2e,0x66,0x69,0x72,0x73,
0x74,0x43,0x68,0x69,0x6c,0x64,0x2e,0x63,0x6c,0x6f,0x6e,0x65,0x4e,0x6f,0x64,0x65,
0x28,0x74,0x72,0x75,0x65,0x29,0x3b,0x0a,0x20,0x20,0x20,0x20,0x20,0x20,0x20,0x20,
0x20,0x20,0x20,0x20,0x20,0x20,0x20,0x20,0x63,0x6c,0x6f,0x6e,0x65,0x64,0x49,0x6e,
0x70,0x75,0x74,0x2e,0x63,0x6c,0x61,0x73,0x73,0x4c,0x69,0x73,0x74,0x20,0x3d,0x20,
0x5b,0x5d,0x3b,0x20,0x2f,0x2f,0x20,0x54,0x68,0x69,0x73,0x20,0x72,0x65,0x6d,0x6f,
0x76,0x65,0x73,0x20,0x74,0x68,0x65,0x20,0x68,0x69,0x64,0x65,0x2d,0x6f,0x6e,0x2d,
0x73,0x6d,0x61,0x6c,0x6c,0x20,0x63,0x6c,0x61,0x73,0x73,0x0a,0x20,0x20,0x20,0x20,
0x20,0x20,0x20,0x20,0x20,0x20,0x20,0x20,0x20,0x20,0x20,0x20,0x63,0x6c,0x6f,0x6e,
0x65,0x64,0x49,0x6e,0x70,0x75,0x74,0x2e,0x72,0x65,0x61,0x64,0x4f,0x6e,0x6c,0x79,
0x20,0x3d,0x20,0x66,0x61,0x6c,0x73,0x65,0x0a,0x20,0x20,0x20,0x20,0x20,0x20,0x20,
0x20,0x20,0x20,0x20,0x20,0x7d,0x0a,0x0a,0x20,0x20,0x20,0x20,0x20,0x20,0x20,0x20,
0x20,0x20,0x20,0x20,0x70,0x61,0x69,0x72,0x20,0x3d,0x20,0x64,0x6f,0x63,0x75,0x6d,
0x65,0x6e,0x74,0x2e,0x63,0x72,0x65,0x61,0x74,0x65,0x45,0x6c,0x65,0x6d,0x65,0x6e,
0x74,0x28,0x22,0x64,0x69,0x76,0x22,0x29,0x3b,0x0a,0x20,0x20,0x20,0x20,0x20,0x20,
0x20,0x20,0x20,0x20,0x20,0x20,0x70,0x61,0x69,0x72,0x2e,0x61,0x70,0x70,0x65,0x6e,
0x64,0x43,0x68,0x69,0x6c,0x64,0x28,0x6c,0x61,0x62,0x65,0x6c,0x29,0x3b,0x0a,0x20,
0x20,0x20,0x20,0x20,0x20,0x20,0x20,0x20,0x20,0x20,0x20,0x70,0x61,0x69,0x72,0x2e,
0x61,0x70,0x70,0x65,0x6e,0x64,0x43,0x68,0x69,0x6c,0x64,0x28,0x63,0x6c,0x6f,0x6e,
0x65,0x64,0x49,0x6e,0x70,0x75,0x74,0x29,0x3b,0x0a,0x20,0x20,0x20,0x20,0x20,0x20,
0x20,0x20,0x20,0x20,0x20,0x20,0x70,0x61,0x69,0x72,0x2e,0x73,0x74,0x79,0x6c,0x65,
0x20,0x3d,0x20,0x22,0x64,0x69,0x73,0x70,0x6c,0x61,0x79,0x3a,0x20,0x66,0x6c,0x65,
0x78,0x3b,0x20,0x6a,0x75,0x73,0x74,0x69,0x66,0x79,0x2d,0x63,0x6f,0x6e,0x74,0x65,
0x6e,0x74,0x3a,0x20,0x63,0x65,0x6e,0x74,0x65,0x72,0x3b,0x20,0x61,0x6c,0x69,0x67,
0x6e,0x2d,0x69,0x74,0x65,0x6d,0x73,0x3a,0x20,0x62,0x61,0x73,0x65,0x6c,0x69,0x6e,
0x65,0x3b,0x22,0x3b,0x0a,0x20,0x20,0x20,0x20,0x20,0x20,0x20,0x20,0x20,0x20,0x20,
0x20,0x6d,0x6f,0x64,0x61,0x6c,0x46,0x6f,0x72,0x6d,0x2e,0x61,0x70,0x70,0x65,0x6e,
0x64,0x43,0x68,0x69,0x6c,0x64,0x28,0x70,0x61,0x69,0x72,0x29,0x3b,0x0a,0x20,0x20,
0x20,0x20,0x20,0x20,0x20,0x20,0x7d,0x29,0x3b,0x0a,0x0a,0x20,0x20,0x20,0x20,0x20,
0x20,0x20,0x20,0x2f,0x2f,0x20,0x53,0x61,0x76,0x65,0x20,0x62,0x75,0x74,0x74,0x6f,
0x6e,0x0a,0x20,0x20,0x20,0x20,0x20,0x20,0x20,0x20,0x6c,0x65,0x74,0x20,0x73,0x61,
0x76,0x65,0x42,0x75,0x74,0x74,0x6f,0x6e,0x20,0x3d,0x20,0x64,0x6f,0x63,0x75,0x6d,
0x65,0x6e,0x74,0x2e,0x63,0x72,0x65,0x61,0x74,0x65,0x45,0x6c,0x65,0x6d,0x65,0x6e,
0x74,0x28,0x22,0x62,0x75,0x74,0x74,0x6f,0x6e,0x22,0x29,0x3b,0x0a,0x20,0x20,0x20,
0x20,0x20,0x20,0x20,0x20,0x73,0x61,0x76,0x65,0x42,0x75,0x74,0x74,0x6f,0x6e,0x2e,
0x69,0x6e,0x6e,0x65,0x72,0x54,0x65,0x78,0x74,0x20,0x3d,0x20,0x22,0x4f,0x4b,0x22,
0x3b,0x0a,0x20,0x20,0x20,0x20,0x20,0x20,0x20,0x20,0x73,0x61,0x76,0x65,0x42,0x75,
0x74,0x74,0x6f,0x6e,0x2e,0x74,0x79,0x70,0x65,0x20,0x3d,0x20,0x22,0x62,0x75,0x74,
0x74,0x6f,0x6e,0x22,0x3b,0x0a,0x20,0x20,0x20,0x20,0x20,0x20,0x20,0x20,0x73,0x61,
0x76,0x65,0x42,0x75,0x74,0x74,0x6f,0x6e,0x2e,0x6f,0x6e,0x63,0x6c,0x69,0x63,0x6b,
0x20,0x3d,0x20,0x66,0x75,0x6e,0x63,0x74,0x69,0x6f,0x6e,0x20,0x28,0x29,0x20,0x7b,
0x0a,0x20,0x20,0x20,0x20,0x20,0x20,0x20,0x20,0x20,0x20,0x20,0x20,0x76,0x61,0x72,
0x20,0x63,0x61,0x6e,0x5f,0x73,0x61,0x76,0x65,0x20,0x3d,0x20,0x74,0x72,0x75,0x65,
0x3b,0x0a,0x20,0x20,0x20,0x20,0x20,0x20,0x20,0x20,0x20,0x20,0x20,0x20,0x63,0x6f,
0x6e,0x73,0x74,0x20,0x6d,0x6f,0x64,0x61,0x6c,0x49,0x6e,0x70,0x75,0x74,0x73,0x20,
0x3d,0x20,0x6d,0x6f,0x64,0x61,0x6c,0x46,0x6f,0x72,0x6d,0x2e,0x71,0x75,0x65,0x72,
0x79,0x53,0x65,0x6c,0x65,0x63,0x74,0x6f,0x72,0x41,0x6c,0x6c,0x28,0x22,0x69,0x6e,
0x70,0x75,0x74,0x22,0x29,0x3b,0x0a,0x20,0x20,0x20,0x20,0x20,0x20,0x20,0x20,0x20,
0x20,0x20,0x20,0x6d,0x6f,0x64,0x61,0x6c,0x49,0x6e,0x70,0x75,0x74,0x73,0x2e,0x66,
0x6f,0x72,0x45,0x61,0x63,0x68,0x28,0x28,0x6d,0x6f,0x64,0x61,0x6c,0x49,0x6e,0x70,
0x75,0x74,0x2c,0x20,0x69,0x6e,0x64,0x65,0x78,0x29,0x20,0x3d,0x3e,0x20,0x7b,0x0a,
0x20,0x20,0x20,0x20,0x20,0x20,0x20,0x20,0x20,0x20,0x20,0x20,0x20,0x20,0x20,0x20,
0x69,0x66,0x20,0x28,0x6d,0x6f,0x64,0x61,0x6c,0x49,0x6e,0x70,0x75,0x74,0x2e,0x74,
0x79,0x70,0x65,0x20,0x3d,0x3d,0x3d,0x20,0x27,0x63,0x68,0x65,0x63,0x6b,0x62,0x6f,
0x78,0x27,0x29,0x20,0x7b,0x0a,0x20,0x20,0x20,0x20,0x20,0x20,0x20,0x20,0x20,0x20,
0x20,0x20,0x20,0x20,0x20,0x20,0x20,0x20,0x20,0x20,0x74,0x64,0x73,0x5b,0x69,0x6e,
0x64,0x65,0x78,0x20,0x2b,0x20,0x31,0x5d,0x2e,0x66,0x69,0x72,0x73,0x74,0x43,0x68,
0x69,0x6c,0x64,0x2e,0x63,0x68,0x65,0x63,0x6b,0x65,0x64,0x20,0x3d,0x20,0x6d,0x6f,
0x64,0x61,0x6c,0x49,0x6e,0x70,0x75,0x74,0x2e,0x63,0x68,0x65,0x63,0x6b,0x65,0x64,
0x3b,0x20,0x2f,0x2f,0x20,0x2b,0x31,0x20,0x62,0x65,0x63,0x61,0x75,0x73,0x65,0x20,
0x66,0x69,0x72,0x73,0x74,0x20,0x65,0x6c,0x65,0x6d,0x65,0x6e,0x74,0x20,0x69,0x73,
0x20,0x6e,0x6f,0x74,0x20,0x61,0x6e,0x20,0x69,0x6e,0x70,0x75,0x74,0x0a,0x20,0x20,
0x20,0x20,0x20,0x20,0x20,0x20,0x20,0x20,0x20,0x20,0x20,0x20,0x20,0x20,0x7d,0x20,
0x65,0x6c,0x73,0x65,0x20,0x7b,0x0a,0x20,0x20,0x20,0x20,0x20,0x20,0x20,0x20,0x20,
0x20,0x20,0x20,0x20,0x20,0x20,0x20,0x20,0x20,0x20,0x20,0x69,0x66,0x20,0x28,0x6d,
0x6f,0x64,0x61,0x6c,0x49,0x6e,0x70,0x75,0x74,0x2e,0x63,0x68,0x65,0x63,0x6b,0x56,
0x61,0x6c,0x69,0x64,0x69,0x74,0x79,0x28,0x29,0x29,0x20,0x7b,0x20,0x20,0x20,0x20,
0x20,0x20,0x20,0x20,0x20,0x20,0x20,0x20,0x20,0x20,0x20,0x20,0x20,0x20,0x20,0x20,
0x20,0x20,0x20,0x20,0x0a,0x20,0x20,0x20,0x20,0x20,0x20,0x20,0x20,0x20,0x20,0x20,
0x20,0x20,0x20,0x20,0x20,0x20,0x20,0x20,0x20,0x20,0x20,0x20,0x20,0x74,0x64,0x73,
0x5b,0x69,0x6e,0x64,0x65,0x78,0x20,0x2b,0x20,0x31,0x5d,0x2e,0x66,0x69,0x72,0x73,
0x74,0x43,0x68,0x69,0x6c,0x64,0x2e,0x76,0x61,0x6c,0x75,0x65,0x20,0x3d,0x20,0x6d,
0x6f,0x64,0x61,0x6c,0x49,0x6e,0x70,0x75,0x74,0x2e,0x76,0x61,0x6c,0x75,0x65,0x3b,
0x20,0x2f,0x2f,0x20,0x2b,0x31,0x20,0x62,0x65,0x63,0x61,0x75,0x73,0x65,0x20,0x66,
0x69,0x72,0x73,0x74,0x20,0x65,0x6c,0x65,0x6d,0x65,0x6e,0x74,0x20,0x69,0x73,0x20,
0x6e,0x6f,0x74,0x20,0x61,0x6e,0x20,0x69,0x6e,0x70,0x75,0x74,0x0a,0x20,0x20,0x20,
0x20,0x20,0x20,0x20,0x20,0x20,0x20,0x20,0x20,0x20,0x20,0x20,0x20,0x20,0x20,0x20,
0x20,0x7d,0x20,0x65,0x6c,0x73,0x65,0x20,0x7b,0x0a,0x20,0x20,0x20,0x20,0x20,0x20,
0x20,0x20,0x20,0x20,0x20,0x20,0x20,0x20,0x20,0x20,0x20,0x20,0x20,0x20,0x20,0x20,
0x20,0x20,0x6d,0x6f,0x64,0x61,0x6c,0x49,0x6e,0x70,0x75,0x74,0x2e,0x72,0x65,0x70,
0x6f,0x72,0x74,0x56,0x61,0x6c,0x69,0x64,0x69,0x74,0x79,0x28,0x29,0x0a,0x20,0x20,
0x20,0x20,0x20,0x20,0x20,0x20,0x20,0x20,0x20,0x20,0x20,0x20,0x20,0x20,0x20,0x20,
0x20,0x20,0x20,0x20,0x20,0x20,0x63,0x61,0x6e,0x5f,0x73,0x61,0x76,0x65,0x20,0x3d,
0x20,0x66,0x61,0x6c,0x73,0x65,0x3b,0x20,0x20,0x20,0x20,0x20,0x20,0x20,0x20,0x20,
0x20,0x20,0x20,0x20,0x20,0x20,0x20,0x20,0x20,0x20,0x20,0x20,0x20,0x20,0x20,0x0a,
0x20,0x20,0x20,0x20,0x20,0x20,0x20,0x20,0x20,0x20,0x20,0x20,0x20,0x20,0x20,0x20,
0x20,0x20,0x20,0x20,0x7d,0x0a,0x20,0x20,0x20,0x20,0x20,0x20,0x20,0x20,0x20,0x20,
0x20,0x20,0x20,0x20,0x20,0x20,0x20,0x20,0x20,0x20,0x0a,0x20,0x20,0x20,0x20,0x20,
0x20,0x20,0x20,0x20,0x20,0x20,0x20,0x20,0x20,0x20,0x20,0x7d,0x0a,0x20,0x20,0x20,
0x20,0x20,0x20,0x20,0x20,0x20,0x20,0x20,0x20,0x7d,0x29,0x3b,0x0a,0x0a,0x20,0x20,
0x20,0x20,0x20,0x20,0x20,0x20,0x20,0x20,0x20,0x20,0x69,0x66,0x20,0x28,0x63,0x61,
0x6e,0x5f,0x73,0x61,0x76,0x65,0x29,0x20,0x7b,0x0a,0x20,0x20,0x20,0x20,0x20,0x20,
0x20,0x20,0x20,0x20,0x20,0x20,0x20,0x20,0x20,0x20,0x63,0x6c,0x6f,0x73,0x65,0x46,
0x6f,0x72,0x6d,0x4d,0x6f,0x64,0x61,0x6c,0x28,0x29,0x3b,0x0a,0x20,0x20,0x20,0x20,
0x20,0x20,0x20,0x20,0x20,0x20,0x20,0x20,0x7d,0x20,0x20,0x20,0x20,0x20,0x20,0x20,
0x20,0x20,0x20,0x20,0x20,0x20,0x20,0x20,0x20,0x20,0x20,0x20,0x20,0x20,0x20,0x20,
0x20,0x20,0x20,0x20,0x20,0x20,0x20,0x20,0x20,0x20,0x20,0x20,0x20,0x0a,0x20,0x20,
0x20,0x20,0x20,0x20,0x20,0x20,0x7d,0x3b,0x0a,0x0a,0x20,0x20,0x20,0x20,0x20,0x20,
0x20,0x20,0x6d,0x6f,0x64,0x61,0x6c,0x46,0x6f,0x72,0x6d,0x2e,0x61,0x70,0x70,0x65,
0x6e,0x64,0x43,0x68,0x69,0x6c,0x64,0x28,0x73,0x61,0x76,0x65,0x42,0x75,0x74,0x74,
0x6f,0x6e,0x29,0x3b,0x0a,0x0a,0x20,0x20,0x20,0x20,0x20,0x20,0x20,0x20,0x2f,0x2f,
0x20,0x53,0x68,0x6f,0x77,0x20,0x6d,0x6f,0x64,0x61,0x6c,0x0a,0x20,0x20,0x20,0x20,
0x20,0x20,0x20,0x20,0x6d,0x6f,0x64,0x61,0x6c,0x43,0x6f,0x6e,0x74,0x65,0x6e,0x74,
0x2e,0x73,0x74,0x79,0x6c,0x65,0x2e,0x64,0x69,0x73,0x70,0x6c,0x61,0x79,0x20,0x3d,
0x20,0x22,0x62,0x6c,0x6f,0x63,0x6b,0x22,0x3b,0x0a,0x20,0x20,0x20,0x20,0x20,0x20,
0x20,0x20,0x63,0x6f,0x6e,0x73,0x74,0x20,0x6d,0x6f,0x64,0x61,0x6c,0x4f,0x76,0x65,
0x72,0x6c,0x61,0x79,0x20,0x3d,0x20,0x64,0x6f,0x63,0x75,0x6d,0x65,0x6e,0x74,0x2e,
0x67,0x65,0x74,0x45,0x6c,0x65,0x6d,0x65,0x6e,0x74,0x42,0x79,0x49,0x64,0x28,0x22,
0x6d,0x6f,0x64,0x61,0x6c,0x2d,0x6f,0x76,0x65,0x72,0x6c,0x61,0x79,0x22,0x29,0x3b,
0x0a,0x20,0x20,0x20,0x20,0x20,0x20,0x20,0x20,0x6d,0x6f,0x64,0x61,0x6c,0x4f,0x76,
0x65,0x72,0x6c,0x61,0x79,0x2e,0x73,0x74,0x79,0x6c,0x65,0x2e,0x64,0x69,0x73,0x70,
0x6c,0x61,0x79,0x20,0x3d,0x20,0x22,0x62,0x6c,0x6f,0x63,0x6b,0x22,0x3b,0x0a,0x20,
0x20,0x20,0x20,0x7d,0x0a,0x0a,0x20,0x20,0x20,0x20,0x66,0x75,0x6e,0x63,0x74,0x69,
0x6f,0x6e,0x20,0x63,0x6c,0x6f,0x73,0x65,0x46,0x6f,0x72,0x6d,0x4d,0x6f,0x64,0x61,
0x6c,0x28,0x29,0x20,0x7b,0x0a,0x20,0x20,0x20,0x20,0x20,0x20,0x20,0x20,0x63,0x6f,
0x6e,0x73,0x74,0x20,0x6d,0x6f,0x64,0x61,0x6c,0x4f,0x76,0x65,0x72,0x6c,0x61,0x79,
0x20,0x3d,0x20,0x64,0x6f,0x63,0x75,0x6d,0x65,0x6e,0x74,0x2e,0x67,0x65,0x74,0x45,
0x6c,0x65,0x6d,0x65,0x6e,0x74,0x42,0x79,0x49,0x64,0x28,0x22,0x6d,0x6f,0x64,0x61,
0x6c,0x2d,0x6f,0x76,0x65,0x72,0x6c,0x61,0x79,0x22,0x29,0x3b,0x0a,0x20,0x20,0x20,
0x20,0x20,0x20,0x20,0x20,0x63,0x6f,0x6e,0x73,0x74,0x20,0x6d,0x6f,0x64,0x61,0x6c,
0x43,0x6f,0x6e,0x74,0x65,0x6e,0x74,0x20,0x3d,0x20,0x64,0x6f,0x63,0x75,0x6d,0x65,
0x6e,0x74,0x2e,0x67,0x65,0x74,0x45,0x6c,0x65,0x6d,0x65,0x6e,0x74,0x42,0x79,0x49,
0x64,0x28,0x22,0x6d,0x6f,0x64,0x61,0x6c,0x5f,0x63,0x6f,0x6e,0x74,0x65,0x6e,0x74,
0x22,0x29,0x3b,0x0a,0x20,0x20,0x20,0x20,0x20,0x20,0x20,0x20,0x6d,0x6f,0x64,0x61,
0x6c,0x43,0x6f,0x6e,0x74,0x65,0x6e,0x74,0x2e,0x73,0x74,0x79,0x6c,0x65,0x2e,0x64,
0x69,0x73,0x70,0x6c,0x61,0x79,0x20,0x3d,0x20,0x22,0x6e,0x6f,0x6e,0x65,0x22,0x3b,
0x0a,0x20,0x20,0x20,0x20,0x20,0x20,0x20,0x20,0x6d,0x6f,0x64,0x61,0x6c,0x4f,0x76,
0x65,0x72,0x6c,0x61,0x79,0x2e,0x73,0x74,0x79,0x6c,0x65,0x2e,0x64,0x69,0x73,0x70,
0x6c,0x61,0x79,0x20,0x3d,0x20,0x22,0x6e,0x6f,0x6e,0x65,0x22,0x3b,0x0a,0x20,0x20,
0x20,0x20,0x7d,0x0a,0x0a,0x20,0x20,0x20,0x20,0x66,0x75,0x6e,0x63,0x74,0x69,0x6f,
0x6e,0x20,0x73,0x65,0x74,0x4d,0x6f,0x64,0x61,0x6c,0x45,0x64,0x69,0x74,0x69,0x6e,
0x67,0x28,0x29,0x20,0x7b,0x0a,0x20,0x20,0x20,0x20,0x20,0x20,0x20,0x20,0x63,0x6f,
0x6e,0x73,0x74,0x20,0x74,0x61,0x62,0x6c,0x65,0x73,0x20,0x3d,0x20,0x64,0x6f,0x63,
0x75,0x6d,0x65,0x6e,0x74,0x2e,0x71,0x75,0x65,0x72,0x79,0x53,0x65,0x6c,0x65,0x63,
0x74,0x6f,0x72,0x41,0x6c,0x6c,0x28,0x22,0x5b,0x69,0x64,0x5e,0x3d,0x27,0x70,0x75,
0x62,0x6c,0x69,0x73,0x68,0x5f,0x73,0x65,0x74,0x74,0x69,0x6e,0x67,0x73,0x5f,0x27,
0x5d,0x22,0x29,0x3b,0x20,0x2f,0x2f,0x20,0x53,0x65,0x6c,0x65,0x63,0x74,0x73,0x20,
0x61,0x6c,0x6c,0x20,0x74,0x61,0x62,0x6c,0x65,0x73,0x20,0x77,0x69,0x74,0x68,0x20,
0x49,0x44,0x20,0x73,0x74,0x61,0x72,0x74,0x69,0x6e,0x67,0x20,0x77,0x69,0x74,0x68,
0x20,0x22,0x70,0x75,0x62,0x6c,0x69,0x73,0x68,0x5f,0x73,0x65,0x74,0x74,0x69,0x6e,
0x67,0x73,0x5f,0x22,0x0a,0x20,0x20,0x20,0x20,0x20,0x20,0x20,0x20,0x63,0x6f,0x6e,
0x73,0x74,0x20,0x69,0x73,0x53,0x6d,0x61,0x6c,0x6c,0x53,0x63,0x72,0x65,0x65,0x6e,
0x20,0x3d,0x20,0x77,0x69,0x6e,0x64,0x6f,0x77,0x2e,0x69,0x6e,0x6e,0x65,0x72,0x57,
0x69,0x64,0x74,0x68,0x20,0x3c,0x3d,0x20,0x73,0x6d,0x61,0x6c,0x6c,0x53,0x63,0x72,
0x65,0x65,0x6e,0x4c,0x69,0x6d,0x69,0x74,0x3b,0x0a,0x0a,0x20,0x20,0x20,0x20,0x20,
0x20,0x20,0x20,0x74,0x61,0x62,0x6c,0x65,0x73,0x2e,0x66,0x6f,0x72,0x45,0x61,0x63,
0x68,0x28,0x74,0x61,0x62,0x6c,0x65,0x20,0x3d,0x3e,0x20,0x7b,0x0a,0x20,0x20,0x20,
0x20,0x20,0x20,0x20,0x20,0x20,0x20,0x20,0x20,0x74,0x61,0x62,0x6c,0x65,0x52,0x6f,
0x77,0x73,0x20,0x3d,0x20,0x74,0x61,0x62,0x6c,0x65,0x2e,0x71,0x75,0x65,0x72,0x79,
0x53,0x65,0x6c,0x65,0x63,0x74,0x6f,0x72,0x41,0x6c,0x6c,0x28,0x22,0x74,0x62,0x6f,
0x64,0x79,0x20,0x74,0x72,0x22,0x29,0x3b,0x0a,0x20,0x20,0x20,0x20,0x20,0x20,0x20,
0x20,0x20,0x20,0x20,0x20,0x74,0x61,0x62,0x6c,0x65,0x52,0x6f,0x77,0x73,0x2e,0x66,
0x6f,0x72,0x45,0x61,0x63,0x68,0x28,0x72,0x6f,0x77,0x20,0x3d,0x3e,0x20,0x7b,0x0a,
0x20,0x20,0x20,0x20,0x20,0x20,0x20,0x20,0x20,0x20,0x20,0x20,0x20,0x20,0x20,0x20,
0x72,0x6f,0x77,0x2e,0x61,0x64,0x64,0x45,0x76,0x65,0x6e,0x74,0x4c,0x69,0x73,0x74,
0x65,0x6e,0x65,0x72,0x28,0x22,0x63,0x6c,0x69,0x63,0x6b,0x22,0x2c,0x20,0x68,0x61,
0x6e,0x64,0x6c,0x65,0x52,0x6f,0x77,0x43,0x6c,0x69,0x63,0x6b,0x29,0x3b,0x0a,0x20,
0x20,0x20,0x20,0x20,0x20,0x20,0x20,0x20,0x20,0x20,0x20,0x7d,0x29,0x3b,0x0a,0x20,
0x20,0x20,0x20,0x20,0x20,0x20,0x20,0x7d,0x29,0x3b,0x0a,0x20,0x20,0x20,0x20,0x7d,
0x0a,0x0a,0x20,0x20,0x20,0x20,0x64,0x6f,0x63,0x75,0x6d,0x65,0x6e,0x74,0x2e,0x61,
0x64,0x64,0x45,0x76,0x65,0x6e,0x74,0x4c,0x69,0x73,0x74,0x65,0x6e,0x65,0x72,0x28,
0x22,0x44,0x4f,0x4d,0x43,0x6f,0x6e,0x74,0x65,0x6e,0x74,0x4c,0x6f,0x61,0x64,0x65,
0x64,0x22,0x2c,0x20,0x66,0x75,0x6e,0x63,0x74,0x69,0x6f,0x6e,0x20,0x28,0x29,0x20,
0x7b,0x0a,0x20,0x20,0x20,0x20,0x20,0x20,0x20,0x20,0x63,0x6f,0x6e,0x73,0x74,0x20,
0x6d,0x6f,0x64,0x61,0x6c,0x4f,0x76,0x65,0x72,0x6c,0x61,0x79,0x20,0x3d,0x20,0x64,
0x6f,0x63,0x75,0x6d,0x65,0x6e,0x74,0x2e,0x67,0x65,0x74,0x45,0x6c,0x65,0x6d,0x65,
0x6e,0x74,0x42,0x79,0x49,0x64,0x28,0x22,0x6d,0x6f,0x64,0x61,0x6c,0x2d,0x6f,0x76,
0x65,0x72,0x6c,0x61,0x79,0x22,0x29,0x3b,0x0a,0x20,0x20,0x20,0x20,0x20,0x20,0x20,
0x20,0x6d,0x6f,0x64,0x61,0x6c,0x4f,0x76,0x65,0x72,0x6c,0x61,0x79,0x2e,0x61,0x64,
0x64,0x45,0x76,0x65,0x6e,0x74,0x4c,0x69,0x73,0x74,0x65,0x6e,0x65,0x72,0x28,0x22,
0x63,0x6c,0x69,0x63,0x6b,0x22,0x2c,0x20,0x63,0x6c,0x6f,0x73,0x65,0x46,0x6f,0x72,
0x6d,0x4d,0x6f,0x64,0x61,0x6c,0x29,0x3b,0x0a,0x0a,0x20,0x20,0x20,0x20,0x20,0x20,
0x20,0x20,0x63,0x6f,0x6e,0x73,0x74,0x20,0x63,0x6c,0x6f,0x73,0x65,0x4d,0x6f,0x64,
0x61,0x6c,0x46,0x6f,0x72,0x6d,0x42,0x74,0x6e,0x20,0x3d,0x20,0x64,0x6f,0x63,0x75,
0x6d,0x65,0x6e,0x74,0x2e,0x67,0x65,0x74,0x45,0x6c,0x65,0x6d,0x65,0x6e,0x74,0x42,
0x79,0x49,0x64,0x28,0x22,0x63,0x6c,0x6f,0x73,0x65,0x4d,0x6f,0x64,0x61,0x6c,0x46,
0x6f,0x72,0x6d,0x42,0x74,0x6e,0x22,0x29,0x3b,0x0a,0x20,0x20,0x20,0x20,0x20,0x20,
0x20,0x20,0x63,0x6c,0x6f,0x73,0x65,0x4d,0x6f,0x64,0x61,0x6c,0x46,0x6f,0x72,0x6d,
0x42,0x74,0x6e,0x2e,0x61,0x64,0x64,0x45,0x76,0x65,0x6e,0x74,0x4c,0x69,0x73,0x74,
0x65,0x6e,0x65,0x72,0x28,0x22,0x63,0x6c,0x69,0x63,0x6b,0x22,0x2c,0x20,0x63,0x6c,
0x6f,0x73,0x65,0x46,0x6f,0x72,0x6d,0x4d,0x6f,0x64,0x61,0x6c,0x29,0x3b,0x0a,0x0a,
0x20,0x20,0x20,0x20,0x20,0x20,0x20,0x20,0x74,0x65,0x6d,0x70,0x6c,0x61,0x74,0x65,
0x73,0x5f,0x73,0x65,0x6c,0x65,0x63,0x74,0x20,0x3d,0x20,0x64,0x6f,0x63,0x75,0x6d,
0x65,0x6e,0x74,0x2e,0x67,0x65,0x74,0x45,0x6c,0x65,0x6d,0x65,0x6e,0x74,0x42,0x79,
0x49,0x64,0x28,0x22,0x74,0x65,0x6d,0x70,0x6c,0x61,0x74,0x65,0x73,0x5f,0x73,0x65,
0x6c,0x65,0x63,0x74,0x22,0x29,0x3b,0x0a,0x20,0x20,0x20,0x20,0x20,0x20,0x20,0x20,
0x66,0x6f,0x72,0x20,0x28,0x6e,0x61,0x6d,0x65,0x20,0x69,0x6e,0x20,0x73,0x65,0x6e,
0x73,0x6f,0x72,0x73,0x5f,0x74,0x65,0x6d,0x70,0x6c,0x61,0x74,0x65,0x73,0x29,0x20,
0x7b,0x0a,0x20,0x20,0x20,0x20,0x20,0x20,0x20,0x20,0x20,0x20,0x20,0x20,0x76,0x61,
0x72,0x20,0x6f,0x70,0x74,0x20,0x3d,0x20,0x64,0x6f,0x63,0x75,0x6d,0x65,0x6e,0x74,
0x2e,0x63,0x72,0x65,0x61,0x74,0x65,0x45,0x6c,0x65,0x6d,0x65,0x6e,0x74,0x28,0x27,
0x6f,0x70,0x74,0x69,0x6f,0x6e,0x27,0x29,0x3b,0x0a,0x20,0x20,0x20,0x20,0x20,0x20,
0x20,0x20,0x20,0x20,0x20,0x20,0x6f,0x70,0x74,0x2e,0x76,0x61,0x6c,0x75,0x65,0x20,
0x3d,0x20,0x6e,0x61,0x6d,0x65,0x3b,0x0a,0x20,0x20,0x20,0x20,0x20,0x20,0x20,0x20,
0x20,0x20,0x20,0x20,0x6f,0x70,0x74,0x2e,0x69,0x6e,0x6e,0x65,0x72,0x48,0x54,0x4d,
0x4c,0x20,0x3d,0x20,0x6e,0x61,0x6d,0x65,0x3b,0x0a,0x20,0x20,0x20,0x20,0x20,0x20,
0x20,0x20,0x20,0x20,0x20,0x20,0x74,0x65,0x6d,0x70,0x6c,0x61,0x74,0x65,0x73,0x5f,
0x73,0x65,0x6c,0x65,0x63,0x74,0x2e,0x61,0x70,0x70,0x65,0x6e,0x64,0x43,0x68,0x69,
0x6c,0x64,0x28,0x6f,0x70,0x74,0x29,0x3b,0x0a,0x20,0x20,0x20,0x20,0x20,0x20,0x20,
0x20,0x7d,0x3b,0x0a,0x0a,0x20,0x20,0x20,0x20,0x20,0x20,0x20,0x20,0x2f,0x2f,0x20,
0x49,0x6e,0x69,0x74,0x69,0x61,0x6c,0x69,0x7a,0x65,0x20,0x74,0x68,0x65,0x20,0x73,
0x6c,0x69,0x64,0x65,0x72,0x0a,0x20,0x20,0x20,0x20,0x20,0x20,0x20,0x20,0x6e,0x65,
0x77,0x20,0x54,0x6f,0x75,0x63,0x68,0x53,0x6c,0x69,0x64,0x65,0x72,0x28,0x29,0x3b,
0x0a,0x20,0x20,0x20,0x20,0x7d,0x29,0x3b,0x0a,0x0a,0x20,0x20,0x20,0x20,0x63,0x6c,
0x61,0x73,0x73,0x20,0x57,0x65,0x62,0x53,0x6f,0x63,0x6b,0x65,0x74,0x43,0x6c,0x69,
0x65,0x6e,0x74,0x20,0x7b,0x0a,0x20,0x20,0x20,0x20,0x20,0x20,0x20,0x20,0x63,0x6f,
0x6e,0x73,0x74,0x72,0x75,0x63,0x74,0x6f,0x72,0x28,0x70,0x61,0x74,0x68,0x20,0x3d,
0x20,0x22,0x22,0x2c,0x20,0x6d,0x61,0x78,0x52,0x65,0x63,0x6f,0x6e,0x6e,0x65,0x63,
0x74,0x41,0x74,0x74,0x65,0x6d,0x70,0x74,0x73,0x20,0x3d,0x20,0x31,0x30,0x29,0x20,
0x7b,0x0a,0x20,0x20,0x20,0x20,0x20,0x20,0x20,0x20,0x20,0x20,0x20,0x20,0x74,0x68,
0x69,0x73,0x2e,0x70,0x61,0x74,0x68,0x20,0x3d,0x20,0x70,0x61,0x74,0x68,0x3b,0x0a,
0x0a,0x20,0x20,0x20,0x20,0x20,0x20,0x20,0x20,0x20,0x20,0x20,0x20,0x69,0x66,0x20,
0x28,0x77,0x69,0x6e,0x64,0x6f,0x77,0x2e,0x6c,0x6f,0x63,0x61,0x74,0x69,0x6f,0x6e,
0x2e,0x70,0x72,0x6f,0x74,0x6f,0x63,0x6f,0x6c,0x20,0x3d,0x3d,0x3d,0x20,0x27,0x66,
0x69,0x6c,0x65,0x3a,0x27,0x29,0x20,0x7b,0x0a,0x20,0x20,0x20,0x20,0x20,0x20,0x20,
0x20,0x20,0x20,0x20,0x20,0x20,0x20,0x20,0x20,0x63,0x6f,0x6e,0x73,0x74,0x20,0x70,
0x61,0x72,0x61,0x6d,0x73,0x20,0x3d,0x20,0x6e,0x65,0x77,0x20,0x55,0x52,0x4c,0x53,
0x65,0x61,0x72,0x63,0x68,0x50,0x61,0x72,0x61,0x6d,0x73,0x28,0x77,0x69,0x6e,0x64,
0x6f,0x77,0x2e,0x6c,0x6f,0x63,0x61,0x74,0x69,0x6f,0x6e,0x2e,0x73,0x65,0x61,0x72,
0x63,0x68,0x29,0x3b,0x0a,0x20,0x20,0x20,0x20,0x20,0x20,0x20,0x20,0x20,0x20,0x20,
0x20,0x20,0x20,0x20,0x20,0x74,0x68,0x69,0x73,0x2e,0x68,0x6f,0x73,0x74,0x20,0x3d,
0x20,0x70,0x61,0x72,0x61,0x6d,0x73,0x2e,0x67,0x65,0x74,0x28,0x27,0x77,0x73,0x5f,
0x68,0x6f,0x73,0x74,0x27,0x29,0x3b,0x0a,0x20,0x20,0x20,0x20,0x20,0x20,0x20,0x20,
0x20,0x20,0x20,0x20,0x20,0x20,0x20,0x20,0x69,0x66,0x20,0x28,0x21,0x74,0x68,0x69,
0x73,0x2e,0x68,0x6f,0x73,0x74,0x29,0x20,0x7b,0x0a,0x20,0x20,0x20,0x20,0x20,0x20,
0x20,0x20,0x20,0x20,0x20,0x20,0x20,0x20,0x20,0x20,0x20,0x20,0x20,0x20,0x61,0x6c,
0x65,0x72,0x74,0x28,0x22,0x50,0x61,0x73,0x73,0x20,0x57,0x65,0x62,0x73,0x6f,0x63,
0x6b,0x65,0x74,0x20,0x73,0x65,0x72,0x76,0x65,0x72,0x20,0x69,0x70,0x20,0x61,0x64,
0x64,0x72,0x65,0x73,0x73,0x20,0x61,0x73,0x20,0x75,0x72,0x6c,0x20,0x70,0x61,0x72,
0x61,0x6d,0x65,0x74,0x65,0x72,0x2e,0x20,0x5c,0x6e,0x45,0x78,0x61,0x6d,0x70,0x6c,
0x65,0x3a,0x20,0x3f,0x77,0x73,0x5f,0x68,0x6f,0x73,0x74,0x3d,0x31,0x39,0x32,0x2e,
0x31,0x36,0x38,0x2e,0x31,0x36,0x37,0x2e,0x35,0x36,0x22,0x29,0x3b,0x0a,0x20,0x20,
0x20,0x20,0x20,0x20,0x20,0x20,0x20,0x20,0x20,0x20,0x20,0x20,0x20,0x20,0x7d,0x0a,
0x20,0x20,0x20,0x20,0x20,0x20,0x20,0x20,0x20,0x20,0x20,0x20,0x7d,0x20,0x65,0x6c,
0x73,0x65,0x20,0x7b,0x0a,0x20,0x20,0x20,0x20,0x20,0x20,0x20,0x20,0x20,0x20,0x20,
0x20,0x20,0x20,0x20,0x20,0x74,0x68,0x69,0x73,0x2e,0x68,0x6f,0x73,0x74,0x20,0x3d,
0x20,0x77,0x69,0x6e,0x64,0x6f,0x77,0x2e,0x6c,0x6f,0x63,0x61,0x74,0x69,0x6f,0x6e,
0x2e,0x68,0x6f,0x73,0x74,0x3b,0x0a,0x20,0x20,0x20,0x20,0x20,0x20,0x20,0x20,0x20,
0x20,0x20,0x20,0x7d,0x0a,0x20,0x20,0x20,0x20,0x20,0x20,0x20,0x20,0x20,0x20,0x20,
0x20,0x74,0x68,0x69,0x73,0x2e,0x70,0x6f,0x72,0x74,0x20,0x3d,0x20,0x38,0x37,0x36,
0x35,0x0a,0x20,0x20,0x20,0x20,0x20,0x20,0x20,0x20,0x20,0x20,0x20,0x20,0x74,0x68,
0x69,0x73,0x2e,0x6d,0x61,0x78,0x52,0x65,0x63,0x6f,0x6e,0x6e,0x65,0x63,0x74,0x41,
0x74,0x74,0x65,0x6d,0x70,0x74,0x73,0x20,0x3d,0x20,0x6d,0x61,0x78,0x52,0x65,0x63,
0x6f,0x6e,0x6e,0x65,0x63,0x74,0x41,0x74,0x74,0x65,0x6d,0x70,0x74,0x73,0x3b,0x0a,
0x20,0x20,0x20,0x20,0x20,0x20,0x20,0x20,0x20,0x20,0x20,0x20,0x74,0x68,0x69,0x73,
0x2e,0x72,0x65,0x63,0x6f,0x6e,0x6e,0x65,0x63,0x74,0x41,0x74,0x74,0x65,0x6d,0x70,
0x74,0x73,0x20,0x3d,0x20,0x30,0x3b,0x0a,0x20,0x20,0x20,0x20,0x20,0x20,0x20,0x20,
0x20,0x20,0x20,0x20,0x74,0x68,0x69,0x73,0x2e,0x73,0x6f,0x63,0x6b,0x65,0x74,0x20,
0x3d,0x20,0x6e,0x75,0x6c,0x6c,0x3b,0x0a,0x20,0x20,0x20,0x20,0x20,0x20,0x20,0x20,
0x20,0x20,0x20,0x20,0x74,0x68,0x69,0x73,0x2e,0x63,0x6f,0x6e,0x6e,0x65,0x63,0x74,
0x28,0x29,0x3b,0x0a,0x20,0x20,0x20,0x20,0x20,0x20,0x20,0x20,0x7d,0x0a,0x0a,0x20,
0x20,0x20,0x20,0x20,0x20,0x20,0x20,0x63,0x6f,0x6e,0x6e,0x65,0x63,0x74,0x28,0x29,
0x20,0x7b,0x0a,0x20,0x20,0x20,0x20,0x20,0x20,0x20,0x20,0x20,0x20,0x20,0x20,0x63,
0x6f,0x6e,0x73,0x74,0x20,0x70,0x72,0x6f,0x74,0x6f,0x63,0x6f,0x6c,0x20,0x3d,0x20,
0x77,0x69,0x6e,0x64,0x6f,0x77,0x2e,0x6c,0x6f,0x63,0x61,0x74,0x69,0x6f,0x6e,0x2e,
0x70,0x72,0x6f,0x74,0x6f,0x63,0x6f,0x6c,0x20,0x3d,0x3d,0x3d,0x20,0x22,0x68,0x74,
0x74,0x70,0x73,0x3a,0x22,0x20,0x3f,0x20,0x22,0x77,0x73,0x73,0x3a,0x2f,0x2f,0x22,
0x20,0x3a,0x20,0x22,0x77,0x73,0x3a,0x2f,0x2f,0x22,0x3b,0x0a,0x20,0x20,0x20,0x20,
0x20,0x20,0x20,0x20,0x20,0x20,0x20,0x20,0x63,0x6f,0x6e,0x73,0x74,0x20,0x77,0x73,
0x55,0x72,0x6c,0x20,0x3d,0x20,0x60,0x24,0x7b,0x70,0x72,0x6f,0x74,0x6f,0x63,0x6f,
0x6c,0x7d,0x24,0x7b,0x74,0x68,0x69,0x73,0x2e,0x68,0x6f,0x73,0x74,0x7d,0x3a,0x24,
0x7b,0x74,0x68,0x69,0x73,0x2e,0x70,0x6f,0x72,0x74,0x7d,0x24,0x7b,0x74,0x68,0x69,
0x73,0x2e,0x70,0x61,0x74,0x68,0x7d,0x60,0x3b,0x0a,0x0a,0x20,0x20,0x20,0x20,0x20,
0x20,0x20,0x20,0x20,0x20,0x20,0x20,0x63,0x6f,0x6e,0x73,0x6f,0x6c,0x65,0x2e,0x6c,
0x6f,0x67,0x28,0x22,0x43,0x6f,0x6e,0x6e,0x65,0x63,0x74,0x69,0x6e,0x67,0x20,0x74,
0x6f,0x22,0x2c,0x20,0x77,0x73,0x55,0x72,0x6c,0x29,0x3b,0x0a,0x20,0x20,0x20,0x20,
0x20,0x20,0x20,0x20,0x20,0x20,0x20,0x20,0x74,0x68,0x69,0x73,0x2e,0x73,0x6f,0x63,
0x6b,0x65,0x74,0x20,0x3d,0x20,0x6e,0x65,0x77,0x20,0x57,0x65,0x62,0x53,0x6f,0x63,
0x6b,0x65,0x74,0x28,0x77,0x73,0x55,0x72,0x6c,0x29,0x3b,0x0a,0x0a,0x20,0x20,0x20,
0x20,0x20,0x20,0x20,0x20,0x20,0x20,0x20,0x20,0x74,0x68,0x69,0x73,0x2e,0x73,0x6f,
0x63,0x6b,0x65,0x74,0x2e,0x61,0x64,0x64,0x45,0x76,0x65,0x6e,0x74,0x4c,0x69,0x73,
0x74,0x65,0x6e,0x65,0x72,0x28,0x22,0x6f,0x70,0x65,0x6e,0x22,0x2c,0x20,0x28,0x29,
0x20,0x3d,0x3e,0x20,0x7b,0x0a,0x20,0x20,0x20,0x20,0x20,0x20,0x20,0x20,0x20,0x20,
0x20,0x20,0x20,0x20,0x20,0x20,0x63,0x6f,0x6e,0x73,0x6f,0x6c,0x65,0x2e,0x6c,0x6f,
0x67,0x28,0x22,0x43,0x6f,0x6e,0x6e,0x65,0x63,0x74,0x65,0x64,0x20,0x74,0x6f,0x20,
0x57,0x65,0x62,0x53,0x6f,0x63,0x6b,0x65,0x74,0x20,0x73,0x65,0x72,0x76,0x65,0x72,
0x22,0x29,0x3b,0x0a,0x20,0x20,0x20,0x20,0x20,0x20,0x20,0x20,0x20,0x20,0x20,0x20,
0x20,0x20,0x20,0x20,0x74,0x68,0x69,0x73,0x2e,0x72,0x65,0x63,0x6f,0x6e,0x6e,0x65,
0x63,0x74,0x41,0x74,0x74,0x65,0x6d,0x70,0x74,0x73,0x20,0x3d,0x20,0x30,0x3b,0x20,
0x2f,0x2f,0x20,0x52,0x65,0x73,0x65,0x74,0x20,0x6f,0x6e,0x20,0x73,0x75,0x63,0x63,
0x65,0x73,0x73,0x66,0x75,0x6c,0x20,0x63,0x6f,0x6e,0x6e,0x65,0x63,0x74,0x69,0x6f,
0x6e,0x0a,0x20,0x20,0x20,0x20,0x20,0x20,0x20,0x20,0x20,0x20,0x20,0x20,0x20,0x20,
0x20,0x20,0x2f,0x2f,0x20,0x74,0x68,0x69,0x73,0x2e,0x73,0x65,0x6e,0x64,0x28,0x7b,
0x20,0x74,0x79,0x70,0x65,0x3a,0x20,0x22,0x68,0x65,0x6c,0x6c,0x6f,0x22,0x2c,0x20,
0x6d,0x65,0x73,0x73,0x61,0x67,0x65,0x3a,0x20,0x22,0x48,0x65,0x6c,0x6c,0x6f,0x2c,
0x20,0x73,0x65,0x72,0x76,0x65,0x72,0x21,0x22,0x20,0x7d,0x29,0x3b,0x0a,0x20,0x20,
0x20,0x20,0x20,0x20,0x20,0x20,0x20,0x20,0x20,0x20,0x7d,0x29,0x3b,0x0a,0x0a,0x20,
0x20,0x20,0x20,0x20,0x20,0x20,0x20,0x20,0x20,0x20,0x20,0x74,0x68,0x69,0x73,0x2e,
0x73,0x6f,0x63,0x6b,0x65,0x74,0x2e,0x61,0x64,0x64,0x45,0x76,0x65,0x6e,0x74,0x4c,
0x69,0x73,0x74,0x65,0x6e,0x65,0x72,0x28,0x22,0x6d,0x65,0x73,0x73,0x61,0x67,0x65,
0x22,0x2c,0x20,0x28,0x65,0x76,0x65,0x6e,0x74,0x29,0x20,0x3d,0x3e,0x20,0x7b,0x0a,
0x20,0x20,0x20,0x20,0x20,0x20,0x20,0x20,0x20,0x20,0x20,0x20,0x20,0x20,0x20,0x20,
0x74,0x68,0x69,0x73,0x2e,0x68,0x61,0x6e,0x64,0x6c,0x65,0x4d,0x65,0x73,0x73,0x61,
0x67,0x65,0x28,0x65,0x76,0x65,0x6e,0x74,0x2e,0x64,0x61,0x74,0x61,0x29,0x3b,0x0a,
0x20,0x20,0x20,0x20,0x20,0x20,0x20,0x20,0x20,0x20,0x20,0x20,0x7d,0x29,0x3b,0x0a,
0x0a,0x20,0x20,0x20,0x20,0x20,0x20,0x20,0x20,0x20,0x20,0x20,0x20,0x74,0x68,0x69,
0x73,0x2e,0x73,0x6f,0x63,0x6b,0x65,0x74,0x2e,0x61,0x64,0x64,0x45,0x76,0x65,0x6e,
0x74,0x4c,0x69,0x73,0x74,0x65,0x6e,0x65,0x72,0x28,0x22,0x65,0x72,0x72,0x6f,0x72,
0x22,0x2c,0x20,0x28,0x65,0x72,0x72,0x6f,0x72,0x29,0x20,0x3d,0x3e,0x20,0x7b,0x0a,
0x20,0x20,0x20,0x20,0x20,0x20,0x20,0x20,0x20,0x20,0x20,0x20,0x20,0x20,0x20,0x20,
0x63,0x6f,0x6e,0x73,0x6f,0x6c,0x65,0x2e,0x65,0x72,0x72,0x6f,0x72,0x28,0x22,0x57,
0x65,0x62,0x53,0x6f,0x63,0x6b,0x65,0x74,0x20,0x65,0x72,0x72,0x6f,0x72,0x3a,0x22,
0x2c,0x20,0x65,0x72,0x72,0x6f,0x72,0x29,0x3b,0x0a,0x20,0x20,0x20,0x20,0x20,0x20,
0x20,0x20,0x20,0x20,0x20,0x20,0x7d,0x29,0x3b,0x0a,0x0a,0x20,0x20,0x20,0x20,0x20,
0x20,0x20,0x20,0x20,0x20,0x20,0x20,0x74,0x68,0x69,0x73,0x2e,0x73,0x6f,0x63,0x6b,
0x65,0x74,0x2e,0x61,0x64,0x64,0x45,0x76,0x65,0x6e,0x74,0x4c,0x69,0x73,0x74,0x65,
0x6e,0x65,0x72,0x28,0x22,0x63,0x6c,0x6f,0x73,0x65,0x22,0x2c,0x20,0x28,0x65,0x76,
0x65,0x6e,0x74,0x29,0x20,0x3d,0x3e,0x20,0x7b,0x0a,0x20,0x20,0x20,0x20,0x20,0x20,
0x20,0x20,0x20,0x20,0x20,0x20,0x20,0x20,0x20,0x20,0x63,0x6f,0x6e,0x73,0x6f,0x6c,
0x65,0x2e,0x6c,0x6f,0x67,0x28,0x60,0x57,0x65,0x62,0x53,0x6f,0x63,0x6b,0x65,0x74,
0x20,0x63,0x6c,0x6f,0x73,0x65,0x64,0x20,0x28,0x63,0x6f,0x64,0x65,0x3a,0x20,0x24,
0x7b,0x65,0x76,0x65,0x6e,0x74,0x2e,0x63,0x6f,0x64,0x65,0x7d,0x2c,0x20,0x72,0x65,
0x61,0x73,0x6f,0x6e,0x3a,0x20,0x24,0x7b,0x65,0x76,0x65,0x6e,0x74,0x2e,0x72,0x65,
0x61,0x73,0x6f,0x6e,0x7d,0x29,0x60,0x29,0x3b,0x0a,0x20,0x20,0x20,0x20,0x20,0x20,
0x20,0x20,0x20,0x20,0x20,0x20,0x20,0x20,0x20,0x20,0x74,0x68,0x69,0x73,0x2e,0x72,
0x65,0x63,0x6f,0x6e,0x6e,0x65,0x63,0x74,0x28,0x29,0x3b,0x0a,0x20,0x20,0x20,0x20,
0x20,0x20,0x20,0x20,0x20,0x20,0x20,0x20,0x7d,0x29,0x3b,0x0a,0x20,0x20,0x20,0x20,
0x20,0x20,0x20,0x20,0x7d,0x0a,0x0a,0x20,0x20,0x20,0x20,0x20,0x20,0x20,0x20,0x73,
0x65,0x6e,0x64,0x28,0x64,0x61,0x74,0x61,0x29,0x20,0x7b,0x0a,0x20,0x20,0x20,0x20,
0x20,0x20,0x20,0x20,0x20,0x20,0x20,0x20,0x69,0x66,0x20,0x28,0x74,0x68,0x69,0x73,
0x2e,0x73,0x6f,0x63,0x6b,0x65,0x74,0x2e,0x72,0x65,0x61,0x64,0x79,0x53,0x74,0x61,
0x74,0x65,0x20,0x3d,0x3d,0x3d,0x20,0x57,0x65,0x62,0x53,0x6f,0x63,0x6b,0x65,0x74,
0x2e,0x4f,0x50,0x45,0x4e,0x29,0x20,0x7b,0x0a,0x20,0x20,0x20,0x20,0x20,0x20,0x20,
0x20,0x20,0x20,0x20,0x20,0x20,0x20,0x20,0x20,0x74,0x68,0x69,0x73,0x2e,0x73,0x6f,
0x63,0x6b,0x65,0x74,0x2e,0x73,0x65,0x6e,0x64,0x28,0x4a,0x53,0x4f,0x4e,0x2e,0x73,
0x74,0x72,0x69,0x6e,0x67,0x69,0x66,0x79,0x28,0x64,0x61,0x74,0x61,0x29,0x29,0x3b,
0x0a,0x20,0x20,0x20,0x20,0x20,0x20,0x20,0x20,0x20,0x20,0x20,0x20,0x7d,0x20,0x65,
0x6c,0x73,0x65,0x20,0x7b,0x0a,0x20,0x20,0x20,0x20,0x20,0x20,0x20,0x20,0x20,0x20,
0x20,0x20,0x20,0x20,0x20,0x20,0x63,0x6f,0x6e,0x73,0x6f,0x6c,0x65,0x2e,0x77,0x61,
0x72,0x6e,0x28,0x22,0x57,0x65,0x62,0x53,0x6f,0x63,0x6b,0x65,0x74,0x20,0x69,0x73,
0x20,0x6e,0x6f,0x74,0x20,0x6f,0x70,0x65,0x6e,0x2e,0x20,0x4d,0x65,0x73,0x73,0x61,
0x67,0x65,0x20,0x6e,0x6f,0x74,0x20,0x73,0x65,0x6e,0x74,0x2e,0x22,0x29,0x3b,0x0a,
0x20,0x20,0x20,0x20,0x20,0x20,0x20,0x20,0x20,0x20,0x20,0x20,0x7d,0x0a,0x20,0x20,
0x20,0x20,0x20,0x20,0x20,0x20,0x7d,0x0a,0x0a,0x20,0x20,0x20,0x20,0x20,0x20,0x20,
0x20,0x72,0x65,0x63,0x6f,0x6e,0x6e,0x65,0x63,0x74,0x28,0x29,0x20,0x7b,0x0a,0x20,
0x20,0x20,0x20,0x20,0x20,0x20,0x20,0x20,0x20,0x20,0x20,0x69,0x66,0x20,0x28,0x74,
0x68,0x69,0x73,0x2e,0x72,0x65,0x63,0x6f,0x6e,0x6e,0x65,0x63,0x74,0x41,0x74,0x74,
0x65,0x6d,0x70,0x74,0x73,0x20,0x3c,0x20,0x74,0x68,0x69,0x73,0x2e,0x6d,0x61,0x78,
0x52,0x65,0x63,0x6f,0x6e,0x6e,0x65,0x63,0x74,0x41,0x74,0x74,0x65,0x6d,0x70,0x74,
0x73,0x29,0x20,0x7b,0x0a,0x20,0x20,0x20,0x20,0x20,0x20,0x20,0x20,0x20,0x20,0x20,
0x20,0x20,0x20,0x20,0x20,0x63,0x6f,0x6e,0x73,0x74,0x20,0x64,0x65,0x6c,0x61,0x79,
0x20,0x3d,0x20,0x4d,0x61,0x74,0x68,0x2e,0x6d,0x69,0x6e,0x28,0x31,0x30,0x30,0x30,
0x20,0x2a,0x20,0x32,0x20,0x2a,0x2a,0x20,0x74,0x68,0x69,0x73,0x2e,0x72,0x65,0x63,
0x6f,0x6e,0x6e,0x65,0x63,0x74,0x41,0x74,0x74,0x65,0x6d,0x70,0x74,0x73,0x2c,0x20,
0x33,0x30,0x30,0x30,0x30,0x29,0x3b,0x20,0x2f,0x2f,0x20,0x45,0x78,0x70,0x6f,0x6e,
0x65,0x6e,0x74,0x69,0x61,0x6c,0x20,0x62,0x61,0x63,0x6b,0x6f,0x66,0x66,0x20,0x28,
0x6d,0x61,0x78,0x20,0x33,0x30,0x73,0x29,0x0a,0x20,0x20,0x20,0x20,0x20,0x20,0x20,
0x20,0x20,0x20,0x20,0x20,0x20,0x20,0x20,0x20,0x63,0x6f,0x6e,0x73,0x6f,0x6c,0x65,
0x2e,0x6c,0x6f,0x67,0x28,0x60,0x52,0x65,0x63,0x6f,0x6e,0x6e,0x65,0x63,0x74,0x69,
0x6e,0x67,0x20,0x69,0x6e,0x20,0x24,0x7b,0x64,0x65,0x6c,0x61,0x79,0x20,0x2f,0x20,
0x31,0x30,0x30,0x30,0x7d,0x20,0x73,0x65,0x63,0x6f,0x6e,0x64,0x73,0x2e,0x2e,0x2e,
0x60,0x29,0x3b,0x0a,0x20,0x20,0x20,0x20,0x20,0x20,0x20,0x20,0x20,0x20,0x20,0x20,
0x20,0x20,0x20,0x20,0x73,0x65,0x74,0x54,0x69,0x6d,0x65,0x6f,0x75,0x74,0x28,0x28,
0x29,0x20,0x3d,0x3e,0x20,0x74,0x68,0x69,0x73,0x2e,0x63,0x6f,0x6e,0x6e,0x65,0x63,
0x74,0x28,0x29,0x2c,0x20,0x64,0x65,0x6c,0x61,0x79,0x29,0x3b,0x0a,0x20,0x20,0x20,
0x20,0x20,0x20,0x20,0x20,0x20,0x20,0x20,0x20,0x20,0x20,0x20,0x20,0x74,0x68,0x69,
0x73,0x2e,0x72,0x65,0x63,0x6f,0x6e,0x6e,0x65,0x63,0x74,0x41,0x74,0x74,0x65,0x6d,
0x70,0x74,0x73,0x2b,0x2b,0x3b,0x0a,0x20,0x20,0x20,0x20,0x20,0x20,0x20,0x20,0x20,
0x20,0x20,0x20,0x7d,0x20,0x65,0x6c,0x73,0x65,0x20,0x7b,0x0a,0x20,0x20,0x20,0x20,
0x20,0x20,0x20,0x20,0x20,0x20,0x20,0x20,0x20,0x20,0x20,0x20,0x63,0x6f,0x6e,0x73,
0x6f,0x6c,0x65,0x2e,0x65,0x72,0x72,0x6f,0x72,0x28,0x22,0x4d,0x61,0x78,0x20,0x72,
0x65,0x63,0x6f,0x6e,0x6e,0x65,0x63,0x74,0x20,0x61,0x74,0x74,0x65,0x6d,0x70,0x74,
0x73,0x20,0x72,0x65,0x61,0x63,0x68,0x65,0x64,0x2e,0x20,0x47,0x69,0x76,0x69,0x6e,
0x67,0x20,0x75,0x70,0x2e,0x22,0x29,0x3b,0x0a,0x20,0x20,0x20,0x20,0x20,0x20,0x20,
0x20,0x20,0x20,0x20,0x20,0x7d,0x0a,0x20,0x20,0x20,0x20,0x20,0x20,0x20,0x20,0x7d,
0x0a,0x0a,0x20,0x20,0x20,0x20,0x20,0x20,0x20,0x20,0x68,0x61,0x6e,0x64,0x6c,0x65,
0x4d,0x65,0x73,0x73,0x61,0x67,0x65,0x28,0x64,0x61,0x74,0x61,0x29,0x20,0x7b,0x0a,
0x20,0x20,0x20,0x20,0x20,0x20,0x20,0x20,0x20,0x20,0x20,0x20,0x6c,0x65,0x74,0x20,
0x64,0x61,0x74,0x61,0x4a,0x53,0x4f,0x4e,0x20,0x3d,0x20,0x4a,0x53,0x4f,0x4e,0x2e,
0x70,0x61,0x72,0x73,0x65,0x28,0x64,0x61,0x74,0x61,0x29,0x3b,0x0a,0x20,0x20,0x20,
0x20,0x20,0x20,0x20,0x20,0x20,0x20,0x20,0x20,0x6c,0x65,0x74,0x20,0x72,0x65,0x61,
0x64,0x69,0x6e,0x67,0x5f,0x74,0x64,0x20,0x3d,0x20,0x64,0x6f,0x63,0x75,0x6d,0x65,
0x6e,0x74,0x2e,0x67,0x65,0x74,0x45,0x6c,0x65,0x6d,0x65,0x6e,0x74,0x42,0x79,0x49,
0x64,0x28,0x60,0x73,0x5f,0x73,0x5b,0x24,0x7b,0x64,0x61,0x74,0x61,0x4a,0x53,0x4f,
0x4e,0x2e,0x73,0x5f,0x73,0x7d,0x5d,0x70,0x5f,0x73,0x5b,0x24,0x7b,0x64,0x61,0x74,
0x61,0x4a,0x53,0x4f,0x4e,0x2e,0x70,0x5f,0x73,0x7d,0x5d,0x2e,0x72,0x65,0x61,0x64,
0x69,0x6e,0x67,0x60,0x29,0x3b,0x0a,0x20,0x20,0x20,0x20,0x20,0x20,0x20,0x20,0x20,
0x20,0x20,0x20,0x72,0x65,0x61,0x64,0x69,0x6e,0x67,0x5f,0x74,0x64,0x2e,0x69,0x6e,
0x6e,0x65,0x72,0x48,0x54,0x4d,0x4c,0x20,0x3d,0x20,0x64,0x61,0x74,0x61,0x4a,0x53,
0x4f,0x4e,0x2e,0x72,0x65,0x61,0x64,0x69,0x6e,0x67,0x3b,0x0a,0x0a,0x20,0x20,0x20,
0x20,0x20,0x20,0x20,0x20,0x20,0x20,0x20,0x20,0x6c,0x65,0x74,0x20,0x65,0x6e,0x74,
0x72,0x79,0x20,0x3d,0x20,0x64,0x61,0x74,0x61,0x4a,0x53,0x4f,0x4e,0x5b,0x22,0x72,
0x65,0x61,0x64,0x69,0x6e,0x67,0x22,0x5d,0x20,0x2b,0x20,0x22,0x2d,0x3e,0x22,0x20,
0x2b,0x20,0x64,0x61,0x74,0x61,0x4a,0x53,0x4f,0x4e,0x5b,0x22,0x74,0x6f,0x70,0x69,
0x63,0x22,0x5d,0x3b,0x0a,0x0a,0x20,0x20,0x20,0x20,0x20,0x20,0x20,0x20,0x20,0x20,
0x20,0x20,0x69,0x66,0x20,0x28,0x64,0x61,0x74,0x61,0x4a,0x53,0x4f,0x4e,0x2e,0x6d,
0x65,0x6d,0x29,0x20,0x7b,0x0a,0x20,0x20,0x20,0x20,0x20,0x20,0x20,0x20,0x20,0x20,
0x20,0x20,0x20,0x20,0x20,0x20,0x6c,0x65,0x74,0x20,0x6d,0x65,0x6d,0x5f,0x66,0x72,
0x65,0x65,0x20,0x3d,0x20,0x28,0x64,0x61,0x74,0x61,0x4a,0x53,0x4f,0x4e,0x2e,0x6d,
0x65,0x6d,0x2e,0x66,0x72,0x65,0x65,0x20,0x2f,0x20,0x64,0x61,0x74,0x61,0x4a,0x53,
0x4f,0x4e,0x2e,0x6d,0x65,0x6d,0x2e,0x74,0x6f,0x74,0x61,0x6c,0x20,0x2a,0x20,0x31,
0x30,0x30,0x29,0x2e,0x74,0x6f,0x46,0x69,0x78,0x65,0x64,0x28,0x31,0x29,0x3b,0x0a,
0x20,0x20,0x20,0x20,0x20,0x20,0x20,0x20,0x20,0x20,0x20,0x20,0x20,0x20,0x20,0x20,
0x6c,0x65,0x74,0x20,0x6d,0x65,0x6d,0x5f,0x66,0x72,0x65,0x65,0x5f,0x74,0x65,0x78,
0x74,0x20,0x3d,0x20,0x28,0x28,0x64,0x61,0x74,0x61,0x4a,0x53,0x4f,0x4e,0x2e,0x6d,
0x65,0x6d,0x2e,0x66,0x72,0x65,0x65,0x20,0x2f,0x20,0x31,0x30,0x32,0x34,0x29,0x2e,
0x74,0x6f,0x46,0x69,0x78,0x65,0x64,0x28,0x31,0x29,0x20,0x7c,0x7c,0x20,0x30,0x29,
0x20,0x2b,0x20,0x22,0x6b,0x28,0x22,0x20,0x2b,0x20,0x6d,0x65,0x6d,0x5f,0x66,0x72,
0x65,0x65,0x20,0x2b,0x20,0x22,0x25,0x29,0x22,0x0a,0x20,0x20,0x20,0x20,0x20,0x20,
0x20,0x20,0x20,0x20,0x20,0x20,0x20,0x20,0x20,0x20,0x69,0x66,0x20,0x28,0x69,0x73,
0x4e,0x61,0x4e,0x28,0x6d,0x65,0x6d,0x5f,0x66,0x72,0x65,0x65,0x29,0x29,0x20,0x7b,
0x0a,0x20,0x20,0x20,0x20,0x20,0x20,0x20,0x20,0x20,0x20,0x20,0x20,0x20,0x20,0x20,
0x20,0x20,0x20,0x20,0x20,0x6d,0x65,0x6d,0x5f,0x66,0x72,0x65,0x65,0x20,0x3d,0x20,
0x30,0x3b,0x0a,0x20,0x20,0x20,0x20,0x20,0x20,0x20,0x20,0x20,0x20,0x20,0x20,0x20,
0x20,0x20,0x20,0x20,0x20,0x20,0x20,0x6d,0x65,0x6d,0x5f,0x66,0x72,0x65,0x65,0x5f,
0x74,0x65,0x78,0x74,0x20,0x3d,0x20,0x22,0x2d,0x2d,0x2d,0x22,0x3b,0x0a,0x20,0x20,
0x20,0x20,0x20,0x20,0x20,0x20,0x20,0x20,0x20,0x20,0x20,0x20,0x20,0x20,0x7d,0x0a,
0x0a,0x20,0x20,0x20,0x20,0x20,0x20,0x20,0x20,0x20,0x20,0x20,0x20,0x20,0x20,0x20,
0x20,0x6c,0x65,0x74,0x20,0x6d,0x65,0x6d,0x5f,0x6d,0x69,0x6e,0x5f,0x66,0x72,0x65,
0x65,0x20,0x3d,0x20,0x28,0x64,0x61,0x74,0x61,0x4a,0x53,0x4f,0x4e,0x2e,0x6d,0x65,
0x6d,0x2e,0x6d,0x69,0x6e,0x5f,0x66,0x72,0x65,0x65,0x20,0x2f,0x20,0x64,0x61,0x74,
0x61,0x4a,0x53,0x4f,0x4e,0x2e,0x6d,0x65,0x6d,0x2e,0x74,0x6f,0x74,0x61,0x6c,0x20,
0x2a,0x20,0x31,0x30,0x30,0x29,0x2e,0x74,0x6f,0x46,0x69,0x78,0x65,0x64,0x28,0x31,
0x29,0x3b,0x0a,0x20,0x20,0x20,0x20,0x20,0x20,0x20,0x20,0x20,0x20,0x20,0x20,0x20,
0x20,0x20,0x20,0x64,0x6f,0x63,0x75,0x6d,0x65,0x6e,0x74,0x2e,0x67,0x65,0x74,0x45,
0x6c,0x65,0x6d,0x65,0x6e,0x74,0x42,0x79,0x49,0x64,0x28,0x22,0x6d,0x65,0x6d,0x5f,
0x66,0x72,0x65,0x65,0x22,0x29,0x2e,0x73,0x74,0x79,0x6c,0x65,0x20,0x3d,0x20,0x22,
0x77,0x69,0x64,0x74,0x68,0x3a,0x20,0x22,0x20,0x2b,0x20,0x6d,0x65,0x6d,0x5f,0x66,
0x72,0x65,0x65,0x20,0x2b,0x20,0x22,0x25,0x22,0x3b,0x0a,0x20,0x20,0x20,0x20,0x20,
0x20,0x20,0x20,0x20,0x20,0x20,0x20,0x20,0x20,0x20,0x20,0x64,0x6f,0x63,0x75,0x6d,
0x65,0x6e,0x74,0x2e,0x67,0x65,0x74,0x45,0x6c,0x65,0x6d,0x65,0x6e,0x74,0x42,0x79,
0x49,0x64,0x28,0x22,0x6d,0x65,0x6d,0x5f,0x66,0x72,0x65,0x65,0x5f,0x74,0x65,0x78,
0x74,0x22,0x29,0x2e,0x69,0x6e,0x6e,0x65,0x72,0x48,0x54,0x4d,0x4c,0x20,0x3d,0x20,
0x6d,0x65,0x6d,0x5f,0x66,0x72,0x65,0x65,0x5f,0x74,0x65,0x78,0x74,0x3b,0x0a,0x20,
0x20,0x20,0x20,0x20,0x20,0x20,0x20,0x20,0x20,0x20,0x20,0x20,0x20,0x20,0x20,0x64,
0x6f,0x63,0x75,0x6d,0x65,0x6e,0x74,0x2e,0x67,0x65,0x74,0x45,0x6c,0x65,0x6d,0x65,
0x6e,0x74,0x42,0x79,0x49,0x64,0x28,0x22,0x6d,0x65,0x6d,0x5f,0x66,0x72,0x65,0x65,
0x5f,0x6d,0x69,0x6e,0x5f,0x6d,0x61,0x72,0x6b,0x22,0x29,0x2e,0x73,0x74,0x79,0x6c,
0x65,0x20,0x3d,0x20,0x22,0x6c,0x65,0x66,0x74,0x3a,0x20,0x22,0x20,0x2b,0x20,0x6d,
0x65,0x6d,0x5f,0x6d,0x69,0x6e,0x5f,0x66,0x72,0x65,0x65,0x20,0x2b,0x20,0x22,0x25,
0x22,0x3b,0x0a,0x0a,0x20,0x20,0x20,0x20,0x20,0x20,0x20,0x20,0x20,0x20,0x20,0x20,
0x7d,0x0a,0x0a,0x0a,0x20,0x20,0x20,0x20,0x20,0x20,0x20,0x20,0x20,0x20,0x20,0x20,
0x77,0x73,0x5f,0x61,0x64,0x64,0x45,0x6e,0x74,0x72,0x79,0x28,0x65,0x6e,0x74,0x72,
0x79,0x29,0x3b,0x0a,0x20,0x20,0x20,0x20,0x20,0x20,0x20,0x20,0x7d,0x0a,0x20,0x20,
0x20,0x20,0x7d,0x0a,0x0a,0x20,0x20,0x20,0x20,0x66,0x75,0x6e,0x63,0x74,0x69,0x6f,
0x6e,0x20,0x77,0x73,0x5f,0x61,0x64,0x64,0x45,0x6e,0x74,0x72,0x79,0x28,0x65,0x6e,
0x74,0x72,0x79,0x29,0x20,0x7b,0x0a,0x20,0x20,0x20,0x20,0x20,0x20,0x20,0x20,0x64,
0x69,0x76,0x20,0x3d,0x20,0x64,0x6f,0x63,0x75,0x6d,0x65,0x6e,0x74,0x2e,0x63,0x72,
0x65,0x61,0x74,0x65,0x45,0x6c,0x65,0x6d,0x65,0x6e,0x74,0x28,0x22,0x64,0x69,0x76,
0x22,0x29,0x3b,0x0a,0x20,0x20,0x20,0x20,0x20,0x20,0x20,0x20,0x64,0x69,0x76,0x2e,
0x69,0x6e,0x6e,0x65,0x72,0x48,0x54,0x4d,0x4c,0x20,0x3d,0x20,0x65,0x6e,0x74,0x72,
0x79,0x3b,0x0a,0x20,0x20,0x20,0x20,0x20,0x20,0x20,0x20,0x77,0x73,0x5f,0x64,0x69,
0x76,0x20,0x3d,0x20,0x64,0x6f,0x63,0x75,0x6d,0x65,0x6e,0x74,0x2e,0x67,0x65,0x74,
0x45,0x6c,0x65,0x6d,0x65,0x6e,0x74,0x42,0x79,0x49,0x64,0x28,0x27,0x77,0x73,0x5f,
0x64,0x69,0x76,0x27,0x29,0x3b,0x0a,0x20,0x20,0x20,0x20,0x20,0x20,0x20,0x20,0x77,
0x73,0x5f,0x64,0x69,0x76,0x2e,0x70,0x72,0x65,0x70,0x65,0x6e,0x64,0x28,0x64,0x69,
0x76,0x29,0x3b,0x0a,0x20,0x20,0x20,0x20,0x20,0x20,0x20,0x20,0x2f,0x2f,0x77,0x73,
0x5f,0x64,0x69,0x76,0x2e,0x73,0x63,0x72,0x6f,0x6c,0x6c,0x54,0x6f,0x70,0x20,0x3d,
0x20,0x77,0x73,0x5f,0x64,0x69,0x76,0x2e,0x73,0x63,0x72,0x6f,0x6c,0x6c,0x48,0x65,
0x69,0x67,0x68,0x74,0x3b,0x0a,0x20,0x20,0x20,0x20,0x7d,0x0a,0x0a,0x20,0x20,0x20,
0x20,0x2f,0x2f,0x20,0x53,0x74,0x61,0x72,0x74,0x20,0x57,0x65,0x62,0x53,0x6f,0x63,
0x6b,0x65,0x74,0x20,0x63,0x6c,0x69,0x65,0x6e,0x74,0x0a,0x20,0x20,0x20,0x20,0x63,
0x6f,0x6e,0x73,0x74,0x20,0x77,0x73,0x43,0x6c,0x69,0x65,0x6e,0x74,0x20,0x3d,0x20,
0x6e,0x65,0x77,0x20,0x57,0x65,0x62,0x53,0x6f,0x63,0x6b,0x65,0x74,0x43,0x6c,0x69,
0x65,0x6e,0x74,0x28,0x29,0x3b,0x0a,0x0a,0x3c,0x2f,0x73,0x63,0x72,0x69,0x70,0x74,
0x3e,0x0a,0x0a,0x3c,0x2f,0x68,0x74,0x6d,0x6c,0x3e,};

#if FSDATA_FILE_ALIGNMENT==1
static const unsigned int dummy_align__slider_css = 3;
#endif
static const unsigned char FSDATA_ALIGN_PRE data__slider_css[] FSDATA_ALIGN_POST = {
/* /slider.css (12 chars) */
0x2f,0x73,0x6c,0x69,0x64,0x65,0x72,0x2e,0x63,0x73,0x73,0x00,

/* HTTP header */
/* "HTTP/1.0 200 OK
" (17 bytes) */
0x48,0x54,0x54,0x50,0x2f,0x31,0x2e,0x30,0x20,0x32,0x30,0x30,0x20,0x4f,0x4b,0x0d,
0x0a,
/* "Server: lwIP/2.2.1d (http://savannah.nongnu.org/projects/lwip)
" (64 bytes) */
0x53,0x65,0x72,0x76,0x65,0x72,0x3a,0x20,0x6c,0x77,0x49,0x50,0x2f,0x32,0x2e,0x32,
0x2e,0x31,0x64,0x20,0x28,0x68,0x74,0x74,0x70,0x3a,0x2f,0x2f,0x73,0x61,0x76,0x61,
0x6e,0x6e,0x61,0x68,0x2e,0x6e,0x6f,0x6e,0x67,0x6e,0x75,0x2e,0x6f,0x72,0x67,0x2f,
0x70,0x72,0x6f,0x6a,0x65,0x63,0x74,0x73,0x2f,0x6c,0x77,0x69,0x70,0x29,0x0d,0x0a,

/* "Content-Length: 1103
" (18+ bytes) */
0x43,0x6f,0x6e,0x74,0x65,0x6e,0x74,0x2d,0x4c,0x65,0x6e,0x67,0x74,0x68,0x3a,0x20,
0x31,0x31,0x30,0x33,0x0d,0x0a,
/* "Content-Type: text/css

" (26 bytes) */
0x43,0x6f,0x6e,0x74,0x65,0x6e,0x74,0x2d,0x54,0x79,0x70,0x65,0x3a,0x20,0x74,0x65,
0x78,0x74,0x2f,0x63,0x73,0x73,0x0d,0x0a,0x0d,0x0a,
/* raw file data (1103 bytes) */
0x2a,0x20,0x7b,0x0a,0x20,0x20,0x20,0x20,0x6d,0x61,0x72,0x67,0x69,0x6e,0x3a,0x20,
0x30,0x3b,0x0a,0x20,0x20,0x20,0x20,0x70,0x61,0x64,0x64,0x69,0x6e,0x67,0x3a,0x20,
0x30,0x3b,0x0a,0x20,0x20,0x20,0x20,0x62,0x6f,0x78,0x2d,0x73,0x69,0x7a,0x69,0x6e,
0x67,0x3a,0x20,0x62,0x6f,0x72,0x64,0x65,0x72,0x2d,0x62,0x6f,0x78,0x3b,0x0a,0x7d,
0x0a,0x0a,0x62,0x6f,0x64,0x79,0x20,0x7b,0x0a,0x20,0x20,0x20,0x20,0x6f,0x76,0x65,
0x72,0x66,0x6c,0x6f,0x77,0x2d,0x78,0x3a,0x20,0x68,0x69,0x64,0x64,0x65,0x6e,0x3b,
0x20,0x2f,0x2a,0x20,0x4f,0x6e,0x6c,0x79,0x20,0x70,0x72,0x65,0x76,0x65,0x6e,0x74,
0x20,0x68,0x6f,0x72,0x69,0x7a,0x6f,0x6e,0x74,0x61,0x6c,0x20,0x73,0x63,0x72,0x6f,
0x6c,0x6c,0x20,0x2a,0x2f,0x0a,0x7d,0x0a,0x0a,0x2e,0x73,0x6c,0x69,0x64,0x65,0x72,
0x2d,0x63,0x6f,0x6e,0x74,0x61,0x69,0x6e,0x65,0x72,0x20,0x7b,0x0a,0x20,0x20,0x20,
0x20,0x77,0x69,0x64,0x74,0x68,0x3a,0x20,0x31,0x30,0x30,0x76,0x77,0x3b,0x0a,0x20,
0x20,0x20,0x20,0x70,0x6f,0x73,0x69,0x74,0x69,0x6f,0x6e,0x3a,0x20,0x72,0x65,0x6c,
0x61,0x74,0x69,0x76,0x65,0x3b,0x0a,0x20,0x20,0x20,0x20,0x6f,0x76,0x65,0x72,0x66,
0x6c,0x6f,0x77,0x3a,0x20,0x68,0x69,0x64,0x64,0x65,0x6e,0x3b,0x0a,0x7d,0x0a,0x0a,
0x2e,0x73,0x6c,0x69,0x64,0x65,0x72,0x20,0x7b,0x0a,0x20,0x20,0x20,0x20,0x64,0x69,
0x73,0x70,0x6c,0x61,0x79,0x3a,0x20,0x66,0x6c,0x65,0x78,0x3b,0x0a,0x20,0x20,0x20,
0x20,0x77,0x69,0x64,0x74,0x68,0x3a,0x20,0x32,0x30,0x30,0x76,0x77,0x3b,0x0a,0x20,
0x20,0x20,0x20,0x70,0x6f,0x73,0x69,0x74,0x69,0x6f,0x6e,0x3a,0x20,0x72,0x65,0x6c,
0x61,0x74,0x69,0x76,0x65,0x3b,0x0a,0x20,0x20,0x20,0x20,0x74,0x72,0x61,0x6e,0x73,
0x69,0x74,0x69,0x6f,0x6e,0x3a,0x20,0x74,0x72,0x61,0x6e,0x73,0x66,0x6f,0x72,0x6d,
0x20,0x30,0x2e,0x33,0x73,0x20,0x65,0x61,0x73,0x65,0x2d,0x6f,0x75,0x74,0x3b,0x0a,
0x7d,0x0a,0x0a,0x2e,0x73,0x6c,0x69,0x64,0x65,0x20,0x7b,0x0a,0x20,0x20,0x20,0x20,
0x77,0x69,0x64,0x74,0x68,0x3a,0x20,0x31,0x30,0x30,0x76,0x77,0x3b,0x0a,0x20,0x20,
0x20,0x20,0x66,0x6c,0x65,0x78,0x2d,0x73,0x68,0x72,0x69,0x6e,0x6b,0x3a,0x20,0x30,
0x3b,0x0a,0x7d,0x0a,0x0a,0x2e,0x73,0x63,0x72,0x6f,0x6c,0x6c,0x2d,0x63,0x6f,0x6e,
0x74,0x61,0x69,0x6e,0x65,0x72,0x20,0x7b,0x0a,0x20,0x20,0x20,0x20,0x6f,0x76,0x65,
0x72,0x66,0x6c,0x6f,0x77,0x2d,0x79,0x3a,0x20,0x61,0x75,0x74,0x6f,0x3b,0x0a,0x20,
0x20,0x20,0x20,0x70,0x61,0x64,0x64,0x69,0x6e,0x67,0x3a,0x20,0x31,0x30,0x70,0x78,
0x3b,0x0a,0x20,0x20,0x20,0x20,0x2d,0x77,0x65,0x62,0x6b,0x69,0x74,0x2d,0x6f,0x76,
0x65,0x72,0x66,0x6c,0x6f,0x77,0x2d,0x73,0x63,0x72,0x6f,0x6c,0x6c,0x69,0x6e,0x67,
0x3a,0x20,0x74,0x6f,0x75,0x63,0x68,0x3b,0x0a,0x7d,0x0a,0x0a,0x2e,0x73,0x63,0x72,
0x6f,0x6c,0x6c,0x2d,0x63,0x6f,0x6e,0x74,0x65,0x6e,0x74,0x20,0x3e,0x20,0x64,0x69,
0x76,0x20,0x7b,0x0a,0x20,0x20,0x20,0x20,0x6d,0x61,0x72,0x67,0x69,0x6e,0x2d,0x62,
0x6f,0x74,0x74,0x6f,0x6d,0x3a,0x20,0x31,0x30,0x70,0x78,0x3b,0x0a,0x20,0x20,0x20,
0x20,0x70,0x61,0x64,0x64,0x69,0x6e,0x67,0x3a,0x20,0x31,0x30,0x70,0x78,0x3b,0x0a,
0x20,0x20,0x20,0x20,0x62,0x61,0x63,0x6b,0x67,0x72,0x6f,0x75,0x6e,0x64,0x3a,0x20,
0x72,0x67,0x62,0x61,0x28,0x32,0x35,0x35,0x2c,0x20,0x32,0x35,0x35,0x2c,0x20,0x32,
0x35,0x35,0x2c,0x20,0x30,0x2e,0x31,0x29,0x3b,0x0a,0x20,0x20,0x20,0x20,0x62,0x6f,
0x72,0x64,0x65,0x72,0x2d,0x72,0x61,0x64,0x69,0x75,0x73,0x3a,0x20,0x35,0x70,0x78,
0x3b,0x0a,0x7d,0x0a,0x0a,0x2e,0x73,0x6c,0x69,0x64,0x65,0x3a,0x6e,0x74,0x68,0x2d,
0x63,0x68,0x69,0x6c,0x64,0x28,0x31,0x29,0x20,0x7b,0x0a,0x20,0x20,0x20,0x20,0x62,
0x61,0x63,0x6b,0x67,0x72,0x6f,0x75,0x6e,0x64,0x2d,0x63,0x6f,0x6c,0x6f,0x72,0x3a,
0x20,0x23,0x63,0x31,0x63,0x31,0x63,0x31,0x3b,0x0a,0x7d,0x0a,0x0a,0x2e,0x73,0x6c,
0x69,0x64,0x65,0x3a,0x6e,0x74,0x68,0x2d,0x63,0x68,0x69,0x6c,0x64,0x28,0x32,0x29,
0x20,0x7b,0x0a,0x20,0x20,0x20,0x20,0x62,0x61,0x63,0x6b,0x67,0x72,0x6f,0x75,0x6e,
0x64,0x2d,0x63,0x6f,0x6c,0x6f,0x72,0x3a,0x20,0x23,0x64,0x31,0x64,0x31,0x64,0x31,
0x3b,0x0a,0x7d,0x0a,0x0a,0x2e,0x70,0x61,0x67,0x69,0x6e,0x61,0x74,0x69,0x6f,0x6e,
0x20,0x7b,0x0a,0x20,0x20,0x20,0x20,0x70,0x6f,0x73,0x69,0x74,0x69,0x6f,0x6e,0x3a,
0x20,0x66,0x69,0x78,0x65,0x64,0x3b,0x20,0x2f,0x2a,0x20,0x43,0x68,0x61,0x6e,0x67,
0x65,0x64,0x20,0x66,0x72,0x6f,0x6d,0x20,0x61,0x62,0x73,0x6f,0x6c,0x75,0x74,0x65,
0x20,0x74,0x6f,0x20,0x66,0x69,0x78,0x65,0x64,0x20,0x2a,0x2f,0x0a,0x20,0x20,0x20,
0x20,0x62,0x6f,0x74,0x74,0x6f,0x6d,0x3a,0x20,0x32,0x30,0x70,0x78,0x3b,0x0a,0x20,
0x20,0x20,0x20,0x6c,0x65,0x66,0x74,0x3a,0x20,0x35,0x30,0x25,0x3b,0x0a,0x20,0x20,
0x20,0x20,0x74,0x72,0x61,0x6e,0x73,0x66,0x6f,0x72,0x6d,0x3a,0x20,0x74,0x72,0x61,
0x6e,0x73,0x6c,0x61,0x74,0x65,0x58,0x28,0x2d,0x35,0x30,0x25,0x29,0x3b,0x0a,0x20,
0x20,0x20,0x20,0x64,0x69,0x73,0x70,0x6c,0x61,0x79,0x3a,0x20,0x66,0x6c,0x65,0x78,
0x3b,0x0a,0x20,0x20,0x20,0x20,0x67,0x61,0x70,0x3a,0x20,0x31,0x30,0x70,0x78,0x3b,
0x0a,0x20,0x20,0x20,0x20,0x7a,0x2d,0x69,0x6e,0x64,0x65,0x78,0x3a,0x20,0x31,0x30,
0x3b,0x0a,0x7d,0x0a,0x0a,0x2e,0x64,0x6f,0x74,0x20,0x7b,0x0a,0x20,0x20,0x20,0x20,
0x77,0x69,0x64,0x74,0x68,0x3a,0x20,0x31,0x30,0x70,0x78,0x3b,0x0a,0x20,0x20,0x20,
0x20,0x68,0x65,0x69,0x67,0x68,0x74,0x3a,0x20,0x31,0x30,0x70,0x78,0x3b,0x0a,0x20,
0x20,0x20,0x20,0x62,0x6f,0x72,0x64,0x65,0x72,0x2d,0x72,0x61,0x64,0x69,0x75,0x73,
0x3a,0x20,0x35,0x30,0x25,0x3b,0x0a,0x20,0x20,0x20,0x20,0x62,0x61,0x63,0x6b,0x67,
0x72,0x6f,0x75,0x6e,0x64,0x3a,0x20,0x72,0x67,0x62,0x61,0x28,0x32,0x35,0x35,0x2c,
0x20,0x32,0x35,0x35,0x2c,0x20,0x32,0x35,0x35,0x2c,0x20,0x30,0x2e,0x35,0x29,0x3b,
0x0a,0x20,0x20,0x20,0x20,0x63,0x75,0x72,0x73,0x6f,0x72,0x3a,0x20,0x70,0x6f,0x69,
0x6e,0x74,0x65,0x72,0x3b,0x0a,0x7d,0x0a,0x0a,0x2e,0x64,0x6f,0x74,0x2e,0x61,0x63,
0x74,0x69,0x76,0x65,0x20,0x7b,0x0a,0x20,0x20,0x20,0x20,0x62,0x61,0x63,0x6b,0x67,
0x72,0x6f,0x75,0x6e,0x64,0x3a,0x20,0x77,0x68,0x69,0x74,0x65,0x3b,0x0a,0x7d,};

#if FSDATA_FILE_ALIGNMENT==1
static const unsigned int dummy_align__slider_js = 4;
#endif
static const unsigned char FSDATA_ALIGN_PRE data__slider_js[] FSDATA_ALIGN_POST = {
/* /slider.js (11 chars) */
0x2f,0x73,0x6c,0x69,0x64,0x65,0x72,0x2e,0x6a,0x73,0x00,0x00,

/* HTTP header */
/* "HTTP/1.0 200 OK
" (17 bytes) */
0x48,0x54,0x54,0x50,0x2f,0x31,0x2e,0x30,0x20,0x32,0x30,0x30,0x20,0x4f,0x4b,0x0d,
0x0a,
/* "Server: lwIP/2.2.1d (http://savannah.nongnu.org/projects/lwip)
" (64 bytes) */
0x53,0x65,0x72,0x76,0x65,0x72,0x3a,0x20,0x6c,0x77,0x49,0x50,0x2f,0x32,0x2e,0x32,
0x2e,0x31,0x64,0x20,0x28,0x68,0x74,0x74,0x70,0x3a,0x2f,0x2f,0x73,0x61,0x76,0x61,
0x6e,0x6e,0x61,0x68,0x2e,0x6e,0x6f,0x6e,0x67,0x6e,0x75,0x2e,0x6f,0x72,0x67,0x2f,
0x70,0x72,0x6f,0x6a,0x65,0x63,0x74,0x73,0x2f,0x6c,0x77,0x69,0x70,0x29,0x0d,0x0a,

/* "Content-Length: 5149
" (18+ bytes) */
0x43,0x6f,0x6e,0x74,0x65,0x6e,0x74,0x2d,0x4c,0x65,0x6e,0x67,0x74,0x68,0x3a,0x20,
0x35,0x31,0x34,0x39,0x0d,0x0a,
/* "Content-Type: application/javascript

" (40 bytes) */
0x43,0x6f,0x6e,0x74,0x65,0x6e,0x74,0x2d,0x54,0x79,0x70,0x65,0x3a,0x20,0x61,0x70,
0x70,0x6c,0x69,0x63,0x61,0x74,0x69,0x6f,0x6e,0x2f,0x6a,0x61,0x76,0x61,0x73,0x63,
0x72,0x69,0x70,0x74,0x0d,0x0a,0x0d,0x0a,
/* raw file data (5149 bytes) */
0x63,0x6c,0x61,0x73,0x73,0x20,0x54,0x6f,0x75,0x63,0x68,0x53,0x6c,0x69,0x64,0x65,
0x72,0x20,0x7b,0x0a,0x20,0x20,0x20,0x20,0x63,0x6f,0x6e,0x73,0x74,0x72,0x75,0x63,
0x74,0x6f,0x72,0x28,0x29,0x20,0x7b,0x0a,0x20,0x20,0x20,0x20,0x20,0x20,0x20,0x20,
0x74,0x68,0x69,0x73,0x2e,0x73,0x6c,0x69,0x64,0x65,0x72,0x20,0x3d,0x20,0x64,0x6f,
0x63,0x75,0x6d,0x65,0x6e,0x74,0x2e,0x71,0x75,0x65,0x72,0x79,0x53,0x65,0x6c,0x65,
0x63,0x74,0x6f,0x72,0x28,0x27,0x2e,0x73,0x6c,0x69,0x64,0x65,0x72,0x27,0x29,0x3b,
0x0a,0x20,0x20,0x20,0x20,0x20,0x20,0x20,0x20,0x74,0x68,0x69,0x73,0x2e,0x73,0x6c,
0x69,0x64,0x65,0x73,0x20,0x3d,0x20,0x64,0x6f,0x63,0x75,0x6d,0x65,0x6e,0x74,0x2e,
0x71,0x75,0x65,0x72,0x79,0x53,0x65,0x6c,0x65,0x63,0x74,0x6f,0x72,0x41,0x6c,0x6c,
0x28,0x27,0x2e,0x73,0x6c,0x69,0x64,0x65,0x27,0x29,0x3b,0x0a,0x20,0x20,0x20,0x20,
0x20,0x20,0x20,0x20,0x74,0x68,0x69,0x73,0x2e,0x64,0x6f,0x74,0x73,0x20,0x3d,0x20,
0x64,0x6f,0x63,0x75,0x6d,0x65,0x6e,0x74,0x2e,0x71,0x75,0x65,0x72,0x79,0x53,0x65,
0x6c,0x65,0x63,0x74,0x6f,0x72,0x41,0x6c,0x6c,0x28,0x27,0x2e,0x64,0x6f,0x74,0x27,
0x29,0x3b,0x0a,0x20,0x20,0x20,0x20,0x20,0x20,0x20,0x20,0x74,0x68,0x69,0x73,0x2e,
0x73,0x63,0x72,0x6f,0x6c,0x6c,0x43,0x6f,0x6e,0x74,0x61,0x69,0x6e,0x65,0x72,0x20,
0x3d,0x20,0x64,0x6f,0x63,0x75,0x6d,0x65,0x6e,0x74,0x2e,0x71,0x75,0x65,0x72,0x79,
0x53,0x65,0x6c,0x65,0x63,0x74,0x6f,0x72,0x28,0x27,0x2e,0x73,0x63,0x72,0x6f,0x6c,
0x6c,0x2d,0x63,0x6f,0x6e,0x74,0x61,0x69,0x6e,0x65,0x72,0x27,0x29,0x3b,0x0a,0x20,
0x20,0x20,0x20,0x20,0x20,0x20,0x20,0x74,0x68,0x69,0x73,0x2e,0x63,0x75,0x72,0x72,
0x65,0x6e,0x74,0x53,0x6c,0x69,0x64,0x65,0x20,0x3d,0x20,0x30,0x3b,0x0a,0x20,0x20,
0x20,0x20,0x20,0x20,0x20,0x20,0x74,0x68,0x69,0x73,0x2e,0x73,0x74,0x61,0x72,0x74,
0x58,0x20,0x3d,0x20,0x30,0x3b,0x0a,0x20,0x20,0x20,0x20,0x20,0x20,0x20,0x20,0x74,
0x68,0x69,0x73,0x2e,0x73,0x74,0x61,0x72,0x74,0x59,0x20,0x3d,0x20,0x30,0x3b,0x0a,
0x20,0x20,0x20,0x20,0x20,0x20,0x20,0x20,0x74,0x68,0x69,0x73,0x2e,0x69,0x73,0x44,
0x72,0x61,0x67,0x67,0x69,0x6e,0x67,0x20,0x3d,0x20,0x66,0x61,0x6c,0x73,0x65,0x3b,
0x0a,0x20,0x20,0x20,0x20,0x20,0x20,0x20,0x20,0x74,0x68,0x69,0x73,0x2e,0x69,0x73,
0x53,0x63,0x72,0x6f,0x6c,0x6c,0x69,0x6e,0x67,0x20,0x3d,0x20,0x66,0x61,0x6c,0x73,
0x65,0x3b,0x0a,0x20,0x20,0x20,0x20,0x20,0x20,0x20,0x20,0x74,0x68,0x69,0x73,0x2e,
0x74,0x68,0x72,0x65,0x73,0x68,0x6f,0x6c,0x64,0x20,0x3d,0x20,0x35,0x30,0x3b,0x0a,
0x0a,0x20,0x20,0x20,0x20,0x20,0x20,0x20,0x20,0x74,0x68,0x69,0x73,0x2e,0x69,0x6e,
0x69,0x74,0x69,0x61,0x6c,0x69,0x7a,0x65,0x45,0x76,0x65,0x6e,0x74,0x73,0x28,0x29,
0x3b,0x0a,0x20,0x20,0x20,0x20,0x7d,0x0a,0x0a,0x20,0x20,0x20,0x20,0x69,0x6e,0x69,
0x74,0x69,0x61,0x6c,0x69,0x7a,0x65,0x45,0x76,0x65,0x6e,0x74,0x73,0x28,0x29,0x20,
0x7b,0x0a,0x20,0x20,0x20,0x20,0x20,0x20,0x20,0x20,0x2f,0x2f,0x20,0x54,0x6f,0x75,
0x63,0x68,0x20,0x45,0x76,0x65,0x6e,0x74,0x73,0x0a,0x20,0x20,0x20,0x20,0x20,0x20,
0x20,0x20,0x74,0x68,0x69,0x73,0x2e,0x73,0x6c,0x69,0x64,0x65,0x72,0x2e,0x61,0x64,
0x64,0x45,0x76,0x65,0x6e,0x74,0x4c,0x69,0x73,0x74,0x65,0x6e,0x65,0x72,0x28,0x27,
0x74,0x6f,0x75,0x63,0x68,0x73,0x74,0x61,0x72,0x74,0x27,0x2c,0x20,0x28,0x65,0x29,
0x20,0x3d,0x3e,0x20,0x7b,0x20,0x20,0x20,0x20,0x20,0x20,0x20,0x20,0x20,0x20,0x20,
0x20,0x0a,0x20,0x20,0x20,0x20,0x20,0x20,0x20,0x20,0x20,0x20,0x20,0x20,0x74,0x68,
0x69,0x73,0x2e,0x73,0x74,0x61,0x72,0x74,0x58,0x20,0x3d,0x20,0x65,0x2e,0x74,0x6f,
0x75,0x63,0x68,0x65,0x73,0x5b,0x30,0x5d,0x2e,0x70,0x61,0x67,0x65,0x58,0x3b,0x0a,
0x20,0x20,0x20,0x20,0x20,0x20,0x20,0x20,0x20,0x20,0x20,0x20,0x74,0x68,0x69,0x73,
0x2e,0x73,0x74,0x61,0x72,0x74,0x59,0x20,0x3d,0x20,0x65,0x2e,0x74,0x6f,0x75,0x63,
0x68,0x65,0x73,0x5b,0x30,0x5d,0x2e,0x70,0x61,0x67,0x65,0x59,0x3b,0x0a,0x20,0x20,
0x20,0x20,0x20,0x20,0x20,0x20,0x20,0x20,0x20,0x20,0x74,0x68,0x69,0x73,0x2e,0x69,
0x73,0x44,0x72,0x61,0x67,0x67,0x69,0x6e,0x67,0x20,0x3d,0x20,0x74,0x72,0x75,0x65,
0x3b,0x0a,0x20,0x20,0x20,0x20,0x20,0x20,0x20,0x20,0x20,0x20,0x20,0x20,0x74,0x68,
0x69,0x73,0x2e,0x69,0x73,0x53,0x63,0x72,0x6f,0x6c,0x6c,0x69,0x6e,0x67,0x20,0x3d,
0x20,0x66,0x61,0x6c,0x73,0x65,0x3b,0x0a,0x20,0x20,0x20,0x20,0x20,0x20,0x20,0x20,
0x7d,0x2c,0x20,0x7b,0x20,0x70,0x61,0x73,0x73,0x69,0x76,0x65,0x3a,0x20,0x74,0x72,
0x75,0x65,0x20,0x7d,0x29,0x3b,0x0a,0x20,0x20,0x20,0x20,0x20,0x20,0x20,0x20,0x0a,
0x20,0x20,0x20,0x20,0x20,0x20,0x20,0x20,0x74,0x68,0x69,0x73,0x2e,0x73,0x6c,0x69,
0x64,0x65,0x72,0x2e,0x61,0x64,0x64,0x45,0x76,0x65,0x6e,0x74,0x4c,0x69,0x73,0x74,
0x65,0x6e,0x65,0x72,0x28,0x27,0x74,0x6f,0x75,0x63,0x68,0x6d,0x6f,0x76,0x65,0x27,
0x2c,0x20,0x28,0x65,0x29,0x20,0x3d,0x3e,0x20,0x7b,0x0a,0x20,0x20,0x20,0x20,0x20,
0x20,0x20,0x20,0x20,0x20,0x20,0x20,0x69,0x66,0x20,0x28,0x21,0x74,0x68,0x69,0x73,
0x2e,0x69,0x73,0x44,0x72,0x61,0x67,0x67,0x69,0x6e,0x67,0x29,0x20,0x72,0x65,0x74,
0x75,0x72,0x6e,0x3b,0x0a,0x0a,0x20,0x20,0x20,0x20,0x20,0x20,0x20,0x20,0x20,0x20,
0x20,0x20,0x69,0x66,0x20,0x28,0x21,0x65,0x2e,0x63,0x75,0x72,0x72,0x65,0x6e,0x74,
0x54,0x61,0x72,0x67,0x65,0x74,0x2e,0x63,0x6f,0x6e,0x74,0x61,0x69,0x6e,0x73,0x28,
0x65,0x2e,0x74,0x61,0x72,0x67,0x65,0x74,0x29,0x20,0x7c,0x7c,0x20,0x65,0x2e,0x74,
0x61,0x72,0x67,0x65,0x74,0x2e,0x74,0x61,0x67,0x4e,0x61,0x6d,0x65,0x20,0x3d,0x3d,
0x3d,0x20,0x27,0x49,0x4e,0x50,0x55,0x54,0x27,0x29,0x20,0x72,0x65,0x74,0x75,0x72,
0x6e,0x3b,0x0a,0x20,0x20,0x20,0x20,0x20,0x20,0x20,0x20,0x20,0x20,0x20,0x0a,0x20,
0x20,0x20,0x20,0x20,0x20,0x20,0x20,0x20,0x20,0x20,0x20,0x63,0x6f,0x6e,0x73,0x74,
0x20,0x63,0x75,0x72,0x72,0x65,0x6e,0x74,0x58,0x20,0x3d,0x20,0x65,0x2e,0x74,0x6f,
0x75,0x63,0x68,0x65,0x73,0x5b,0x30,0x5d,0x2e,0x70,0x61,0x67,0x65,0x58,0x3b,0x0a,
0x20,0x20,0x20,0x20,0x20,0x20,0x20,0x20,0x20,0x20,0x20,0x20,0x63,0x6f,0x6e,0x73,
0x74,0x20,0x63,0x75,0x72,0x72,0x65,0x6e,0x74,0x59,0x20,0x3d,0x20,0x65,0x2e,0x74,
0x6f,0x75,0x63,0x68,0x65,0x73,0x5b,0x30,0x5d,0x2e,0x70,0x61,0x67,0x65,0x59,0x3b,
0x0a,0x20,0x20,0x20,0x20,0x20,0x20,0x20,0x20,0x20,0x20,0x20,0x20,0x63,0x6f,0x6e,
0x73,0x74,0x20,0x64,0x69,0x66,0x66,0x58,0x20,0x3d,0x20,0x63,0x75,0x72,0x72,0x65,
0x6e,0x74,0x58,0x20,0x2d,0x20,0x74,0x68,0x69,0x73,0x2e,0x73,0x74,0x61,0x72,0x74,
0x58,0x3b,0x0a,0x20,0x20,0x20,0x20,0x20,0x20,0x20,0x20,0x20,0x20,0x20,0x20,0x63,
0x6f,0x6e,0x73,0x74,0x20,0x64,0x69,0x66,0x66,0x59,0x20,0x3d,0x20,0x63,0x75,0x72,
0x72,0x65,0x6e,0x74,0x59,0x20,0x2d,0x20,0x74,0x68,0x69,0x73,0x2e,0x73,0x74,0x61,
0x72,0x74,0x59,0x3b,0x0a,0x0a,0x20,0x20,0x20,0x20,0x20,0x20,0x20,0x20,0x20,0x20,
0x20,0x20,0x2f,0x2f,0x20,0x44,0x65,0x74,0x65,0x72,0x6d,0x69,0x6e,0x65,0x20,0x69,
0x66,0x20,0x73,0x63,0x72,0x6f,0x6c,0x6c,0x69,0x6e,0x67,0x20,0x6f,0x72,0x20,0x73,
0x6c,0x69,0x64,0x69,0x6e,0x67,0x20,0x62,0x61,0x73,0x65,0x64,0x20,0x6f,0x6e,0x20,
0x64,0x69,0x72,0x65,0x63,0x74,0x69,0x6f,0x6e,0x0a,0x20,0x20,0x20,0x20,0x20,0x20,
0x20,0x20,0x20,0x20,0x20,0x20,0x69,0x66,0x20,0x28,0x21,0x74,0x68,0x69,0x73,0x2e,
0x69,0x73,0x53,0x63,0x72,0x6f,0x6c,0x6c,0x69,0x6e,0x67,0x20,0x26,0x26,0x20,0x4d,
0x61,0x74,0x68,0x2e,0x61,0x62,0x73,0x28,0x64,0x69,0x66,0x66,0x59,0x29,0x20,0x3e,
0x20,0x4d,0x61,0x74,0x68,0x2e,0x61,0x62,0x73,0x28,0x64,0x69,0x66,0x66,0x58,0x29,
0x29,0x20,0x7b,0x0a,0x20,0x20,0x20,0x20,0x20,0x20,0x20,0x20,0x20,0x20,0x20,0x20,
0x20,0x20,0x20,0x20,0x74,0x68,0x69,0x73,0x2e,0x69,0x73,0x53,0x63,0x72,0x6f,0x6c,
0x6c,0x69,0x6e,0x67,0x20,0x3d,0x20,0x74,0x72,0x75,0x65,0x3b,0x0a,0x20,0x20,0x20,
0x20,0x20,0x20,0x20,0x20,0x20,0x20,0x20,0x20,0x20,0x20,0x20,0x20,0x74,0x68,0x69,
0x73,0x2e,0x69,0x73,0x44,0x72,0x61,0x67,0x67,0x69,0x6e,0x67,0x20,0x3d,0x20,0x66,
0x61,0x6c,0x73,0x65,0x3b,0x0a,0x20,0x20,0x20,0x20,0x20,0x20,0x20,0x20,0x20,0x20,
0x20,0x20,0x20,0x20,0x20,0x20,0x72,0x65,0x74,0x75,0x72,0x6e,0x3b,0x0a,0x20,0x20,
0x20,0x20,0x20,0x20,0x20,0x20,0x20,0x20,0x20,0x20,0x7d,0x0a,0x0a,0x20,0x20,0x20,
0x20,0x20,0x20,0x20,0x20,0x20,0x20,0x20,0x20,0x69,0x66,0x20,0x28,0x21,0x74,0x68,
0x69,0x73,0x2e,0x69,0x73,0x53,0x63,0x72,0x6f,0x6c,0x6c,0x69,0x6e,0x67,0x20,0x26,
0x26,0x20,0x4d,0x61,0x74,0x68,0x2e,0x61,0x62,0x73,0x28,0x64,0x69,0x66,0x66,0x58,
0x29,0x20,0x3e,0x20,0x31,0x30,0x29,0x20,0x7b,0x0a,0x20,0x20,0x20,0x20,0x20,0x20,
0x20,0x20,0x20,0x20,0x20,0x20,0x20,0x20,0x20,0x20,0x2f,0x2f,0x65,0x2e,0x70,0x72,
0x65,0x76,0x65,0x6e,0x74,0x44,0x65,0x66,0x61,0x75,0x6c,0x74,0x28,0x29,0x3b,0x0a,
0x20,0x20,0x20,0x20,0x20,0x20,0x20,0x20,0x20,0x20,0x20,0x20,0x20,0x20,0x20,0x20,
0x63,0x6f,0x6e,0x73,0x74,0x20,0x6f,0x66,0x66,0x73,0x65,0x74,0x20,0x3d,0x20,0x2d,
0x74,0x68,0x69,0x73,0x2e,0x63,0x75,0x72,0x72,0x65,0x6e,0x74,0x53,0x6c,0x69,0x64,
0x65,0x20,0x2a,0x20,0x31,0x30,0x30,0x20,0x2b,0x20,0x28,0x64,0x69,0x66,0x66,0x58,
0x20,0x2f,0x20,0x77,0x69,0x6e,0x64,0x6f,0x77,0x2e,0x69,0x6e,0x6e,0x65,0x72,0x57,
0x69,0x64,0x74,0x68,0x20,0x2a,0x20,0x31,0x30,0x30,0x29,0x3b,0x0a,0x20,0x20,0x20,
0x20,0x20,0x20,0x20,0x20,0x20,0x20,0x20,0x20,0x20,0x20,0x20,0x20,0x69,0x66,0x20,
0x28,0x6f,0x66,0x66,0x73,0x65,0x74,0x20,0x3c,0x3d,0x20,0x30,0x20,0x26,0x26,0x20,
0x6f,0x66,0x66,0x73,0x65,0x74,0x20,0x3e,0x3d,0x20,0x2d,0x31,0x30,0x30,0x29,0x20,
0x7b,0x0a,0x20,0x20,0x20,0x20,0x20,0x20,0x20,0x20,0x20,0x20,0x20,0x20,0x20,0x20,
0x20,0x20,0x20,0x20,0x20,0x20,0x74,0x68,0x69,0x73,0x2e,0x73,0x6c,0x69,0x64,0x65,
0x72,0x2e,0x73,0x74,0x79,0x6c,0x65,0x2e,0x74,0x72,0x61,0x6e,0x73,0x66,0x6f,0x72,
0x6d,0x20,0x3d,0x20,0x60,0x74,0x72,0x61,0x6e,0x73,0x6c,0x61,0x74,0x65,0x58,0x28,
0x24,0x7b,0x6f,0x66,0x66,0x73,0x65,0x74,0x7d,0x76,0x77,0x29,0x60,0x3b,0x0a,0x20,
0x20,0x20,0x20,0x20,0x20,0x20,0x20,0x20,0x20,0x20,0x20,0x20,0x20,0x20,0x20,0x7d,
0x0a,0x20,0x20,0x20,0x20,0x20,0x20,0x20,0x20,0x20,0x20,0x20,0x20,0x7d,0x0a,0x20,
0x20,0x20,0x20,0x20,0x20,0x20,0x20,0x7d,0x2c,0x20,0x7b,0x20,0x70,0x61,0x73,0x73,
0x69,0x76,0x65,0x3a,0x20,0x74,0x72,0x75,0x65,0x20,0x7d,0x29,0x3b,0x0a,0x20,0x20,
0x20,0x20,0x20,0x20,0x20,0x20,0x0a,0x20,0x20,0x20,0x20,0x20,0x20,0x20,0x20,0x74,
0x68,0x69,0x73,0x2e,0x73,0x6c,0x69,0x64,0x65,0x72,0x2e,0x61,0x64,0x64,0x45,0x76,
0x65,0x6e,0x74,0x4c,0x69,0x73,0x74,0x65,0x6e,0x65,0x72,0x28,0x27,0x74,0x6f,0x75,
0x63,0x68,0x65,0x6e,0x64,0x27,0x2c,0x20,0x28,0x65,0x29,0x20,0x3d,0x3e,0x20,0x20,
0x7b,0x20,0x20,0x20,0x20,0x20,0x20,0x20,0x20,0x20,0x20,0x20,0x20,0x0a,0x20,0x20,
0x20,0x20,0x20,0x20,0x20,0x20,0x20,0x20,0x20,0x20,0x69,0x66,0x20,0x28,0x21,0x74,
0x68,0x69,0x73,0x2e,0x69,0x73,0x44,0x72,0x61,0x67,0x67,0x69,0x6e,0x67,0x29,0x20,
0x72,0x65,0x74,0x75,0x72,0x6e,0x3b,0x0a,0x0a,0x20,0x20,0x20,0x20,0x20,0x20,0x20,
0x20,0x20,0x20,0x20,0x20,0x69,0x66,0x20,0x28,0x21,0x65,0x2e,0x63,0x75,0x72,0x72,
0x65,0x6e,0x74,0x54,0x61,0x72,0x67,0x65,0x74,0x2e,0x63,0x6f,0x6e,0x74,0x61,0x69,
0x6e,0x73,0x28,0x65,0x2e,0x74,0x61,0x72,0x67,0x65,0x74,0x29,0x20,0x7c,0x7c,0x20,
0x65,0x2e,0x74,0x61,0x72,0x67,0x65,0x74,0x2e,0x74,0x61,0x67,0x4e,0x61,0x6d,0x65,
0x20,0x3d,0x3d,0x3d,0x20,0x27,0x49,0x4e,0x50,0x55,0x54,0x27,0x29,0x20,0x72,0x65,
0x74,0x75,0x72,0x6e,0x3b,0x0a,0x0a,0x20,0x20,0x20,0x20,0x20,0x20,0x20,0x20,0x20,
0x20,0x20,0x20,0x74,0x68,0x69,0x73,0x2e,0x68,0x61,0x6e,0x64,0x6c,0x65,0x45,0x6e,
0x64,0x28,0x29,0x3b,0x0a,0x20,0x20,0x20,0x20,0x20,0x20,0x20,0x20,0x7d,0x29,0x3b,
0x0a,0x0a,0x20,0x20,0x20,0x20,0x20,0x20,0x20,0x20,0x2f,0x2f,0x20,0x4d,0x6f,0x75,
0x73,0x65,0x20,0x45,0x76,0x65,0x6e,0x74,0x73,0x0a,0x20,0x20,0x20,0x20,0x20,0x20,
0x20,0x20,0x74,0x68,0x69,0x73,0x2e,0x73,0x6c,0x69,0x64,0x65,0x72,0x2e,0x61,0x64,
0x64,0x45,0x76,0x65,0x6e,0x74,0x4c,0x69,0x73,0x74,0x65,0x6e,0x65,0x72,0x28,0x27,
0x6d,0x6f,0x75,0x73,0x65,0x64,0x6f,0x77,0x6e,0x27,0x2c,0x20,0x28,0x65,0x29,0x20,
0x3d,0x3e,0x20,0x7b,0x0a,0x20,0x20,0x20,0x20,0x20,0x20,0x20,0x20,0x20,0x20,0x20,
0x20,0x2f,0x2f,0x20,0x4f,0x6e,0x6c,0x79,0x20,0x68,0x61,0x6e,0x64,0x6c,0x65,0x20,
0x70,0x72,0x69,0x6d,0x61,0x72,0x79,0x20,0x6d,0x6f,0x75,0x73,0x65,0x20,0x62,0x75,
0x74,0x74,0x6f,0x6e,0x0a,0x20,0x20,0x20,0x20,0x20,0x20,0x20,0x20,0x20,0x20,0x20,
0x20,0x69,0x66,0x20,0x28,0x65,0x2e,0x62,0x75,0x74,0x74,0x6f,0x6e,0x20,0x21,0x3d,
0x3d,0x20,0x30,0x29,0x20,0x72,0x65,0x74,0x75,0x72,0x6e,0x3b,0x0a,0x0a,0x20,0x20,
0x20,0x20,0x20,0x20,0x20,0x20,0x20,0x20,0x20,0x20,0x69,0x66,0x20,0x28,0x21,0x65,
0x2e,0x63,0x75,0x72,0x72,0x65,0x6e,0x74,0x54,0x61,0x72,0x67,0x65,0x74,0x2e,0x63,
0x6f,0x6e,0x74,0x61,0x69,0x6e,0x73,0x28,0x65,0x2e,0x74,0x61,0x72,0x67,0x65,0x74,
0x29,0x20,0x7c,0x7c,0x20,0x65,0x2e,0x74,0x61,0x72,0x67,0x65,0x74,0x2e,0x74,0x61,
0x67,0x4e,0x61,0x6d,0x65,0x20,0x3d,0x3d,0x3d,0x20,0x27,0x49,0x4e,0x50,0x55,0x54,
0x27,0x29,0x20,0x72,0x65,0x74,0x75,0x72,0x6e,0x3b,0x0a,0x20,0x20,0x20,0x20,0x20,
0x20,0x20,0x20,0x20,0x20,0x20,0x20,0x0a,0x20,0x20,0x20,0x20,0x20,0x20,0x20,0x20,
0x20,0x20,0x20,0x20,0x2f,0x2f,0x20,0x44,0x6f,0x6e,0x27,0x74,0x20,0x69,0x6e,0x69,
0x74,0x69,0x61,0x74,0x65,0x20,0x73,0x6c,0x69,0x64,0x65,0x20,0x69,0x66,0x20,0x63,
0x6c,0x69,0x63,0x6b,0x69,0x6e,0x67,0x20,0x69,0x6e,0x73,0x69,0x64,0x65,0x20,0x73,
0x63,0x72,0x6f,0x6c,0x6c,0x20,0x63,0x6f,0x6e,0x74,0x61,0x69,0x6e,0x65,0x72,0x0a,
0x20,0x20,0x20,0x20,0x20,0x20,0x20,0x20,0x20,0x20,0x20,0x20,0x69,0x66,0x20,0x28,
0x65,0x2e,0x74,0x61,0x72,0x67,0x65,0x74,0x2e,0x63,0x6c,0x6f,0x73,0x65,0x73,0x74,
0x28,0x27,0x2e,0x73,0x63,0x72,0x6f,0x6c,0x6c,0x2d,0x63,0x6f,0x6e,0x74,0x61,0x69,
0x6e,0x65,0x72,0x27,0x29,0x29,0x20,0x72,0x65,0x74,0x75,0x72,0x6e,0x3b,0x0a,0x20,
0x20,0x20,0x20,0x20,0x20,0x20,0x20,0x20,0x20,0x20,0x20,0x0a,0x20,0x20,0x20,0x20,
0x20,0x20,0x20,0x20,0x20,0x20,0x20,0x20,0x74,0x68,0x69,0x73,0x2e,0x73,0x74,0x61,
0x72,0x74,0x58,0x20,0x3d,0x20,0x65,0x2e,0x70,0x61,0x67,0x65,0x58,0x3b,0x0a,0x20,
0x20,0x20,0x20,0x20,0x20,0x20,0x20,0x20,0x20,0x20,0x20,0x74,0x68,0x69,0x73,0x2e,
0x69,0x73,0x44,0x72,0x61,0x67,0x67,0x69,0x6e,0x67,0x20,0x3d,0x20,0x74,0x72,0x75,
0x65,0x3b,0x0a,0x20,0x20,0x20,0x20,0x20,0x20,0x20,0x20,0x20,0x20,0x20,0x20,0x74,
0x68,0x69,0x73,0x2e,0x73,0x6c,0x69,0x64,0x65,0x72,0x2e,0x73,0x74,0x79,0x6c,0x65,
0x2e,0x74,0x72,0x61,0x6e,0x73,0x69,0x74,0x69,0x6f,0x6e,0x20,0x3d,0x20,0x27,0x6e,
0x6f,0x6e,0x65,0x27,0x3b,0x0a,0x20,0x20,0x20,0x20,0x20,0x20,0x20,0x20,0x20,0x20,
0x20,0x20,0x2f,0x2f,0x65,0x2e,0x70,0x72,0x65,0x76,0x65,0x6e,0x74,0x44,0x65,0x66,
0x61,0x75,0x6c,0x74,0x28,0x29,0x3b,0x20,0x20,0x20,0x20,0x20,0x20,0x20,0x0a,0x20,
0x20,0x20,0x20,0x20,0x20,0x20,0x20,0x7d,0x29,0x3b,0x0a,0x0a,0x20,0x20,0x20,0x20,
0x20,0x20,0x20,0x20,0x74,0x68,0x69,0x73,0x2e,0x73,0x6c,0x69,0x64,0x65,0x72,0x2e,
0x61,0x64,0x64,0x45,0x76,0x65,0x6e,0x74,0x4c,0x69,0x73,0x74,0x65,0x6e,0x65,0x72,
0x28,0x27,0x6d,0x6f,0x75,0x73,0x65,0x6d,0x6f,0x76,0x65,0x27,0x2c,0x20,0x28,0x65,
0x29,0x20,0x3d,0x3e,0x20,0x7b,0x0a,0x20,0x20,0x20,0x20,0x20,0x20,0x20,0x20,0x20,
0x20,0x20,0x20,0x69,0x66,0x20,0x28,0x21,0x74,0x68,0x69,0x73,0x2e,0x69,0x73,0x44,
0x72,0x61,0x67,0x67,0x69,0x6e,0x67,0x29,0x20,0x72,0x65,0x74,0x75,0x72,0x6e,0x3b,
0x0a,0x0a,0x20,0x20,0x20,0x20,0x20,0x20,0x20,0x20,0x20,0x20,0x20,0x20,0x69,0x66,
0x20,0x28,0x21,0x65,0x2e,0x63,0x75,0x72,0x72,0x65,0x6e,0x74,0x54,0x61,0x72,0x67,
0x65,0x74,0x2e,0x63,0x6f,0x6e,0x74,0x61,0x69,0x6e,0x73,0x28,0x65,0x2e,0x74,0x61,
0x72,0x67,0x65,0x74,0x29,0x20,0x7c,0x7c,0x20,0x65,0x2e,0x74,0x61,0x72,0x67,0x65,
0x74,0x2e,0x74,0x61,0x67,0x4e,0x61,0x6d,0x65,0x20,0x3d,0x3d,0x3d,0x20,0x27,0x49,
0x4e,0x50,0x55,0x54,0x27,0x29,0x20,0x72,0x65,0x74,0x75,0x72,0x6e,0x3b,0x0a,0x0a,
0x20,0x20,0x20,0x20,0x20,0x20,0x20,0x20,0x20,0x20,0x20,0x20,0x65,0x2e,0x70,0x72,
0x65,0x76,0x65,0x6e,0x74,0x44,0x65,0x66,0x61,0x75,0x6c,0x74,0x28,0x29,0x3b,0x0a,
0x20,0x20,0x20,0x20,0x20,0x20,0x20,0x20,0x20,0x20,0x20,0x20,0x0a,0x20,0x20,0x20,
0x20,0x20,0x20,0x20,0x20,0x20,0x20,0x20,0x20,0x63,0x6f,0x6e,0x73,0x74,0x20,0x64,
0x69,0x66,0x66,0x58,0x20,0x3d,0x20,0x65,0x2e,0x70,0x61,0x67,0x65,0x58,0x20,0x2d,
0x20,0x74,0x68,0x69,0x73,0x2e,0x73,0x74,0x61,0x72,0x74,0x58,0x3b,0x0a,0x20,0x20,
0x20,0x20,0x20,0x20,0x20,0x20,0x20,0x20,0x20,0x20,0x63,0x6f,0x6e,0x73,0x74,0x20,
0x6f,0x66,0x66,0x73,0x65,0x74,0x20,0x3d,0x20,0x2d,0x74,0x68,0x69,0x73,0x2e,0x63,
0x75,0x72,0x72,0x65,0x6e,0x74,0x53,0x6c,0x69,0x64,0x65,0x20,0x2a,0x20,0x31,0x30,
0x30,0x20,0x2b,0x20,0x28,0x64,0x69,0x66,0x66,0x58,0x20,0x2f,0x20,0x77,0x69,0x6e,
0x64,0x6f,0x77,0x2e,0x69,0x6e,0x6e,0x65,0x72,0x57,0x69,0x64,0x74,0x68,0x20,0x2a,
0x20,0x31,0x30,0x30,0x29,0x3b,0x0a,0x20,0x20,0x20,0x20,0x20,0x20,0x20,0x20,0x20,
0x20,0x20,0x20,0x0a,0x20,0x20,0x20,0x20,0x20,0x20,0x20,0x20,0x20,0x20,0x20,0x20,
0x69,0x66,0x20,0x28,0x6f,0x66,0x66,0x73,0x65,0x74,0x20,0x3c,0x3d,0x20,0x30,0x20,
0x26,0x26,0x20,0x6f,0x66,0x66,0x73,0x65,0x74,0x20,0x3e,0x3d,0x20,0x2d,0x31,0x30,
0x30,0x29,0x20,0x7b,0x0a,0x20,0x20,0x20,0x20,0x20,0x20,0x20,0x20,0x20,0x20,0x20,
0x20,0x20,0x20,0x20,0x20,0x74,0x68,0x69,0x73,0x2e,0x73,0x6c,0x69,0x64,0x65,0x72,
0x2e,0x73,0x74,0x79,0x6c,0x65,0x2e,0x74,0x72,0x61,0x6e,0x73,0x66,0x6f,0x72,0x6d,
0x20,0x3d,0x20,0x60,0x74,0x72,0x61,0x6e,0x73,0x6c,0x61,0x74,0x65,0x58,0x28,0x24,
0x7b,0x6f,0x66,0x66,0x73,0x65,0x74,0x7d,0x76,0x77,0x29,0x60,0x3b,0x0a,0x20,0x20,
0x20,0x20,0x20,0x20,0x20,0x20,0x20,0x20,0x20,0x20,0x7d,0x0a,0x20,0x20,0x20,0x20,
0x20,0x20,0x20,0x20,0x7d,0x29,0x3b,0x0a,0x0a,0x20,0x20,0x20,0x20,0x20,0x20,0x20,
0x20,0x74,0x68,0x69,0x73,0x2e,0x73,0x6c,0x69,0x64,0x65,0x72,0x2e,0x61,0x64,0x64,
0x45,0x76,0x65,0x6e,0x74,0x4c,0x69,0x73,0x74,0x65,0x6e,0x65,0x72,0x28,0x27,0x6d,
0x6f,0x75,0x73,0x65,0x75,0x70,0x27,0x2c,0x20,0x28,0x65,0x29,0x20,0x3d,0x3e,0x20,
0x7b,0x20,0x20,0x20,0x20,0x20,0x20,0x20,0x20,0x20,0x20,0x20,0x20,0x0a,0x20,0x20,
0x20,0x20,0x20,0x20,0x20,0x20,0x20,0x20,0x20,0x20,0x69,0x66,0x20,0x28,0x21,0x65,
0x2e,0x63,0x75,0x72,0x72,0x65,0x6e,0x74,0x54,0x61,0x72,0x67,0x65,0x74,0x2e,0x63,
0x6f,0x6e,0x74,0x61,0x69,0x6e,0x73,0x28,0x65,0x2e,0x74,0x61,0x72,0x67,0x65,0x74,
0x29,0x20,0x7c,0x7c,0x20,0x65,0x2e,0x74,0x61,0x72,0x67,0x65,0x74,0x2e,0x74,0x61,
0x67,0x4e,0x61,0x6d,0x65,0x20,0x3d,0x3d,0x3d,0x20,0x27,0x49,0x4e,0x50,0x55,0x54,
0x27,0x29,0x20,0x72,0x65,0x74,0x75,0x72,0x6e,0x3b,0x0a,0x20,0x20,0x20,0x20,0x20,
0x20,0x20,0x20,0x20,0x20,0x20,0x20,0x0a,0x20,0x20,0x20,0x20,0x20,0x20,0x20,0x20,
0x20,0x20,0x20,0x20,0x74,0x68,0x69,0x73,0x2e,0x68,0x61,0x6e,0x64,0x6c,0x65,0x45,
0x6e,0x64,0x28,0x29,0x3b,0x0a,0x20,0x20,0x20,0x20,0x20,0x20,0x20,0x20,0x7d,0x29,
0x3b,0x0a,0x20,0x20,0x20,0x20,0x20,0x20,0x20,0x20,0x0a,0x20,0x20,0x20,0x20,0x20,
0x20,0x20,0x20,0x0a,0x20,0x20,0x20,0x20,0x20,0x20,0x20,0x20,0x74,0x68,0x69,0x73,
0x2e,0x73,0x6c,0x69,0x64,0x65,0x72,0x2e,0x61,0x64,0x64,0x45,0x76,0x65,0x6e,0x74,
0x4c,0x69,0x73,0x74,0x65,0x6e,0x65,0x72,0x28,0x27,0x6d,0x6f,0x75,0x73,0x65,0x6c,
0x65,0x61,0x76,0x65,0x27,0x2c,0x20,0x28,0x65,0x29,0x20,0x3d,0x3e,0x20,0x7b,0x0a,
0x20,0x20,0x20,0x20,0x20,0x20,0x20,0x20,0x20,0x20,0x20,0x20,0x69,0x66,0x20,0x28,
0x21,0x65,0x2e,0x63,0x75,0x72,0x72,0x65,0x6e,0x74,0x54,0x61,0x72,0x67,0x65,0x74,
0x2e,0x63,0x6f,0x6e,0x74,0x61,0x69,0x6e,0x73,0x28,0x65,0x2e,0x74,0x61,0x72,0x67,
0x65,0x74,0x29,0x20,0x7c,0x7c,0x20,0x65,0x2e,0x74,0x61,0x72,0x67,0x65,0x74,0x2e,
0x74,0x61,0x67,0x4e,0x61,0x6d,0x65,0x20,0x3d,0x3d,0x3d,0x20,0x27,0x49,0x4e,0x50,
0x55,0x54,0x27,0x29,0x20,0x72,0x65,0x74,0x75,0x72,0x6e,0x3b,0x0a,0x0a,0x20,0x20,
0x20,0x20,0x20,0x20,0x20,0x20,0x20,0x20,0x20,0x20,0x74,0x68,0x69,0x73,0x2e,0x68,
0x61,0x6e,0x64,0x6c,0x65,0x45,0x6e,0x64,0x28,0x29,0x3b,0x0a,0x20,0x20,0x20,0x20,
0x20,0x20,0x20,0x20,0x7d,0x29,0x3b,0x0a,0x0a,0x20,0x20,0x20,0x20,0x20,0x20,0x20,
0x20,0x2f,0x2f,0x20,0x44,0x6f,0x74,0x20,0x6e,0x61,0x76,0x69,0x67,0x61,0x74,0x69,
0x6f,0x6e,0x0a,0x20,0x20,0x20,0x20,0x20,0x20,0x20,0x20,0x74,0x68,0x69,0x73,0x2e,
0x64,0x6f,0x74,0x73,0x2e,0x66,0x6f,0x72,0x45,0x61,0x63,0x68,0x28,0x28,0x64,0x6f,
0x74,0x2c,0x20,0x69,0x6e,0x64,0x65,0x78,0x29,0x20,0x3d,0x3e,0x20,0x7b,0x0a,0x20,
0x20,0x20,0x20,0x20,0x20,0x20,0x20,0x20,0x20,0x20,0x20,0x64,0x6f,0x74,0x2e,0x61,
0x64,0x64,0x45,0x76,0x65,0x6e,0x74,0x4c,0x69,0x73,0x74,0x65,0x6e,0x65,0x72,0x28,
0x27,0x63,0x6c,0x69,0x63,0x6b,0x27,0x2c,0x20,0x28,0x29,0x20,0x3d,0x3e,0x20,0x74,
0x68,0x69,0x73,0x2e,0x67,0x6f,0x54,0x6f,0x53,0x6c,0x69,0x64,0x65,0x28,0x69,0x6e,
0x64,0x65,0x78,0x29,0x29,0x3b,0x0a,0x20,0x20,0x20,0x20,0x20,0x20,0x20,0x20,0x7d,
0x29,0x3b,0x0a,0x20,0x20,0x20,0x20,0x7d,0x0a,0x0a,0x20,0x20,0x20,0x20,0x68,0x61,
0x6e,0x64,0x6c,0x65,0x45,0x6e,0x64,0x28,0x29,0x20,0x7b,0x0a,0x20,0x20,0x20,0x20,
0x20,0x20,0x20,0x20,0x69,0x66,0x20,0x28,0x21,0x74,0x68,0x69,0x73,0x2e,0x69,0x73,
0x44,0x72,0x61,0x67,0x67,0x69,0x6e,0x67,0x29,0x20,0x72,0x65,0x74,0x75,0x72,0x6e,
0x3b,0x0a,0x20,0x20,0x20,0x20,0x20,0x20,0x20,0x20,0x0a,0x20,0x20,0x20,0x20,0x20,
0x20,0x20,0x20,0x74,0x68,0x69,0x73,0x2e,0x69,0x73,0x44,0x72,0x61,0x67,0x67,0x69,
0x6e,0x67,0x20,0x3d,0x20,0x66,0x61,0x6c,0x73,0x65,0x3b,0x0a,0x20,0x20,0x20,0x20,
0x20,0x20,0x20,0x20,0x74,0x68,0x69,0x73,0x2e,0x69,0x73,0x53,0x63,0x72,0x6f,0x6c,
0x6c,0x69,0x6e,0x67,0x20,0x3d,0x20,0x66,0x61,0x6c,0x73,0x65,0x3b,0x0a,0x20,0x20,
0x20,0x20,0x20,0x20,0x20,0x20,0x74,0x68,0x69,0x73,0x2e,0x73,0x6c,0x69,0x64,0x65,
0x72,0x2e,0x73,0x74,0x79,0x6c,0x65,0x2e,0x74,0x72,0x61,0x6e,0x73,0x69,0x74,0x69,
0x6f,0x6e,0x20,0x3d,0x20,0x27,0x74,0x72,0x61,0x6e,0x73,0x66,0x6f,0x72,0x6d,0x20,
0x30,0x2e,0x33,0x73,0x20,0x65,0x61,0x73,0x65,0x2d,0x6f,0x75,0x74,0x27,0x3b,0x0a,
0x20,0x20,0x20,0x20,0x20,0x20,0x20,0x20,0x0a,0x20,0x20,0x20,0x20,0x20,0x20,0x20,
0x20,0x63,0x6f,0x6e,0x73,0x74,0x20,0x63,0x75,0x72,0x72,0x65,0x6e,0x74,0x58,0x20,
0x3d,0x20,0x70,0x61,0x72,0x73,0x65,0x46,0x6c,0x6f,0x61,0x74,0x28,0x74,0x68,0x69,
0x73,0x2e,0x73,0x6c,0x69,0x64,0x65,0x72,0x2e,0x73,0x74,0x79,0x6c,0x65,0x2e,0x74,
0x72,0x61,0x6e,0x73,0x66,0x6f,0x72,0x6d,0x3f,0x2e,0x72,0x65,0x70,0x6c,0x61,0x63,
0x65,0x28,0x27,0x74,0x72,0x61,0x6e,0x73,0x6c,0x61,0x74,0x65,0x58,0x28,0x27,0x2c,
0x20,0x27,0x27,0x29,0x20,0x7c,0x7c,0x20,0x30,0x29,0x3b,0x0a,0x20,0x20,0x20,0x20,
0x20,0x20,0x20,0x20,0x63,0x6f,0x6e,0x73,0x74,0x20,0x6d,0x6f,0x76,0x65,0x6d,0x65,
0x6e,0x74,0x20,0x3d,0x20,0x63,0x75,0x72,0x72,0x65,0x6e,0x74,0x58,0x20,0x2b,0x20,
0x28,0x74,0x68,0x69,0x73,0x2e,0x63,0x75,0x72,0x72,0x65,0x6e,0x74,0x53,0x6c,0x69,
0x64,0x65,0x20,0x2a,0x20,0x31,0x30,0x30,0x29,0x3b,0x0a,0x0a,0x20,0x20,0x20,0x20,
0x20,0x20,0x20,0x20,0x69,0x66,0x20,0x28,0x4d,0x61,0x74,0x68,0x2e,0x61,0x62,0x73,
0x28,0x6d,0x6f,0x76,0x65,0x6d,0x65,0x6e,0x74,0x29,0x20,0x3e,0x20,0x74,0x68,0x69,
0x73,0x2e,0x74,0x68,0x72,0x65,0x73,0x68,0x6f,0x6c,0x64,0x20,0x2f,0x20,0x77,0x69,
0x6e,0x64,0x6f,0x77,0x2e,0x69,0x6e,0x6e,0x65,0x72,0x57,0x69,0x64,0x74,0x68,0x20,
0x2a,0x20,0x31,0x30,0x30,0x29,0x20,0x7b,0x0a,0x20,0x20,0x20,0x20,0x20,0x20,0x20,
0x20,0x20,0x20,0x20,0x20,0x69,0x66,0x20,0x28,0x6d,0x6f,0x76,0x65,0x6d,0x65,0x6e,
0x74,0x20,0x3e,0x20,0x30,0x20,0x26,0x26,0x20,0x74,0x68,0x69,0x73,0x2e,0x63,0x75,
0x72,0x72,0x65,0x6e,0x74,0x53,0x6c,0x69,0x64,0x65,0x20,0x3e,0x20,0x30,0x29,0x20,
0x7b,0x0a,0x20,0x20,0x20,0x20,0x20,0x20,0x20,0x20,0x20,0x20,0x20,0x20,0x20,0x20,
0x20,0x20,0x74,0x68,0x69,0x73,0x2e,0x63,0x75,0x72,0x72,0x65,0x6e,0x74,0x53,0x6c,
0x69,0x64,0x65,0x2d,0x2d,0x3b,0x0a,0x20,0x20,0x20,0x20,0x20,0x20,0x20,0x20,0x20,
0x20,0x20,0x20,0x7d,0x20,0x65,0x6c,0x73,0x65,0x20,0x69,0x66,0x20,0x28,0x6d,0x6f,
0x76,0x65,0x6d,0x65,0x6e,0x74,0x20,0x3c,0x20,0x30,0x20,0x26,0x26,0x20,0x74,0x68,
0x69,0x73,0x2e,0x63,0x75,0x72,0x72,0x65,0x6e,0x74,0x53,0x6c,0x69,0x64,0x65,0x20,
0x3c,0x20,0x74,0x68,0x69,0x73,0x2e,0x73,0x6c,0x69,0x64,0x65,0x73,0x2e,0x6c,0x65,
0x6e,0x67,0x74,0x68,0x20,0x2d,0x20,0x31,0x29,0x20,0x7b,0x0a,0x20,0x20,0x20,0x20,
0x20,0x20,0x20,0x20,0x20,0x20,0x20,0x20,0x20,0x20,0x20,0x20,0x74,0x68,0x69,0x73,
0x2e,0x63,0x75,0x72,0x72,0x65,0x6e,0x74,0x53,0x6c,0x69,0x64,0x65,0x2b,0x2b,0x3b,
0x0a,0x20,0x20,0x20,0x20,0x20,0x20,0x20,0x20,0x20,0x20,0x20,0x20,0x7d,0x0a,0x20,
0x20,0x20,0x20,0x20,0x20,0x20,0x20,0x7d,0x0a,0x0a,0x20,0x20,0x20,0x20,0x20,0x20,
0x20,0x20,0x74,0x68,0x69,0x73,0x2e,0x75,0x70,0x64,0x61,0x74,0x65,0x53,0x6c,0x69,
0x64,0x65,0x72,0x50,0x6f,0x73,0x69,0x74,0x69,0x6f,0x6e,0x28,0x29,0x3b,0x0a,0x20,
0x20,0x20,0x20,0x7d,0x0a,0x0a,0x20,0x20,0x20,0x20,0x67,0x6f,0x54,0x6f,0x53,0x6c,
0x69,0x64,0x65,0x28,0x69,0x6e,0x64,0x65,0x78,0x29,0x20,0x7b,0x0a,0x20,0x20,0x20,
0x20,0x20,0x20,0x20,0x20,0x74,0x68,0x69,0x73,0x2e,0x63,0x75,0x72,0x72,0x65,0x6e,
0x74,0x53,0x6c,0x69,0x64,0x65,0x20,0x3d,0x20,0x69,0x6e,0x64,0x65,0x78,0x3b,0x0a,
0x20,0x20,0x20,0x20,0x20,0x20,0x20,0x20,0x74,0x68,0x69,0x73,0x2e,0x75,0x70,0x64,
0x61,0x74,0x65,0x53,0x6c,0x69,0x64,0x65,0x72,0x50,0x6f,0x73,0x69,0x74,0x69,0x6f,
0x6e,0x28,0x29,0x3b,0x0a,0x20,0x20,0x20,0x20,0x7d,0x0a,0x0a,0x20,0x20,0x20,0x20,
0x75,0x70,0x64,0x61,0x74,0x65,0x53,0x6c,0x69,0x64,0x65,0x72,0x50,0x6f,0x73,0x69,
0x74,0x69,0x6f,0x6e,0x28,0x29,0x20,0x7b,0x0a,0x20,0x20,0x20,0x20,0x20,0x20,0x20,
0x20,0x74,0x68,0x69,0x73,0x2e,0x73,0x6c,0x69,0x64,0x65,0x72,0x2e,0x73,0x74,0x79,
0x6c,0x65,0x2e,0x74,0x72,0x61,0x6e,0x73,0x69,0x74,0x69,0x6f,0x6e,0x20,0x3d,0x20,
0x27,0x74,0x72,0x61,0x6e,0x73,0x66,0x6f,0x72,0x6d,0x20,0x30,0x2e,0x33,0x73,0x20,
0x65,0x61,0x73,0x65,0x2d,0x6f,0x75,0x74,0x27,0x3b,0x0a,0x20,0x20,0x20,0x20,0x20,
0x20,0x20,0x20,0x74,0x68,0x69,0x73,0x2e,0x73,0x6c,0x69,0x64,0x65,0x72,0x2e,0x73,
0x74,0x79,0x6c,0x65,0x2e,0x74,0x72,0x61,0x6e,0x73,0x66,0x6f,0x72,0x6d,0x20,0x3d,
0x20,0x60,0x74,0x72,0x61,0x6e,0x73,0x6c,0x61,0x74,0x65,0x58,0x28,0x2d,0x24,0x7b,
0x74,0x68,0x69,0x73,0x2e,0x63,0x75,0x72,0x72,0x65,0x6e,0x74,0x53,0x6c,0x69,0x64,
0x65,0x20,0x2a,0x20,0x31,0x30,0x30,0x7d,0x76,0x77,0x29,0x60,0x3b,0x0a,0x0a,0x20,
0x20,0x20,0x20,0x20,0x20,0x20,0x20,0x69,0x66,0x20,0x28,0x74,0x68,0x69,0x73,0x2e,
0x63,0x75,0x72,0x72,0x65,0x6e,0x74,0x53,0x6c,0x69,0x64,0x65,0x20,0x3d,0x3d,0x20,
0x31,0x29,0x20,0x7b,0x0a,0x20,0x20,0x20,0x20,0x20,0x20,0x20,0x20,0x20,0x20,0x20,
0x20,0x77,0x69,0x6e,0x64,0x6f,0x77,0x2e,0x73,0x63,0x72,0x6f,0x6c,0x6c,0x54,0x6f,
0x28,0x7b,0x20,0x74,0x6f,0x70,0x3a,0x20,0x30,0x2c,0x20,0x62,0x65,0x68,0x61,0x76,
0x69,0x6f,0x72,0x3a,0x20,0x27,0x73,0x6d,0x6f,0x6f,0x74,0x68,0x27,0x20,0x7d,0x29,
0x3b,0x0a,0x20,0x20,0x20,0x20,0x20,0x20,0x20,0x20,0x7d,0x0a,0x20,0x20,0x20,0x20,
0x20,0x20,0x20,0x20,0x0a,0x20,0x20,0x20,0x20,0x20,0x20,0x20,0x20,0x74,0x68,0x69,
0x73,0x2e,0x64,0x6f,0x74,0x73,0x2e,0x66,0x6f,0x72,0x45,0x61,0x63,0x68,0x28,0x28,
0x64,0x6f,0x74,0x2c,0x20,0x69,0x6e,0x64,0x65,0x78,0x29,0x20,0x3d,0x3e,0x20,0x7b,
0x0a,0x20,0x20,0x20,0x20,0x20,0x20,0x20,0x20,0x20,0x20,0x20,0x20,0x64,0x6f,0x74,
0x2e,0x63,0x6c,0x61,0x73,0x73,0x4c,0x69,0x73,0x74,0x2e,0x74,0x6f,0x67,0x67,0x6c,
0x65,0x28,0x27,0x61,0x63,0x74,0x69,0x76,0x65,0x27,0x2c,0x20,0x69,0x6e,0x64,0x65,
0x78,0x20,0x3d,0x3d,0x3d,0x20,0x74,0x68,0x69,0x73,0x2e,0x63,0x75,0x72,0x72,0x65,
0x6e,0x74,0x53,0x6c,0x69,0x64,0x65,0x29,0x3b,0x0a,0x20,0x20,0x20,0x20,0x20,0x20,
0x20,0x20,0x7d,0x29,0x3b,0x0a,0x20,0x20,0x20,0x20,0x7d,0x0a,0x7d,};

#if FSDATA_FILE_ALIGNMENT==1
static const unsigned int dummy_align__styles_css = 5;
#endif
static const unsigned char FSDATA_ALIGN_PRE data__styles_css[] FSDATA_ALIGN_POST = {
/* /styles.css (12 chars) */
0x2f,0x73,0x74,0x79,0x6c,0x65,0x73,0x2e,0x63,0x73,0x73,0x00,

/* HTTP header */
/* "HTTP/1.0 200 OK
" (17 bytes) */
0x48,0x54,0x54,0x50,0x2f,0x31,0x2e,0x30,0x20,0x32,0x30,0x30,0x20,0x4f,0x4b,0x0d,
0x0a,
/* "Server: lwIP/2.2.1d (http://savannah.nongnu.org/projects/lwip)
" (64 bytes) */
0x53,0x65,0x72,0x76,0x65,0x72,0x3a,0x20,0x6c,0x77,0x49,0x50,0x2f,0x32,0x2e,0x32,
0x2e,0x31,0x64,0x20,0x28,0x68,0x74,0x74,0x70,0x3a,0x2f,0x2f,0x73,0x61,0x76,0x61,
0x6e,0x6e,0x61,0x68,0x2e,0x6e,0x6f,0x6e,0x67,0x6e,0x75,0x2e,0x6f,0x72,0x67,0x2f,
0x70,0x72,0x6f,0x6a,0x65,0x63,0x74,0x73,0x2f,0x6c,0x77,0x69,0x70,0x29,0x0d,0x0a,

/* "Content-Length: 3700
" (18+ bytes) */
0x43,0x6f,0x6e,0x74,0x65,0x6e,0x74,0x2d,0x4c,0x65,0x6e,0x67,0x74,0x68,0x3a,0x20,
0x33,0x37,0x30,0x30,0x0d,0x0a,
/* "Content-Type: text/css

" (26 bytes) */
0x43,0x6f,0x6e,0x74,0x65,0x6e,0x74,0x2d,0x54,0x79,0x70,0x65,0x3a,0x20,0x74,0x65,
0x78,0x74,0x2f,0x63,0x73,0x73,0x0d,0x0a,0x0d,0x0a,
/* raw file data (3700 bytes) */
0x2e,0x70,0x72,0x6f,0x67,0x72,0x65,0x73,0x73,0x2d,0x62,0x61,0x72,0x20,0x7b,0x0a,
0x20,0x20,0x20,0x20,0x77,0x69,0x64,0x74,0x68,0x3a,0x20,0x31,0x30,0x30,0x25,0x3b,
0x0a,0x20,0x20,0x20,0x20,0x62,0x61,0x63,0x6b,0x67,0x72,0x6f,0x75,0x6e,0x64,0x2d,
0x63,0x6f,0x6c,0x6f,0x72,0x3a,0x20,0x23,0x63,0x63,0x63,0x3b,0x0a,0x20,0x20,0x20,
0x20,0x68,0x65,0x69,0x67,0x68,0x74,0x3a,0x20,0x32,0x30,0x70,0x78,0x3b,0x0a,0x20,
0x20,0x20,0x20,0x70,0x6f,0x73,0x69,0x74,0x69,0x6f,0x6e,0x3a,0x20,0x72,0x65,0x6c,
0x61,0x74,0x69,0x76,0x65,0x3b,0x0a,0x20,0x20,0x20,0x20,0x2f,0x2a,0x20,0x4e,0x65,
0x65,0x64,0x65,0x64,0x20,0x66,0x6f,0x72,0x20,0x61,0x62,0x73,0x6f,0x6c,0x75,0x74,
0x65,0x20,0x70,0x6f,0x73,0x69,0x74,0x69,0x6f,0x6e,0x69,0x6e,0x67,0x20,0x6f,0x66,
0x20,0x74,0x68,0x65,0x20,0x74,0x65,0x78,0x74,0x20,0x2a,0x2f,0x0a,0x7d,0x0a,0x0a,
0x2e,0x70,0x72,0x6f,0x67,0x72,0x65,0x73,0x73,0x2d,0x6d,0x69,0x6e,0x2d,0x6d,0x61,
0x72,0x6b,0x20,0x7b,0x0a,0x20,0x20,0x20,0x20,0x70,0x6f,0x73,0x69,0x74,0x69,0x6f,
0x6e,0x3a,0x20,0x61,0x62,0x73,0x6f,0x6c,0x75,0x74,0x65,0x3b,0x0a,0x20,0x20,0x20,
0x20,0x74,0x6f,0x70,0x3a,0x20,0x35,0x30,0x25,0x3b,0x0a,0x20,0x20,0x20,0x20,0x74,
0x72,0x61,0x6e,0x73,0x66,0x6f,0x72,0x6d,0x3a,0x20,0x74,0x72,0x61,0x6e,0x73,0x6c,
0x61,0x74,0x65,0x59,0x28,0x2d,0x35,0x30,0x25,0x29,0x3b,0x0a,0x20,0x20,0x20,0x20,
0x62,0x61,0x63,0x6b,0x67,0x72,0x6f,0x75,0x6e,0x64,0x2d,0x63,0x6f,0x6c,0x6f,0x72,
0x3a,0x20,0x72,0x65,0x64,0x3b,0x0a,0x20,0x20,0x20,0x20,0x68,0x65,0x69,0x67,0x68,
0x74,0x3a,0x20,0x31,0x30,0x30,0x25,0x3b,0x0a,0x20,0x20,0x20,0x20,0x77,0x69,0x64,
0x74,0x68,0x3a,0x20,0x30,0x2e,0x31,0x25,0x3b,0x0a,0x7d,0x0a,0x0a,0x2e,0x70,0x72,
0x6f,0x67,0x72,0x65,0x73,0x73,0x20,0x7b,0x0a,0x20,0x20,0x20,0x20,0x68,0x65,0x69,
0x67,0x68,0x74,0x3a,0x20,0x31,0x30,0x30,0x25,0x3b,0x0a,0x20,0x20,0x20,0x20,0x62,
0x61,0x63,0x6b,0x67,0x72,0x6f,0x75,0x6e,0x64,0x2d,0x63,0x6f,0x6c,0x6f,0x72,0x3a,
0x20,0x23,0x34,0x43,0x41,0x46,0x35,0x30,0x3b,0x0a,0x20,0x20,0x20,0x20,0x2f,0x2a,
0x20,0x43,0x68,0x61,0x6e,0x67,0x65,0x20,0x74,0x68,0x69,0x73,0x20,0x63,0x6f,0x6c,
0x6f,0x72,0x20,0x74,0x6f,0x20,0x79,0x6f,0x75,0x72,0x20,0x64,0x65,0x73,0x69,0x72,
0x65,0x64,0x20,0x70,0x72,0x6f,0x67,0x72,0x65,0x73,0x73,0x20,0x62,0x61,0x72,0x20,
0x63,0x6f,0x6c,0x6f,0x72,0x20,0x2a,0x2f,0x0a,0x20,0x20,0x20,0x20,0x74,0x72,0x61,
0x6e,0x73,0x69,0x74,0x69,0x6f,0x6e,0x3a,0x20,0x77,0x69,0x64,0x74,0x68,0x20,0x30,
0x2e,0x33,0x73,0x20,0x65,0x61,0x73,0x65,0x2d,0x69,0x6e,0x2d,0x6f,0x75,0x74,0x3b,
0x0a,0x20,0x20,0x20,0x20,0x70,0x6f,0x73,0x69,0x74,0x69,0x6f,0x6e,0x3a,0x20,0x72,
0x65,0x6c,0x61,0x74,0x69,0x76,0x65,0x3b,0x0a,0x20,0x20,0x20,0x20,0x2f,0x2a,0x20,
0x4e,0x65,0x65,0x64,0x65,0x64,0x20,0x66,0x6f,0x72,0x20,0x61,0x62,0x73,0x6f,0x6c,
0x75,0x74,0x65,0x20,0x70,0x6f,0x73,0x69,0x74,0x69,0x6f,0x6e,0x69,0x6e,0x67,0x20,
0x6f,0x66,0x20,0x74,0x68,0x65,0x20,0x74,0x65,0x78,0x74,0x20,0x2a,0x2f,0x0a,0x7d,
0x0a,0x0a,0x2e,0x70,0x72,0x6f,0x67,0x72,0x65,0x73,0x73,0x2d,0x74,0x65,0x78,0x74,
0x20,0x7b,0x0a,0x20,0x20,0x20,0x20,0x70,0x6f,0x73,0x69,0x74,0x69,0x6f,0x6e,0x3a,
0x20,0x61,0x62,0x73,0x6f,0x6c,0x75,0x74,0x65,0x3b,0x0a,0x20,0x20,0x20,0x20,0x74,
0x6f,0x70,0x3a,0x20,0x35,0x30,0x25,0x3b,0x0a,0x20,0x20,0x20,0x20,0x6c,0x65,0x66,
0x74,0x3a,0x20,0x35,0x30,0x25,0x3b,0x0a,0x20,0x20,0x20,0x20,0x74,0x72,0x61,0x6e,
0x73,0x66,0x6f,0x72,0x6d,0x3a,0x20,0x74,0x72,0x61,0x6e,0x73,0x6c,0x61,0x74,0x65,
0x28,0x2d,0x35,0x30,0x25,0x2c,0x20,0x2d,0x35,0x30,0x25,0x29,0x3b,0x0a,0x20,0x20,
0x20,0x20,0x63,0x6f,0x6c,0x6f,0x72,0x3a,0x20,0x23,0x66,0x66,0x66,0x3b,0x0a,0x20,
0x20,0x20,0x20,0x2f,0x2a,0x20,0x54,0x65,0x78,0x74,0x20,0x63,0x6f,0x6c,0x6f,0x72,
0x20,0x2a,0x2f,0x0a,0x7d,0x0a,0x0a,0x73,0x74,0x72,0x6f,0x6e,0x67,0x20,0x7b,0x0a,
0x20,0x20,0x20,0x20,0x70,0x61,0x64,0x64,0x69,0x6e,0x67,0x3a,0x20,0x35,0x70,0x78,
0x3b,0x0a,0x7d,0x0a,0x0a,0x68,0x74,0x6d,0x6c,0x2c,0x0a,0x62,0x6f,0x64,0x79,0x20,
0x7b,0x0a,0x20,0x20,0x20,0x20,0x68,0x65,0x69,0x67,0x68,0x74,0x3a,0x20,0x31,0x30,
0x30,0x25,0x3b,0x0a,0x20,0x20,0x20,0x20,0x6f,0x76,0x65,0x72,0x66,0x6c,0x6f,0x77,
0x2d,0x78,0x3a,0x20,0x68,0x69,0x64,0x64,0x65,0x6e,0x3b,0x0a,0x7d,0x0a,0x0a,0x68,
0x74,0x6d,0x6c,0x20,0x7b,0x0a,0x20,0x20,0x20,0x20,0x64,0x69,0x73,0x70,0x6c,0x61,
0x79,0x3a,0x20,0x74,0x61,0x62,0x6c,0x65,0x3b,0x0a,0x20,0x20,0x20,0x20,0x6d,0x61,
0x72,0x67,0x69,0x6e,0x3a,0x20,0x61,0x75,0x74,0x6f,0x3b,0x0a,0x7d,0x0a,0x0a,0x62,
0x6f,0x64,0x79,0x20,0x7b,0x0a,0x20,0x20,0x20,0x20,0x64,0x69,0x73,0x70,0x6c,0x61,
0x79,0x3a,0x20,0x74,0x61,0x62,0x6c,0x65,0x2d,0x63,0x65,0x6c,0x6c,0x3b,0x0a,0x20,
0x20,0x20,0x20,0x76,0x65,0x72,0x74,0x69,0x63,0x61,0x6c,0x2d,0x61,0x6c,0x69,0x67,
0x6e,0x3a,0x20,0x6d,0x69,0x64,0x64,0x6c,0x65,0x3b,0x0a,0x20,0x20,0x20,0x20,0x74,
0x65,0x78,0x74,0x2d,0x61,0x6c,0x69,0x67,0x6e,0x3a,0x20,0x63,0x65,0x6e,0x74,0x65,
0x72,0x3b,0x0a,0x7d,0x0a,0x0a,0x66,0x6f,0x72,0x6d,0x20,0x7b,0x0a,0x20,0x20,0x20,
0x20,0x6d,0x61,0x78,0x2d,0x77,0x69,0x64,0x74,0x68,0x3a,0x20,0x34,0x30,0x30,0x70,
0x78,0x3b,0x0a,0x20,0x20,0x20,0x20,0x6d,0x61,0x72,0x67,0x69,0x6e,0x3a,0x20,0x61,
0x75,0x74,0x6f,0x3b,0x0a,0x20,0x20,0x20,0x20,0x70,0x61,0x64,0x64,0x69,0x6e,0x67,
0x3a,0x20,0x31,0x30,0x70,0x78,0x3b,0x0a,0x7d,0x0a,0x0a,0x69,0x6e,0x70,0x75,0x74,
0x2c,0x0a,0x74,0x65,0x78,0x74,0x61,0x72,0x65,0x61,0x2c,0x0a,0x73,0x65,0x6c,0x65,
0x63,0x74,0x20,0x7b,0x0a,0x20,0x20,0x20,0x20,0x2f,0x2a,0x20,0x77,0x69,0x64,0x74,
0x68,0x3a,0x20,0x31,0x30,0x30,0x25,0x3b,0x20,0x2a,0x2f,0x0a,0x20,0x20,0x20,0x20,
0x70,0x61,0x64,0x64,0x69,0x6e,0x67,0x3a,0x20,0x31,0x30,0x70,0x78,0x3b,0x0a,0x20,
0x20,0x20,0x20,0x6d,0x61,0x72,0x67,0x69,0x6e,0x2d,0x74,0x6f,0x70,0x3a,0x20,0x35,
0x70,0x78,0x3b,0x0a,0x20,0x20,0x20,0x20,0x6d,0x61,0x72,0x67,0x69,0x6e,0x2d,0x62,
0x6f,0x74,0x74,0x6f,0x6d,0x3a,0x20,0x35,0x70,0x78,0x3b,0x0a,0x20,0x20,0x20,0x20,
0x66,0x6f,0x6e,0x74,0x2d,0x73,0x69,0x7a,0x65,0x3a,0x20,0x31,0x36,0x70,0x78,0x3b,
0x0a,0x7d,0x0a,0x0a,0x62,0x75,0x74,0x74,0x6f,0x6e,0x20,0x7b,0x0a,0x20,0x20,0x20,
0x20,0x77,0x69,0x64,0x74,0x68,0x3a,0x20,0x31,0x30,0x30,0x25,0x3b,0x0a,0x20,0x20,
0x20,0x20,0x70,0x61,0x64,0x64,0x69,0x6e,0x67,0x3a,0x20,0x31,0x32,0x70,0x78,0x3b,
0x0a,0x20,0x20,0x20,0x20,0x66,0x6f,0x6e,0x74,0x2d,0x73,0x69,0x7a,0x65,0x3a,0x20,
0x31,0x38,0x70,0x78,0x3b,0x0a,0x7d,0x0a,0x0a,0x2f,0x2a,0x20,0x54,0x68,0x65,0x20,
0x43,0x6c,0x6f,0x73,0x65,0x20,0x42,0x75,0x74,0x74,0x6f,0x6e,0x20,0x2a,0x2f,0x0a,
0x2e,0x63,0x6c,0x6f,0x73,0x65,0x20,0x7b,0x0a,0x20,0x20,0x20,0x20,0x63,0x6f,0x6c,
0x6f,0x72,0x3a,0x20,0x23,0x61,0x61,0x61,0x3b,0x0a,0x20,0x20,0x20,0x20,0x66,0x6c,
0x6f,0x61,0x74,0x3a,0x20,0x72,0x69,0x67,0x68,0x74,0x3b,0x0a,0x20,0x20,0x20,0x20,
0x66,0x6f,0x6e,0x74,0x2d,0x73,0x69,0x7a,0x65,0x3a,0x20,0x32,0x38,0x70,0x78,0x3b,
0x0a,0x20,0x20,0x20,0x20,0x66,0x6f,0x6e,0x74,0x2d,0x77,0x65,0x69,0x67,0x68,0x74,
0x3a,0x20,0x62,0x6f,0x6c,0x64,0x3b,0x0a,0x7d,0x0a,0x0a,0x2e,0x63,0x6c,0x6f,0x73,
0x65,0x3a,0x68,0x6f,0x76,0x65,0x72,0x2c,0x0a,0x2e,0x63,0x6c,0x6f,0x73,0x65,0x3a,
0x66,0x6f,0x63,0x75,0x73,0x20,0x7b,0x0a,0x20,0x20,0x20,0x20,0x63,0x6f,0x6c,0x6f,
0x72,0x3a,0x20,0x62,0x6c,0x61,0x63,0x6b,0x3b,0x0a,0x20,0x20,0x20,0x20,0x74,0x65,
0x78,0x74,0x2d,0x64,0x65,0x63,0x6f,0x72,0x61,0x74,0x69,0x6f,0x6e,0x3a,0x20,0x6e,
0x6f,0x6e,0x65,0x3b,0x0a,0x20,0x20,0x20,0x20,0x63,0x75,0x72,0x73,0x6f,0x72,0x3a,
0x20,0x70,0x6f,0x69,0x6e,0x74,0x65,0x72,0x3b,0x0a,0x7d,0x0a,0x0a,0x2e,0x6d,0x6f,
0x64,0x61,0x6c,0x2d,0x72,0x65,0x73,0x65,0x74,0x2d,0x63,0x6f,0x6e,0x74,0x65,0x6e,
0x74,0x20,0x7b,0x0a,0x20,0x20,0x20,0x20,0x62,0x61,0x63,0x6b,0x67,0x72,0x6f,0x75,
0x6e,0x64,0x2d,0x63,0x6f,0x6c,0x6f,0x72,0x3a,0x20,0x23,0x66,0x65,0x66,0x65,0x66,
0x65,0x3b,0x0a,0x20,0x20,0x20,0x20,0x6d,0x61,0x72,0x67,0x69,0x6e,0x3a,0x20,0x31,
0x35,0x25,0x20,0x61,0x75,0x74,0x6f,0x3b,0x0a,0x20,0x20,0x20,0x20,0x2f,0x2a,0x20,
0x31,0x35,0x25,0x20,0x66,0x72,0x6f,0x6d,0x20,0x74,0x68,0x65,0x20,0x74,0x6f,0x70,
0x20,0x61,0x6e,0x64,0x20,0x63,0x65,0x6e,0x74,0x65,0x72,0x65,0x64,0x20,0x2a,0x2f,
0x0a,0x20,0x20,0x20,0x20,0x70,0x61,0x64,0x64,0x69,0x6e,0x67,0x3a,0x20,0x32,0x30,
0x70,0x78,0x3b,0x0a,0x20,0x20,0x20,0x20,0x62,0x6f,0x72,0x64,0x65,0x72,0x3a,0x20,
0x31,0x70,0x78,0x20,0x73,0x6f,0x6c,0x69,0x64,0x20,0x23,0x38,0x38,0x38,0x3b,0x0a,
0x20,0x20,0x20,0x20,0x77,0x69,0x64,0x74,0x68,0x3a,0x20,0x38,0x30,0x25,0x3b,0x0a,
0x20,0x20,0x20,0x20,0x2f,0x2a,0x20,0x43,0x6f,0x75,0x6c,0x64,0x20,0x62,0x65,0x20,
0x6d,0x6f,0x72,0x65,0x20,0x6f,0x72,0x20,0x6c,0x65,0x73,0x73,0x2c,0x20,0x64,0x65,
0x70,0x65,0x6e,0x64,0x69,0x6e,0x67,0x20,0x6f,0x6e,0x20,0x73,0x63,0x72,0x65,0x65,
0x6e,0x20,0x73,0x69,0x7a,0x65,0x20,0x2a,0x2f,0x0a,0x20,0x20,0x20,0x20,0x6d,0x61,
0x78,0x2d,0x77,0x69,0x64,0x74,0x68,0x3a,0x20,0x35,0x30,0x30,0x70,0x78,0x3b,0x0a,
0x20,0x20,0x20,0x20,0x2f,0x2a,0x20,0x4d,0x61,0x78,0x69,0x6d,0x75,0x6d,0x20,0x77,
0x69,0x64,0x74,0x68,0x20,0x2a,0x2f,0x0a,0x20,0x20,0x20,0x20,0x62,0x6f,0x72,0x64,
0x65,0x72,0x2d,0x72,0x61,0x64,0x69,0x75,0x73,0x3a,0x20,0x31,0x30,0x70,0x78,0x3b,
0x0a,0x20,0x20,0x20,0x20,0x62,0x6f,0x78,0x2d,0x73,0x68,0x61,0x64,0x6f,0x77,0x3a,
0x20,0x30,0x20,0x35,0x70,0x78,0x20,0x31,0x35,0x70,0x78,0x20,0x72,0x67,0x62,0x61,
0x28,0x30,0x2c,0x20,0x30,0x2c,0x20,0x30,0x2c,0x20,0x30,0x2e,0x33,0x29,0x3b,0x0a,
0x7d,0x0a,0x0a,0x40,0x6d,0x65,0x64,0x69,0x61,0x20,0x28,0x6d,0x61,0x78,0x2d,0x77,
0x69,0x64,0x74,0x68,0x3a,0x20,0x36,0x30,0x30,0x70,0x78,0x29,0x20,0x7b,0x0a,0x0a,
0x20,0x20,0x20,0x20,0x2f,0x2a,0x20,0x41,0x64,0x6a,0x75,0x73,0x74,0x20,0x62,0x72,
0x65,0x61,0x6b,0x70,0x6f,0x69,0x6e,0x74,0x20,0x61,0x73,0x20,0x6e,0x65,0x65,0x64,
0x65,0x64,0x20,0x2a,0x2f,0x0a,0x20,0x20,0x20,0x20,0x2e,0x68,0x69,0x64,0x65,0x2d,
0x6f,0x6e,0x2d,0x73,0x6d,0x61,0x6c,0x6c,0x20,0x7b,0x0a,0x20,0x20,0x20,0x20,0x20,
0x20,0x20,0x20,0x64,0x69,0x73,0x70,0x6c,0x61,0x79,0x3a,0x20,0x6e,0x6f,0x6e,0x65,
0x3b,0x0a,0x20,0x20,0x20,0x20,0x7d,0x0a,0x7d,0x0a,0x0a,0x2f,0x2a,0x20,0x46,0x6f,
0x72,0x20,0x6d,0x6f,0x64,0x61,0x6c,0x20,0x66,0x6f,0x72,0x6d,0x20,0x2a,0x2f,0x0a,
0x2f,0x2a,0x20,0x42,0x61,0x73,0x69,0x63,0x20,0x54,0x61,0x62,0x6c,0x65,0x20,0x53,
0x74,0x79,0x6c,0x69,0x6e,0x67,0x20,0x2a,0x2f,0x0a,0x74,0x61,0x62,0x6c,0x65,0x20,
0x7b,0x0a,0x20,0x20,0x20,0x20,0x77,0x69,0x64,0x74,0x68,0x3a,0x20,0x31,0x30,0x30,
0x25,0x3b,0x0a,0x20,0x20,0x20,0x20,0x2f,0x2a,0x62,0x6f,0x72,0x64,0x65,0x72,0x2d,
0x63,0x6f,0x6c,0x6c,0x61,0x70,0x73,0x65,0x3a,0x20,0x63,0x6f,0x6c,0x6c,0x61,0x70,
0x73,0x65,0x3b,0x2a,0x2f,0x0a,0x20,0x20,0x20,0x20,0x62,0x6f,0x72,0x64,0x65,0x72,
0x3a,0x20,0x6e,0x6f,0x6e,0x65,0x3b,0x0a,0x7d,0x0a,0x0a,0x74,0x68,0x20,0x7b,0x0a,
0x20,0x20,0x20,0x20,0x62,0x6f,0x72,0x64,0x65,0x72,0x3a,0x20,0x31,0x70,0x78,0x20,
0x73,0x6f,0x6c,0x69,0x64,0x20,0x23,0x64,0x64,0x64,0x3b,0x0a,0x7d,0x0a,0x0a,0x74,
0x64,0x20,0x7b,0x0a,0x20,0x20,0x20,0x20,0x70,0x61,0x64,0x64,0x69,0x6e,0x67,0x3a,
0x20,0x31,0x30,0x70,0x78,0x3b,0x0a,0x20,0x20,0x20,0x20,0x2f,0x2a,0x20,0x62,0x6f,
0x72,0x64,0x65,0x72,0x3a,0x20,0x31,0x70,0x78,0x20,0x73,0x6f,0x6c,0x69,0x64,0x20,
0x23,0x64,0x64,0x64,0x3b,0x20,0x2a,0x2f,0x0a,0x20,0x20,0x20,0x20,0x74,0x65,0x78,
0x74,0x2d,0x61,0x6c,0x69,0x67,0x6e,0x3a,0x20,0x6c,0x65,0x66,0x74,0x3b,0x0a,0x7d,
0x0a,0x0a,0x74,0x68,0x20,0x7b,0x0a,0x20,0x20,0x20,0x20,0x62,0x61,0x63,0x6b,0x67,
0x72,0x6f,0x75,0x6e,0x64,0x3a,0x20,0x23,0x66,0x34,0x66,0x34,0x66,0x34,0x3b,0x0a,
0x7d,0x0a,0x0a,0x2e,0x6c,0x61,0x62,0x65,0x6c,0x20,0x7b,0x0a,0x20,0x20,0x20,0x20,
0x74,0x65,0x78,0x74,0x2d,0x61,0x6c,0x69,0x67,0x6e,0x3a,0x20,0x72,0x69,0x67,0x68,
0x74,0x3b,0x0a,0x7d,0x0a,0x0a,0x2e,0x6d,0x6f,0x64,0x61,0x6c,0x20,0x7b,0x0a,0x20,
0x20,0x20,0x20,0x64,0x69,0x73,0x70,0x6c,0x61,0x79,0x3a,0x20,0x6e,0x6f,0x6e,0x65,
0x3b,0x0a,0x20,0x20,0x20,0x20,0x70,0x6f,0x73,0x69,0x74,0x69,0x6f,0x6e,0x3a,0x20,
0x66,0x69,0x78,0x65,0x64,0x3b,0x0a,0x20,0x20,0x20,0x20,0x74,0x6f,0x70,0x3a,0x20,
0x35,0x30,0x25,0x3b,0x0a,0x20,0x20,0x20,0x20,0x6c,0x65,0x66,0x74,0x3a,0x20,0x35,
0x30,0x25,0x3b,0x0a,0x20,0x20,0x20,0x20,0x74,0x72,0x61,0x6e,0x73,0x66,0x6f,0x72,
0x6d,0x3a,0x20,0x74,0x72,0x61,0x6e,0x73,0x6c,0x61,0x74,0x65,0x28,0x2d,0x35,0x30,
0x25,0x2c,0x20,0x2d,0x35,0x30,0x25,0x29,0x3b,0x0a,0x20,0x20,0x20,0x20,0x62,0x61,
0x63,0x6b,0x67,0x72,0x6f,0x75,0x6e,0x64,0x3a,0x20,0x77,0x68,0x69,0x74,0x65,0x3b,
0x0a,0x20,0x20,0x20,0x20,0x70,0x61,0x64,0x64,0x69,0x6e,0x67,0x3a,0x20,0x32,0x30,
0x70,0x78,0x3b,0x0a,0x20,0x20,0x20,0x20,0x62,0x6f,0x72,0x64,0x65,0x72,0x2d,0x72,
0x61,0x64,0x69,0x75,0x73,0x3a,0x20,0x38,0x70,0x78,0x3b,0x0a,0x20,0x20,0x20,0x20,
0x62,0x6f,0x78,0x2d,0x73,0x68,0x61,0x64,0x6f,0x77,0x3a,0x20,0x30,0x70,0x78,0x20,
0x34,0x70,0x78,0x20,0x36,0x70,0x78,0x20,0x72,0x67,0x62,0x61,0x28,0x30,0x2c,0x20,
0x30,0x2c,0x20,0x30,0x2c,0x20,0x30,0x2e,0x31,0x29,0x3b,0x0a,0x20,0x20,0x20,0x20,
0x77,0x69,0x64,0x74,0x68,0x3a,0x20,0x39,0x30,0x25,0x3b,0x0a,0x20,0x20,0x20,0x20,
0x6d,0x61,0x78,0x2d,0x77,0x69,0x64,0x74,0x68,0x3a,0x20,0x34,0x30,0x30,0x70,0x78,
0x3b,0x0a,0x20,0x20,0x20,0x20,0x7a,0x2d,0x69,0x6e,0x64,0x65,0x78,0x3a,0x20,0x31,
0x30,0x30,0x30,0x3b,0x0a,0x7d,0x0a,0x0a,0x2e,0x6d,0x6f,0x64,0x61,0x6c,0x2d,0x6f,
0x76,0x65,0x72,0x6c,0x61,0x79,0x20,0x7b,0x0a,0x20,0x20,0x20,0x20,0x64,0x69,0x73,
0x70,0x6c,0x61,0x79,0x3a,0x20,0x6e,0x6f,0x6e,0x65,0x3b,0x0a,0x20,0x20,0x20,0x20,
0x70,0x6f,0x73,0x69,0x74,0x69,0x6f,0x6e,0x3a,0x20,0x66,0x69,0x78,0x65,0x64,0x3b,
0x0a,0x20,0x20,0x20,0x20,0x74,0x6f,0x70,0x3a,0x20,0x30,0x3b,0x0a,0x20,0x20,0x20,
0x20,0x6c,0x65,0x66,0x74,0x3a,0x20,0x30,0x3b,0x0a,0x20,0x20,0x20,0x20,0x77,0x69,
0x64,0x74,0x68,0x3a,0x20,0x31,0x30,0x30,0x25,0x3b,0x0a,0x20,0x20,0x20,0x20,0x68,
0x65,0x69,0x67,0x68,0x74,0x3a,0x20,0x31,0x30,0x30,0x25,0x3b,0x0a,0x20,0x20,0x20,
0x20,0x62,0x61,0x63,0x6b,0x67,0x72,0x6f,0x75,0x6e,0x64,0x3a,0x20,0x72,0x67,0x62,
0x61,0x28,0x30,0x2c,0x20,0x30,0x2c,0x20,0x30,0x2c,0x20,0x30,0x2e,0x35,0x29,0x3b,
0x0a,0x20,0x20,0x20,0x20,0x7a,0x2d,0x69,0x6e,0x64,0x65,0x78,0x3a,0x20,0x39,0x39,
0x39,0x3b,0x0a,0x7d,0x0a,0x0a,0x2e,0x6d,0x6f,0x64,0x61,0x6c,0x20,0x6c,0x61,0x62,
0x65,0x6c,0x20,0x7b,0x0a,0x20,0x20,0x20,0x20,0x66,0x6f,0x6e,0x74,0x2d,0x77,0x65,
0x69,0x67,0x68,0x74,0x3a,0x20,0x62,0x6f,0x6c,0x64,0x3b,0x0a,0x20,0x20,0x20,0x20,
0x64,0x69,0x73,0x70,0x6c,0x61,0x79,0x3a,0x20,0x62,0x6c,0x6f,0x63,0x6b,0x3b,0x0a,
0x20,0x20,0x20,0x20,0x6d,0x61,0x72,0x67,0x69,0x6e,0x2d,0x74,0x6f,0x70,0x3a,0x20,
0x31,0x30,0x70,0x78,0x3b,0x0a,0x7d,0x0a,0x0a,0x2e,0x6d,0x6f,0x64,0x61,0x6c,0x20,
0x69,0x6e,0x70,0x75,0x74,0x20,0x7b,0x0a,0x20,0x20,0x20,0x20,0x2f,0x2a,0x20,0x77,
0x69,0x64,0x74,0x68,0x3a,0x20,0x31,0x30,0x30,0x25,0x3b,0x20,0x2a,0x2f,0x0a,0x20,
0x20,0x20,0x20,0x70,0x61,0x64,0x64,0x69,0x6e,0x67,0x3a,0x20,0x38,0x70,0x78,0x3b,
0x0a,0x20,0x20,0x20,0x20,0x6d,0x61,0x72,0x67,0x69,0x6e,0x2d,0x74,0x6f,0x70,0x3a,
0x20,0x35,0x70,0x78,0x3b,0x0a,0x20,0x20,0x20,0x20,0x62,0x6f,0x72,0x64,0x65,0x72,
0x3a,0x20,0x31,0x70,0x78,0x20,0x73,0x6f,0x6c,0x69,0x64,0x20,0x23,0x64,0x64,0x64,
0x3b,0x0a,0x20,0x20,0x20,0x20,0x62,0x6f,0x72,0x64,0x65,0x72,0x2d,0x72,0x61,0x64,
0x69,0x75,0x73,0x3a,0x20,0x34,0x70,0x78,0x3b,0x0a,0x7d,0x0a,0x0a,0x2e,0x6d,0x6f,
0x64,0x61,0x6c,0x20,0x62,0x75,0x74,0x74,0x6f,0x6e,0x20,0x7b,0x0a,0x20,0x20,0x20,
0x20,0x6d,0x61,0x72,0x67,0x69,0x6e,0x2d,0x74,0x6f,0x70,0x3a,0x20,0x31,0x35,0x70,
0x78,0x3b,0x0a,0x20,0x20,0x20,0x20,0x70,0x61,0x64,0x64,0x69,0x6e,0x67,0x3a,0x20,
0x31,0x30,0x70,0x78,0x3b,0x0a,0x20,0x20,0x20,0x20,0x62,0x6f,0x72,0x64,0x65,0x72,
0x3a,0x20,0x6e,0x6f,0x6e,0x65,0x3b,0x0a,0x20,0x20,0x20,0x20,0x62,0x61,0x63,0x6b,
0x67,0x72,0x6f,0x75,0x6e,0x64,0x3a,0x20,0x23,0x30,0x30,0x37,0x42,0x46,0x46,0x3b,
0x0a,0x20,0x20,0x20,0x20,0x63,0x6f,0x6c,0x6f,0x72,0x3a,0x20,0x77,0x68,0x69,0x74,
0x65,0x3b,0x0a,0x20,0x20,0x20,0x20,0x63,0x75,0x72,0x73,0x6f,0x72,0x3a,0x20,0x70,
0x6f,0x69,0x6e,0x74,0x65,0x72,0x3b,0x0a,0x20,0x20,0x20,0x20,0x77,0x69,0x64,0x74,
0x68,0x3a,0x20,0x31,0x30,0x30,0x25,0x3b,0x0a,0x7d,0x0a,0x0a,0x2e,0x77,0x73,0x2d,
0x64,0x69,0x76,0x20,0x7b,0x0a,0x20,0x20,0x20,0x20,0x66,0x6f,0x6e,0x74,0x2d,0x66,
0x61,0x6d,0x69,0x6c,0x79,0x3a,0x20,0x6d,0x6f,0x6e,0x6f,0x73,0x70,0x61,0x63,0x65,
0x3b,0x0a,0x20,0x20,0x20,0x20,0x66,0x6f,0x6e,0x74,0x2d,0x73,0x69,0x7a,0x65,0x3a,
0x20,0x31,0x2e,0x31,0x65,0x6d,0x3b,0x0a,0x20,0x20,0x20,0x20,0x77,0x68,0x69,0x74,
0x65,0x2d,0x73,0x70,0x61,0x63,0x65,0x3a,0x20,0x70,0x72,0x65,0x2d,0x77,0x72,0x61,
0x70,0x3b,0x0a,0x20,0x20,0x20,0x20,0x2f,0x2a,0x20,0x50,0x72,0x65,0x73,0x65,0x72,
0x76,0x65,0x73,0x20,0x77,0x68,0x69,0x74,0x65,0x73,0x70,0x61,0x63,0x65,0x20,0x61,
0x6e,0x64,0x20,0x77,0x72,0x61,0x70,0x73,0x20,0x6c,0x69,0x6e,0x65,0x73,0x20,0x2a,
0x2f,0x0a,0x20,0x20,0x20,0x20,0x70,0x61,0x64,0x64,0x69,0x6e,0x67,0x3a,0x20,0x31,
0x30,0x70,0x78,0x3b,0x0a,0x20,0x20,0x20,0x20,0x62,0x6f,0x72,0x64,0x65,0x72,0x3a,
0x20,0x31,0x70,0x78,0x20,0x73,0x6f,0x6c,0x69,0x64,0x20,0x23,0x63,0x63,0x63,0x3b,
0x0a,0x20,0x20,0x20,0x20,0x68,0x65,0x69,0x67,0x68,0x74,0x3a,0x20,0x32,0x30,0x30,
0x70,0x78,0x3b,0x0a,0x20,0x20,0x20,0x20,0x6f,0x76,0x65,0x72,0x66,0x6c,0x6f,0x77,
0x2d,0x79,0x3a,0x20,0x73,0x63,0x72,0x6f,0x6c,0x6c,0x3b,0x0a,0x7d,0x0a,0x0a,0x2f,
0x2a,0x20,0x53,0x6d,0x61,0x6c,0x6c,0x20,0x73,0x63,0x72,0x65,0x65,0x6e,0x3a,0x20,
0x4d,0x61,0x6b,0x65,0x20,0x72,0x6f,0x77,0x73,0x20,0x63,0x6c,0x69,0x63,0x6b,0x61,
0x62,0x6c,0x65,0x20,0x2a,0x2f,0x0a,0x40,0x6d,0x65,0x64,0x69,0x61,0x20,0x28,0x6d,
0x61,0x78,0x2d,0x77,0x69,0x64,0x74,0x68,0x3a,0x20,0x36,0x30,0x30,0x70,0x78,0x29,
0x20,0x7b,0x0a,0x20,0x20,0x20,0x20,0x74,0x64,0x20,0x7b,0x0a,0x20,0x20,0x20,0x20,
0x20,0x20,0x20,0x20,0x63,0x75,0x72,0x73,0x6f,0x72,0x3a,0x20,0x70,0x6f,0x69,0x6e,
0x74,0x65,0x72,0x3b,0x0a,0x20,0x20,0x20,0x20,0x7d,0x0a,0x7d,0x0a,0x0a,0x2e,0x73,
0x68,0x6f,0x77,0x2d,0x6f,0x6e,0x2d,0x69,0x6e,0x69,0x74,0x69,0x61,0x6c,0x2d,0x63,
0x6f,0x6e,0x66,0x69,0x67,0x20,0x7b,0x0a,0x20,0x20,0x20,0x20,0x64,0x69,0x73,0x70,
0x6c,0x61,0x79,0x3a,0x20,0x6e,0x6f,0x6e,0x65,0x3b,0x0a,0x7d,0x0a,0x0a,0x2e,0x68,
0x69,0x64,0x65,0x2d,0x6f,0x6e,0x2d,0x69,0x6e,0x69,0x74,0x69,0x61,0x6c,0x2d,0x63,
0x6f,0x6e,0x66,0x69,0x67,0x20,0x7b,0x0a,0x20,0x20,0x20,0x20,0x64,0x69,0x73,0x70,
0x6c,0x61,0x79,0x3a,0x20,0x62,0x6c,0x6f,0x63,0x6b,0x3b,0x0a,0x7d,0x0a,0x0a,0x2f,
0x2a,0x20,0x43,0x68,0x72,0x6f,0x6d,0x65,0x2c,0x20,0x53,0x61,0x66,0x61,0x72,0x69,
0x2c,0x20,0x45,0x64,0x67,0x65,0x2c,0x20,0x4f,0x70,0x65,0x72,0x61,0x20,0x2a,0x2f,
0x0a,0x69,0x6e,0x70,0x75,0x74,0x3a,0x3a,0x2d,0x77,0x65,0x62,0x6b,0x69,0x74,0x2d,
0x6f,0x75,0x74,0x65,0x72,0x2d,0x73,0x70,0x69,0x6e,0x2d,0x62,0x75,0x74,0x74,0x6f,
0x6e,0x2c,0x0a,0x69,0x6e,0x70,0x75,0x74,0x3a,0x3a,0x2d,0x77,0x65,0x62,0x6b,0x69,
0x74,0x2d,0x69,0x6e,0x6e,0x65,0x72,0x2d,0x73,0x70,0x69,0x6e,0x2d,0x62,0x75,0x74,
0x74,0x6f,0x6e,0x20,0x7b,0x0a,0x20,0x20,0x2d,0x77,0x65,0x62,0x6b,0x69,0x74,0x2d,
0x61,0x70,0x70,0x65,0x61,0x72,0x61,0x6e,0x63,0x65,0x3a,0x20,0x6e,0x6f,0x6e,0x65,
0x3b,0x0a,0x20,0x20,0x6d,0x61,0x72,0x67,0x69,0x6e,0x3a,0x20,0x30,0x3b,0x0a,0x7d,
0x0a,0x0a,0x2f,0x2a,0x20,0x46,0x69,0x72,0x65,0x66,0x6f,0x78,0x20,0x2a,0x2f,0x0a,
0x69,0x6e,0x70,0x75,0x74,0x5b,0x74,0x79,0x70,0x65,0x3d,0x6e,0x75,0x6d,0x62,0x65,
0x72,0x5d,0x20,0x7b,0x0a,0x20,0x20,0x2d,0x6d,0x6f,0x7a,0x2d,0x61,0x70,0x70,0x65,
0x61,0x72,0x61,0x6e,0x63,0x65,0x3a,0x20,0x74,0x65,0x78,0x74,0x66,0x69,0x65,0x6c,
0x64,0x3b,0x0a,0x7d,};



const struct fsdata_file file__404_html[] = { {
file_NULL,
data__404_html,
data__404_html + 12,
sizeof(data__404_html) - 12,
FS_FILE_FLAGS_HEADER_INCLUDED | FS_FILE_FLAGS_HEADER_PERSISTENT,
}};

const struct fsdata_file file__favicon_ico[] = { {
file__404_html,
data__favicon_ico,
data__favicon_ico + 16,
sizeof(data__favicon_ico) - 16,
FS_FILE_FLAGS_HEADER_INCLUDED | FS_FILE_FLAGS_HEADER_PERSISTENT,
}};

const struct fsdata_file file__index_html[] = { {
file__favicon_ico,
data__index_html,
data__index_html + 12,
sizeof(data__index_html) - 12,
FS_FILE_FLAGS_HEADER_INCLUDED | FS_FILE_FLAGS_HEADER_PERSISTENT,
}};

const struct fsdata_file file__slider_css[] = { {
file__index_html,
data__slider_css,
data__slider_css + 12,
sizeof(data__slider_css) - 12,
FS_FILE_FLAGS_HEADER_INCLUDED | FS_FILE_FLAGS_HEADER_PERSISTENT,
}};

const struct fsdata_file file__slider_js[] = { {
file__slider_css,
data__slider_js,
data__slider_js + 12,
sizeof(data__slider_js) - 12,
FS_FILE_FLAGS_HEADER_INCLUDED | FS_FILE_FLAGS_HEADER_PERSISTENT,
}};

const struct fsdata_file file__styles_css[] = { {
file__slider_js,
data__styles_css,
data__styles_css + 12,
sizeof(data__styles_css) - 12,
FS_FILE_FLAGS_HEADER_INCLUDED | FS_FILE_FLAGS_HEADER_PERSISTENT,
}};

#define FS_ROOT file__styles_css
#define FS_NUMFILES 6

